series_id,fund_name,lei,isin,isin_source,figi,share_class_figi,figi_ticker,class_id,class_name,resolution
S000000008,DREYFUS APPRECIATION FUND INC,549300TUIL1OUKJCE043,US2619701079,GLEIF,,,,,,unresolved
S000000008,DREYFUS APPRECIATION FUND INC,549300TUIL1OUKJCE043,US2619702069,GLEIF,,,,,,unresolved
S000000008,DREYFUS APPRECIATION FUND INC,549300TUIL1OUKJCE043,US2619703059,GLEIF,,,,,,unresolved
S000000039,Small Cap Growth Stock Portfolio,YTR2S467AP5XPLF6CQ13,US6681408257,SEC-NPORT,,,,,,unresolved
S000000041,Domestic Equity Portfolio,5493004TKKI7X6F71K84,US6681407911,SEC-NPORT,,,,,,unresolved
S000000047,Select Bond Portfolio,03DZ35VFRGD62UKLL347,US6681407598,SEC-NPORT,,,,,,unresolved
S000000049,Small Cap Value Portfolio,5493006BEZYY47A02J59,US6681408174,SEC-NPORT,,,,,,unresolved
S000000050,Mid Cap Growth Stock Portfolio,LIP0ME8UWTR611J45283,US6681408661,SEC-NPORT,,,,,,unresolved
S000000051,International Growth Portfolio,A7EFFZCFPQNSS1P3HZ68,US6681406848,SEC-NPORT,,,,,,unresolved
S000000051,International Growth Portfolio,A7EFFZCFPQNSS1P3HZ68,US69480V4692,SEC-NPORT,,,,,,unresolved
S000000052,International Equity Portfolio,5493009J2EF7GK480170,US6681406921,SEC-NPORT,,,,,,unresolved
S000000053,Mid Cap Value Portfolio,8TRVIGMWHSWZVXP7PI34,US6681407838,SEC-NPORT,,,,,,unresolved
S000000055,Focused Appreciation Portfolio,5493007QO6Z6UMWHLZ04,US6681407754,SEC-NPORT,,,,,,unresolved
S000000071,DREYFUS RESEARCH GROWTH FUND INC,549300FY88RGTLBBN315,US05588Q1013,GLEIF,BBG000BBW2K0,BBG001S64BL1,DREQX,C000000108,Class Z,figi-ticker-join
S000000071,DREYFUS RESEARCH GROWTH FUND INC,549300FY88RGTLBBN315,US05588Q2003,GLEIF,BBG000DGWNL0,BBG001T3TSL3,DWOAX,C000069523,Class A,figi-ticker-join
S000000071,DREYFUS RESEARCH GROWTH FUND INC,549300FY88RGTLBBN315,US05588Q3092,GLEIF,BBG000DGWPC5,BBG001T3TSP9,DWOCX,C000069524,Class C,figi-ticker-join
S000000071,DREYFUS RESEARCH GROWTH FUND INC,549300FY88RGTLBBN315,US05588Q4082,GLEIF,BBG000DGWPT7,BBG001T3TSR7,DWOIX,C000069525,Class I,figi-ticker-join
S000000071,DREYFUS RESEARCH GROWTH FUND INC,549300FY88RGTLBBN315,US05588Q5071,GLEIF,BBG004P19HM0,BBG004P19HP7,DRYQX,C000127666,Class Y,figi-ticker-join
S000000071,DREYFUS RESEARCH GROWTH FUND INC,549300FY88RGTLBBN315,US05588Q6061,GLEIF,BBG00GX79D31,BBG00GX79D40,DRYTX,,,unresolved
S000000078,DREYFUS MIDCAP INDEX FUND INC,549300YR5HQUSPUKYA70,US05588M1009,GLEIF,BBG00DR3LCJ5,BBG00DR3LCK3,DMIDX,C000172470,Class I,figi-ticker-join
S000000078,DREYFUS MIDCAP INDEX FUND INC,549300YR5HQUSPUKYA70,US05588M2098,GLEIF,BBG000BGKJB5,BBG001S70BG9,PESPX,C000000115,Investor Shares,figi-ticker-join
S000000090,DREYFUS MUNICIPAL BOND OPPORTUNITY FUND,54930076T2E57T3RHK59,US05589A1051,GLEIF,BBG000BBKH57,BBG001S5ZHB7,PTEBX,C000000131,Class A,figi-ticker-join
S000000090,DREYFUS MUNICIPAL BOND OPPORTUNITY FUND,54930076T2E57T3RHK59,US05589A2042,GLEIF,BBG000BQLMY0,BBG001SB4TL1,DMBCX,C000000133,Class C,figi-ticker-join
S000000090,DREYFUS MUNICIPAL BOND OPPORTUNITY FUND,54930076T2E57T3RHK59,US05589A3032,GLEIF,BBG000C28MX8,BBG001SN4B61,DMBZX,C000001400,Class Z,figi-ticker-join
S000000090,DREYFUS MUNICIPAL BOND OPPORTUNITY FUND,54930076T2E57T3RHK59,US05589A4022,GLEIF,BBG00DR3LDH5,BBG00DR3LDJ3,DMBVX,C000173300,Class I,figi-ticker-join
S000000090,DREYFUS MUNICIPAL BOND OPPORTUNITY FUND,54930076T2E57T3RHK59,US05589A5011,GLEIF,BBG00DR3LDY6,BBG00DR3LDZ5,DMBYX,C000173299,Class Y,figi-ticker-join
S000000093,DREYFUS NEW YORK AMT-FREE MUNICIPAL BOND FUND,549300YBPFHVLN151U25,US05588G1031,GLEIF,BBG004P16WN9,BBG004P16X02,DNYYX,C000130310,Class Y,figi-ticker-join
S000000093,DREYFUS NEW YORK AMT-FREE MUNICIPAL BOND FUND,549300YBPFHVLN151U25,US05588G2021,GLEIF,BBG00GX79S10,BBG00GX79S29,DNYTX,,,unresolved
S000000093,DREYFUS NEW YORK AMT-FREE MUNICIPAL BOND FUND,549300YBPFHVLN151U25,US05588G3011,GLEIF,BBG000B9XBT5,BBG001S5NTG9,PSNYX,C000000142,Class A,figi-ticker-join
S000000093,DREYFUS NEW YORK AMT-FREE MUNICIPAL BOND FUND,549300YBPFHVLN151U25,US05588G4001,GLEIF,BBG000BQS5T6,BBG001SB8L25,PNYCX,C000000144,Class C,figi-ticker-join
S000000093,DREYFUS NEW YORK AMT-FREE MUNICIPAL BOND FUND,549300YBPFHVLN151U25,US05588G5099,GLEIF,BBG000DHWBP0,BBG001T42VT5,DNYIX,C000073393,Class I,figi-ticker-join
S000000093,DREYFUS NEW YORK AMT-FREE MUNICIPAL BOND FUND,549300YBPFHVLN151U25,US05588G7079,GLEIF,BBG01J7XYD74,BBG01J9HB6M0,DNYAX,,,unresolved
S000000094,DREYFUS SHORT INTERMEDIATE MUNICIPAL BOND FUND,549300P27EHGFS25G732,US05589J1060,GLEIF,BBG000BC2D90,BBG001S64FT4,DSIBX,C000000147,Class D,figi-ticker-join
S000000094,DREYFUS SHORT INTERMEDIATE MUNICIPAL BOND FUND,549300P27EHGFS25G732,US05589J2050,GLEIF,BBG000BRRDF3,BBG001SBS2T6,DIMIX,C000073380,Class I,figi-ticker-join
S000000094,DREYFUS SHORT INTERMEDIATE MUNICIPAL BOND FUND,549300P27EHGFS25G732,US05589J3041,GLEIF,BBG000SW6WP4,BBG001T58SY7,DMBAX,C000079007,Class A Shares,figi-ticker-join
S000000094,DREYFUS SHORT INTERMEDIATE MUNICIPAL BOND FUND,549300P27EHGFS25G732,US05589J4031,GLEIF,BBG004P19K52,BBG004P19K61,DMYBX,C000130293,Class Y,figi-ticker-join
S000000094,DREYFUS SHORT INTERMEDIATE MUNICIPAL BOND FUND,549300P27EHGFS25G732,US05589J5020,GLEIF,BBG00GX7F6D8,BBG00GX7F6J2,DMBTX,,,unresolved
S000000095,DREYFUS THIRD CENTURY FUND INC,549300QQ876PDFBOND85,US09661D1028,GLEIF,BBG000BTPLP2,BBG001SFDKG7,DTCAX,C000000149,Class A,figi-ticker-join
S000000095,DREYFUS THIRD CENTURY FUND INC,549300QQ876PDFBOND85,US09661D2018,GLEIF,BBG000BTSDS4,BBG001SFGVM3,DTCCX,C000000151,Class C,figi-ticker-join
S000000095,DREYFUS THIRD CENTURY FUND INC,549300QQ876PDFBOND85,US09661D3008,GLEIF,BBG000BTJKF2,BBG001SF7SF8,DRTCX,C000000152,Class I,figi-ticker-join
S000000095,DREYFUS THIRD CENTURY FUND INC,549300QQ876PDFBOND85,US09661D4097,GLEIF,BBG000BBWMF2,BBG001S64FR6,DRTHX,C000000154,Class Z,figi-ticker-join
S000000095,DREYFUS THIRD CENTURY FUND INC,549300QQ876PDFBOND85,US09661D5086,GLEIF,BBG00DZDFP57,BBG00DZDFPH4,DTCYX,,,unresolved
S000000095,DREYFUS THIRD CENTURY FUND INC,549300QQ876PDFBOND85,US09661D6076,GLEIF,BBG00GX8RMR3,BBG00GX8RMS2,DRTTX,,,unresolved
S000000095,DREYFUS THIRD CENTURY FUND INC,549300QQ876PDFBOND85,US2620201002,GLEIF,,,,,,unresolved
S000000112,DREYFUS TREASURY & AGENCY CASH MANAGEMENT,549300MKKM9KT7BF6329,US2619081076,GLEIF,BBG000M9L8S4,BBG001S7PPY1,DTRXX,C000000251,Institutional Shares,figi-ticker-join
S000000112,DREYFUS TREASURY & AGENCY CASH MANAGEMENT,549300MKKM9KT7BF6329,US2619082066,GLEIF,BBG000M9L840,BBG001S8M8G0,DTVXX,C000000252,Investor Shares,figi-ticker-join
S000000112,DREYFUS TREASURY & AGENCY CASH MANAGEMENT,549300MKKM9KT7BF6329,US2619083056,GLEIF,BBG000M9NXL4,BBG001S9DZ23,DTAXX,C000000253,Administrative Shares,figi-ticker-join
S000000112,DREYFUS TREASURY & AGENCY CASH MANAGEMENT,549300MKKM9KT7BF6329,US2619084047,GLEIF,BBG000M9NXY0,BBG001S9DZ32,DTPXX,C000000254,Participant Shares,figi-ticker-join
S000000112,DREYFUS TREASURY & AGENCY CASH MANAGEMENT,549300MKKM9KT7BF6329,US2619085036,GLEIF,,,,,,unresolved
S000000112,DREYFUS TREASURY & AGENCY CASH MANAGEMENT,549300MKKM9KT7BF6329,US2619086026,GLEIF,,,,,,unresolved
S000000112,DREYFUS TREASURY & AGENCY CASH MANAGEMENT,549300MKKM9KT7BF6329,US2619088758,GLEIF,BBG00XZZ3H46,BBG00XZZ3H55,DTNXX,,,unresolved
S000000112,DREYFUS TREASURY & AGENCY CASH MANAGEMENT,549300MKKM9KT7BF6329,US2619088832,GLEIF,BBG00XZZ3HY3,BBG00XZZ3HZ2,DTKXX,,,unresolved
S000000113,DREYFUS TREASURY SECURITIES CASH MANAGEMENT,549300U78VESCW509025,US2619411083,GLEIF,BBG000M9KQJ5,BBG001S7PQ24,DIRXX,C000000255,Institutional Shares,figi-ticker-join
S000000113,DREYFUS TREASURY SECURITIES CASH MANAGEMENT,549300U78VESCW509025,US2619412073,GLEIF,BBG000M9NYX9,BBG001S8M8H9,DVRXX,C000000256,Investor Shares,figi-ticker-join
S000000113,DREYFUS TREASURY SECURITIES CASH MANAGEMENT,549300U78VESCW509025,US2619413063,GLEIF,BBG000M9KPR8,BBG001S9DZ50,DARXX,C000000257,Administrative Shares,figi-ticker-join
S000000113,DREYFUS TREASURY SECURITIES CASH MANAGEMENT,549300U78VESCW509025,US2619414053,GLEIF,BBG000MBLHG2,BBG001S9DYH0,DPRXX,C000000258,Participant Shares,figi-ticker-join
S000000113,DREYFUS TREASURY SECURITIES CASH MANAGEMENT,549300U78VESCW509025,US2619416033,GLEIF,BBG00XZZ3PW7,BBG00XZZ3PX6,DTJXX,,,unresolved
S000000113,DREYFUS TREASURY SECURITIES CASH MANAGEMENT,549300U78VESCW509025,US2619417023,GLEIF,BBG00XZZ3JV2,BBG00XZZ3JW1,DTHXX,,,unresolved
S000000113,DREYFUS TREASURY SECURITIES CASH MANAGEMENT,549300U78VESCW509025,US2620233021,GLEIF,BBG01TV3V2X9,BBG01TW6L1G3,TKNXX,,,unresolved
S000000161,INVESCO Dividend Income Fund,549300JLHJFMJ0THOB75,US00143M3566,SEC-NPORT,BBG003D8VJW0,BBG003D8VJX9,IFUTX,C000120718,Class R6,figi-ticker-join
S000000173,Premier Portfolio,54930008H3X1FEUL6Y34,US00142W1080,GLEIF,BBG000BD0L10,BBG001S6D2Y7,IMRXX,C000000397,Investor Class,figi-ticker-join
S000000176,Premier U.S. Government Money Portfolio,549300TCMEM5428K3T88,US00142W8432,SEC-NPORT,BBG000BZLZG1,BBG001SKBDT0,IUGXX,,,unresolved
S000000185,INVESCO V.I. Government Money Market Fund,549300BTSK7KTYK5O237,US0088926060,SEC-NPORT,BBG000KTNV09,BBG001T435H4,VAMMS1V,,,unresolved
S000000220,Government & Agency Portfolio,5493007T1J7WZ5QI1A47,US8252528851,SEC-NPORT,BBG000Q9JJD5,BBG001SMGMP5,AGPXX,,,unresolved
S000000220,Government & Agency Portfolio,5493007T1J7WZ5QI1A47,US8252571083,GLEIF,,,,,,unresolved
S000000221,Government TaxAdvantage Portfolio,549300AX0P1O1RVENL43,US8252525055,SEC-NPORT,BBG000Q9JGX9,BBG001SMGML9,TSPXX,,,unresolved
S000000224,Treasury Portfolio,5493004B3TM8ZIDDDC39,US8252524066,SEC-NPORT,BBG000Q9JHJ3,BBG001SMGMM8,TRPXX,,,unresolved
S000000227,INVESCO European Growth Fund,549300O4QWKZLQY6N775,US00889A8229,SEC-NPORT,BBG00GGMHM65,BBG00GGMHM74,AEGSX,,,unresolved
S000000230,INVESCO International Growth Fund,5493009RN0Z1H173QY77,US00889A4004,SEC-NPORT,BBG003D50FX7,BBG003D50FY6,IGFRX,C000120687,Class R6,figi-ticker-join
S000000235,INVESCO Global Health Care Fund,549300BBEGFRGDDJRQ35,US00141T1060,GLEIF,BBG000BB57D7,BBG001S5RQY1,GGHCX,C000000565,Class A,figi-ticker-join
S000000243,INVESCO High Yield Fund,K4CRNVC5562BHJUYJG07,US0014215935,SEC-NPORT,BBG003D50F12,BBG003D50F21,HYIFX,C000120675,Class R6,figi-ticker-join
S000000253,INVESCO Government Money Market Fund,549300FZWHBQKHBZX613,US0014211066,GLEIF,BBG000BF3679,BBG001S6LMQ3,ACZXX,C000085152,CLASS AX,figi-ticker-join
S000000253,INVESCO Government Money Market Fund,549300FZWHBQKHBZX613,US00142C7719,SEC-NPORT,BBG000BFLYK3,BBG001S6PRN1,AIMXX,C000000611,Invesco Cash Reserve,figi-ticker-join
S000000277,Invesco Charter Fund,5493005UW26U9YKKBC24,US0014131033,GLEIF,BBG000BC12J4,BBG001S650X1,CHTRX,C000000677,Class A,figi-ticker-join
S000000277,Invesco Charter Fund,5493005UW26U9YKKBC24,US00141B3033,GLEIF,BBG000DF6D60,BBG001T3M996,CHTYX,C000069441,Class Y,figi-ticker-join
S000000281,Invesco Diversified Dividend Fund,549300JB28XKVQDIFP47,US0014131785,GLEIF,BBG000R0SSB5,BBG001SPTFV2,DDFIX,C000021945,CLASS R5,figi-ticker-join
S000000281,Invesco Diversified Dividend Fund,549300JB28XKVQDIFP47,US0014131868,GLEIF,BBG000R0SS61,BBG001SPTFS6,DDFRX,C000029594,Class R,figi-ticker-join
S000000281,Invesco Diversified Dividend Fund,549300JB28XKVQDIFP47,US0014131942,GLEIF,BBG000QXYTP0,BBG001SP8BB6,LCEIX,C000029595,Investor Class,figi-ticker-join
S000000281,Invesco Diversified Dividend Fund,549300JB28XKVQDIFP47,US00141B2043,GLEIF,BBG000SFFF87,BBG001T3MBT9,LCEYX,C000069443,Class Y,figi-ticker-join
S000000378,Dreyfus Institutional Preferred Treasury Securities Money Market Fund,549300DSYV8MU0X3LK77,US1773665070,SEC-NPORT,BBG000NSSC96,BBG001SKX9H8,CEAXX,C000000975,Hamilton Shares,figi-ticker-join
S000000461,Dreyfus Opportunistic Midcap Value Fund,549300XSOPMF9SPVYS44,US05587N6461,GLEIF,BBG000BQ4200,BBG001S9N751,DMCVX,C000001288,Class A,figi-ticker-join
S000000498,Dreyfus Strategic Value Fund,549300SDV4Y0Z7K4RZ40,US05587N6537,GLEIF,BBG000PDBFX1,BBG001SK9299,DRGVX,C000001361,Dreyfus Strategic Value Fund - Class I,figi-ticker-join
S000000498,Dreyfus Strategic Value Fund,549300SDV4Y0Z7K4RZ40,US05587N6610,GLEIF,BBG000PDBFG0,BBG001SK9244,DCGVX,C000001360,Dreyfus Strategic Value Fund - Class C,figi-ticker-join
S000000498,Dreyfus Strategic Value Fund,549300SDV4Y0Z7K4RZ40,US05587N6792,GLEIF,BBG000GVFV17,BBG001S91HZ0,DAGVX,C000001358,Dreyfus Strategic Value Fund - Class A,figi-ticker-join
S000000498,Dreyfus Strategic Value Fund,549300SDV4Y0Z7K4RZ40,US05587N7030,GLEIF,BBG004P19KH9,BBG004P19KJ7,DRGYX,C000130427,Class Y,figi-ticker-join
S000000500,Dreyfus Technology Growth Fund,549300ZJDN7W77ZD9274,US05587N5620,GLEIF,BBG000DPKP65,BBG001SDWS01,DGVRX,C000001371,Dreyfus Technology Growth Fund - Class I,figi-ticker-join
S000000500,Dreyfus Technology Growth Fund,549300ZJDN7W77ZD9274,US05587N5703,GLEIF,BBG000D5PQ08,BBG001SD29Y9,DTGCX,C000001370,Dreyfus Technology Growth Fund - Class C,figi-ticker-join
S000000500,Dreyfus Technology Growth Fund,549300ZJDN7W77ZD9274,US05587N5885,GLEIF,BBG000BR1R60,BBG001S9N2B5,DTGRX,C000001368,Dreyfus Technology Growth Fund - Class A,figi-ticker-join
S000000500,Dreyfus Technology Growth Fund,549300ZJDN7W77ZD9274,US05587N6875,GLEIF,BBG00DZDFZH2,BBG00DZDFZJ0,DTEYX,,,unresolved
S000000502,Sparrow Growth Fund,549300XDSEM51EDGX785,US8465711070,GLEIF,BBG000DQ9DG2,BBG001SGH4S4,SGFFX,C000001374,Class A,figi-ticker-join
S000000502,Sparrow Growth Fund,549300XDSEM51EDGX785,US8465712060,GLEIF,BBG000RLYBC8,BBG001STTRN7,SGNFX,C000001375,No Load,figi-ticker-join
S000000502,Sparrow Growth Fund,549300XDSEM51EDGX785,US8465714041,GLEIF,BBG002CWG9Z6,BBG002CWGB09,SGFCX,C000109530,Class C,figi-ticker-join
S000000582,BARON ASSET FUND,54930015OV8URGQ4FJ88,US0682781002,GLEIF,BBG000BBPKM6,BBG001S61JZ2,BARAX,C000001635,BARON ASSET FUND,figi-ticker-join
S000000582,BARON ASSET FUND,54930015OV8URGQ4FJ88,US0682786050,SEC-NPORT,BBG000D6HDW9,BBG001T14DL7,BARIX,C000077818,Institutional Shares,figi-ticker-join
S000000583,BARON GROWTH FUND,5493003RB1W6V2NH4T78,US0682782091,GLEIF,BBG000KDPR01,BBG001SCQW47,BGRFX,C000001636,BARON GROWTH FUND,figi-ticker-join
S000000583,BARON GROWTH FUND,5493003RB1W6V2NH4T78,US0682787041,SEC-NPORT,BBG000R6JS59,BBG001T14DQ2,BGRIX,C000077819,Institutional Shares,figi-ticker-join
S000000584,BARON SMALL CAP FUND,549300J4GU34YVCWNB33,US0682788031,SEC-NPORT,BBG000GZ4V29,BBG001T3HFK5,BSFIX,C000077820,Institutional Shares,figi-ticker-join
S000000585,BARON OPPORTUNITY FUND,549300LI07XXLQJOMB12,US0682788866,SEC-NPORT,BBG000KMYCG7,BBG001T33X76,BIOIX,C000077821,Institutional Shares,figi-ticker-join
S000000586,BARON FIFTH AVENUE GROWTH FUND,549300RUQIM7AB0VG234,US0682788783,SEC-NPORT,BBG000S4Q591,BBG001T14DP3,BFTIX,C000077822,Institutional Shares,figi-ticker-join
S000000588,Baron Partners Fund,5493002YV1IT31ORPG23,US06828M1080,GLEIF,BBG000NB90H1,BBG001SKPXG5,BPTRX,C000001642,Baron Partners Fund,figi-ticker-join
S000000588,Baron Partners Fund,5493002YV1IT31ORPG23,US06828M4050,SEC-NPORT,BBG000SD6JT1,BBG001T3D5C0,BPTIX,C000077805,Institutional Shares,figi-ticker-join
S000000610,Nuveen NWQ International Value Fund,549300IQ9XRWZ19H7R36,US67065W8038,SEC-NPORT,BBG000BFV856,BBG001S8ZC13,NGRRX,C000001723,Nuveen NWQ International Value Fund - Class I,figi-ticker-join
S000000629,Balanced Fund,549300IJG3H8UXX20270,US47803P1049,GLEIF,BBG000BJ0DF0,BBG001S77CS7,SVBAX,C000001788,Class A,figi-ticker-join
S000000630,Fundamental Large Cap Core Fund,5493004HR263O5OQBP41,US47803N5547,SEC-NPORT,BBG00MDXNPP6,BBG00MDXNPQ5,JLCNX,,,unresolved
S000000635,Regional Bank Fund,549300XZFPM56FD49H78,US4099051066,GLEIF,BBG000BH6DX8,BBG001S72JQ9,FRBAX,C000001813,Class A,figi-ticker-join
S000000646,John Hancock Bond Fund,WKGWVLWSOXTPDPZACG18,US4102236068,SEC-NPORT,BBG00215F8H0,BBG00215F8J8,JHBSX,C000106442,Class R6,figi-ticker-join
S000000652,John Hancock Tax-Free Bond Fund,549300EG7SVDO7DEYC22,US41013Y1047,GLEIF,BBG000BF2KV2,BBG001S6LJF2,TAMBX,C000001877,Class A,figi-ticker-join
S000000682,Harbor Bond Fund,EOW1NK32RWEIMTVXK597,US4115111084,GLEIF,BBG000BBD329,BBG001S5VZD9,HABDX,C000001976,Institutional Class,figi-ticker-join
S000000682,Harbor Bond Fund,EOW1NK32RWEIMTVXK597,US4115121893,GLEIF,BBG00KK724G9,BBG00KK724Q8,HBFRX,,,unresolved
S000000693,MFS Government Securities Fund,UWWK6TDSOPDQSQMMEB12,US55278M1009,GLEIF,BBG001PJBZF2,BBG001V1C0V2,NDVAX,,,unresolved
S000000693,MFS Government Securities Fund,UWWK6TDSOPDQSQMMEB12,US55278M2098,GLEIF,BBG001PJBZX2,BBG001V1C104,NDVBX,,,unresolved
S000000693,MFS Government Securities Fund,UWWK6TDSOPDQSQMMEB12,US55278M3088,GLEIF,BBG001PJC095,BBG001V1C122,NDVCX,,,unresolved
S000000693,MFS Government Securities Fund,UWWK6TDSOPDQSQMMEB12,US55278M4078,GLEIF,BBG001PJC0S4,BBG001V1C159,NDVIX,,,unresolved
S000000693,MFS Government Securities Fund,UWWK6TDSOPDQSQMMEB12,US55278M5067,GLEIF,BBG001PJC120,BBG001V1C195,NDVRX,,,unresolved
S000000693,MFS Government Securities Fund,UWWK6TDSOPDQSQMMEB12,US55278M6057,GLEIF,BBG001PJC175,BBG001V1C1C1,NDVSX,,,unresolved
S000000693,MFS Government Securities Fund,UWWK6TDSOPDQSQMMEB12,US55278M7048,GLEIF,BBG001PJC1K0,BBG001V1C1F8,NDVTX,,,unresolved
S000000693,MFS Government Securities Fund,UWWK6TDSOPDQSQMMEB12,US55278M8038,GLEIF,BBG001PJC1S2,BBG001V1C1H6,NDVUX,,,unresolved
S000000693,MFS Government Securities Fund,UWWK6TDSOPDQSQMMEB12,US5529827124,SEC-NPORT,BBG003519HR9,BBG003519HW3,MFGKX,C000117927,R6,figi-ticker-join
S000000696,Massachusetts Investors Trust,AJBT5D8OO5U653H85K80,US5757361036,GLEIF,BBG000BC9L22,BBG001S65V90,MITTX,C000002037,A,figi-ticker-join
S000000696,Massachusetts Investors Trust,AJBT5D8OO5U653H85K80,US5757362026,GLEIF,BBG000BMNZ69,BBG001S7V2D8,MITBX,C000002042,B,figi-ticker-join
S000000696,Massachusetts Investors Trust,AJBT5D8OO5U653H85K80,US5757363016,GLEIF,BBG000BPXHC4,BBG001S9LD14,MITCX,C000002043,C,figi-ticker-join
S000000696,Massachusetts Investors Trust,AJBT5D8OO5U653H85K80,US5757364006,GLEIF,BBG000BQHC86,BBG001SB2WQ1,MITIX,C000002044,I,figi-ticker-join
S000000696,Massachusetts Investors Trust,AJBT5D8OO5U653H85K80,US5757366084,GLEIF,,,,,,unresolved
S000000696,Massachusetts Investors Trust,AJBT5D8OO5U653H85K80,US5757367074,GLEIF,,,,,,unresolved
S000000696,Massachusetts Investors Trust,AJBT5D8OO5U653H85K80,US5757368064,GLEIF,,,,,,unresolved
S000000696,Massachusetts Investors Trust,AJBT5D8OO5U653H85K80,US5757368148,GLEIF,BBG008H7JF40,BBG008H7JF59,MITJX,C000113374,R6,figi-ticker-join
S000000696,Massachusetts Investors Trust,AJBT5D8OO5U653H85K80,US5757368304,GLEIF,BBG000C22K22,BBG001SMFHR5,MITDX,C000002038,R4,figi-ticker-join
S000000696,Massachusetts Investors Trust,AJBT5D8OO5U653H85K80,US5757368486,GLEIF,BBG000C22JQ9,BBG001SMFFG1,MITHX,C000002049,R3,figi-ticker-join
S000000696,Massachusetts Investors Trust,AJBT5D8OO5U653H85K80,US5757368551,GLEIF,BBG000C22CH4,BBG001SMF8J4,MITGX,C000002046,R1,figi-ticker-join
S000000696,Massachusetts Investors Trust,AJBT5D8OO5U653H85K80,US5757368635,GLEIF,BBG000BSMPM1,BBG001SD9V00,MIRTX,C000002048,R2,figi-ticker-join
S000000696,Massachusetts Investors Trust,AJBT5D8OO5U653H85K80,US5757368890,GLEIF,,,,,,unresolved
S000000697,Clearwater Core Equity Fund,549300K5X0AWHU0I8R11,US18533P1021,GLEIF,BBG001F8LJJ8,BBG001V08SB0,QWVPX,C000002050,Clearwater Core Equity Fund,unique-pairing
S000000700,Thrivent Aggressive Allocation Fund,0B3VFSO8N3UPFT234F08,US8858822583,GLEIF,BBG000H5Z7H7,BBG001SP3TN9,TAAIX,C000002054,Class S,figi-ticker-join
S000000700,Thrivent Aggressive Allocation Fund,0B3VFSO8N3UPFT234F08,US8858823326,GLEIF,BBG000BBLMV6,BBG001S64268,TAAAX,C000002053,Class A,figi-ticker-join
S000000701,Thrivent Balanced Income Plus Fund,382LN73IHPB5WUM3B285,US8858824076,GLEIF,BBG000BHXC42,BBG001S7SF25,AABFX,C000002055,Class A,figi-ticker-join
S000000701,Thrivent Balanced Income Plus Fund,382LN73IHPB5WUM3B285,US8858826055,GLEIF,BBG000GJHYR8,BBG001SK6GN5,IBBFX,C000002056,Class S,figi-ticker-join
S000000702,Thrivent Opportunity Income Plus Fund,OFQ11CZAX8IFCC8SYQ16,US8858827046,GLEIF,BBG000BBYJK1,BBG001S64PS3,AAINX,C000002058,Class A,figi-ticker-join
S000000702,Thrivent Opportunity Income Plus Fund,OFQ11CZAX8IFCC8SYQ16,US8858828861,GLEIF,BBG000BTWDH1,BBG001SFKLP7,IIINX,C000002059,Class S,figi-ticker-join
S000000718,American Beacon Balanced Fund,549300280K2PWQ7CP205,US02368A1097,GLEIF,BBG000BDX350,BBG001S6K9X5,AADBX,C000002089,Institutional Class,figi-ticker-join
S000000753,Baird Aggregate Bond Fund,549300NWEXVVDQ3ROW37,US0570718546,SEC-NPORT,BBG000DCMWC0,BBG001SG97W1,BAGIX,,,unresolved
S000000754,Baird Core Plus Bond Fund,549300S4MBFCLLUH2X28,US0570718702,SEC-NPORT,BBG000BKX4J7,BBG001S90T30,BCOIX,,,unresolved
S000000757,Baird Short-Term Bond Fund,5493001CJOVRFMYFIJ62,US0570714099,SEC-NPORT,BBG000Q60X40,BBG001SM8KZ7,BSBIX,C000002171,Institutional,figi-ticker-join
S000000757,Baird Short-Term Bond Fund,5493001CJOVRFMYFIJ62,US0570717225,SEC-NPORT,BBG005NN77X3,BBG005NN77W4,BUBIX,,,unresolved
S000000757,Baird Short-Term Bond Fund,5493001CJOVRFMYFIJ62,US0570718546,SEC-NPORT,BBG000DCMWC0,BBG001SG97W1,BAGIX,,,unresolved
S000000757,Baird Short-Term Bond Fund,5493001CJOVRFMYFIJ62,US0570718702,SEC-NPORT,BBG000BKX4J7,BBG001S90T30,BCOIX,,,unresolved
S000000765,MFS New Discovery Fund,ZVEMRLDGMDO1D1VDSU87,US55273H3460,SEC-NPORT,BBG002ZXTHR6,BBG002ZXTHT4,MNDKX,C000075013,R6,figi-ticker-join
S000000766,MFS Research International Fund,UH91KW1VFNZQF5FY7237,US55273H3619,SEC-NPORT,BBG000GP36G2,BBG001SQZV84,MRSKX,C000034436,R6,figi-ticker-join
S000000769,MFS Value Fund,HV6C0RMURVKFUQ3UTB42,US55273H3536,SEC-NPORT,BBG000J8JWR1,BBG001SQZV93,MEIKX,C000033014,R6,figi-ticker-join
S000000778,Putnam Dynamic Asset Allocation Balanced Fund,549300QO7FH593DLXC23,US7464443065,GLEIF,BBG000CBH9R4,BBG001S80222,PABAX,C000002307,Class A shares,figi-ticker-join
S000000779,Putnam Dynamic Asset Allocation Conservative Fund,549300NETFHIDLGCN871,US7464445045,GLEIF,BBG000BKQD50,BBG001S80WX2,PACAX,C000002313,Class A shares,figi-ticker-join
S000000780,Putnam Dynamic Asset Allocation Growth Fund,54930008K7GIJC4BGQ63,US7464441085,GLEIF,BBG000BKMRS8,BBG001S80240,PAEAX,C000002319,Class A shares,figi-ticker-join
S000000786,Victory INCORE Investment Grade Convertible Fund,549300ZE7EDX9F7SCK90,US92647Q1572,GLEIF,BBG00VDHPNG4,BBG00VDHPNH3,SBFMX,,,unresolved
S000000792,Victory INCORE Fund for Income,549300Q6NPQ3FQP3QL05,US92647Q1242,GLEIF,BBG00VDHPND7,BBG00VDHPNF5,VFFMX,,,unresolved
S000000834,Provident Trust Strategy Fund,549300O8PFUI9ZS2JF07,US30250T1007,GLEIF,,,,C000002449,Provident Trust Strategy Fund,unique-pairing
S000000949,DFA REAL ESTATE SECURITIES PORTFOLIO,5493005AU0YD5OZ5Q074,US2332038353,SEC-NPORT,BBG000BG6DZ8,BBG001S7N782,DFREX,C000002700,DFA REAL ESTATE SECURITIES PORTFOLIO - INSTITUTIONAL CLASS,figi-ticker-join
S000000950,DFA INTERNATIONAL SMALL CAP VALUE PORTFOLIO,5493006TUU88J5MAL716,US2332037363,SEC-NPORT,BBG000DZXG32,BBG001S8FNN7,DISVX,C000002701,DFA INTERNATIONAL SMALL CAP VALUE PORTFOLIO - INSTITUTIONAL CLASS,figi-ticker-join
S000000951,VA INTERNATIONAL SMALL PORTFOLIO,549300L65QJ1CSWCQP78,US2332036860,SEC-NPORT,,,,,,unresolved
S000000952,VA INTERNATIONAL VALUE PORTFOLIO,549300D60F35JHOLZC40,US2332036944,SEC-NPORT,,,,,,unresolved
S000000953,VA U.S. TARGETED VALUE PORTFOLIO,549300FXNLNWXX8GOF08,US2332037108,SEC-NPORT,,,,,,unresolved
S000000954,VA SHORT-TERM FIXED PORTFOLIO,54930073N9LBHNXWZ342,US2332036787,SEC-NPORT,,,,,,unresolved
S000000955,DFA TWO-YEAR GLOBAL FIXED INCOME PORTFOLIO,549300PFM0BC0V0V1O39,US2332036456,SEC-NPORT,BBG000BC3PX5,BBG001S6D3W7,DFGFX,C000002706,DFA TWO-YEAR GLOBAL FIXED INCOME PORTFOLIO - INSTITUTIONAL CLASS,figi-ticker-join
S000000959,EMERGING MARKETS VALUE PORTFOLIO,549300OEB4XQZVYW1N97,US2332035870,SEC-NPORT,BBG000BJR9Q8,BBG001S8Y859,DFEVX,C000002710,EMERGING MARKETS VALUE PORTFOLIO - INSTITUTIONAL CLASS,figi-ticker-join
S000000961,VA U.S. LARGE VALUE PORTFOLIO,5493009RP5M5MDNTGN49,US2332037777,SEC-NPORT,,,,,,unresolved
S000000962,VA GLOBAL BOND PORTFOLIO,549300RNZ8LGJZGXLR91,US2332037280,SEC-NPORT,,,,,,unresolved
S000000967,INTERNATIONAL SMALL COMPANY PORTFOLIO,5493001J4NVI3L3AP896,US2332036290,SEC-NPORT,BBG000BLMV07,BBG001S9BDS6,DFISX,C000002718,INTERNATIONAL SMALL COMPANY PORTFOLIO - INSTITUTIONAL CLASS,figi-ticker-join
S000000968,DFA ONE-YEAR FIXED INCOME PORTFOLIO,549300GKDX6U5530VA30,US2332036035,SEC-NPORT,BBG000BC2L10,BBG001S655V2,DFIHX,C000002719,DFA ONE-YEAR FIXED INCOME PORTFOLIO - INSTITUTIONAL CLASS,figi-ticker-join
S000000969,DFA FIVE-YEAR GLOBAL FIXED INCOME PORTFOLIO,549300QPDV7M7W45YC55,US2332038841,SEC-NPORT,BBG000BFQ095,BBG001S6RDD1,DFGBX,C000002720,DFA FIVE-YEAR GLOBAL FIXED INCOME PORTFOLIO - INSTITUTIONAL CLASS,figi-ticker-join
S000000970,U.S. Targeted Value Portfolio,549300W1VP3NQECABJ14,US2332035953,SEC-NPORT,BBG000C282S8,BBG001SDM655,DFFVX,C000002721,U.S. Targeted Value Portfolio - Institutional Class,figi-ticker-join
S000000971,U.S. SMALL CAP PORTFOLIO,54930002ZNZ4W0THTP70,US2332038437,SEC-NPORT,BBG000BGVGL8,BBG001S71N72,DFSTX,C000002722,U.S. SMALL CAP PORTFOLIO - INSTITUTIONAL CLASS,figi-ticker-join
S000000978,EMERGING MARKETS CORE EQUITY PORTFOLIO,549300JF8HO6EL9ROR31,US2332034212,SEC-NPORT,BBG000C3LDD3,BBG001SL75Z3,DFCEX,C000002729,EMERGING MARKETS CORE EQUITY PORTFOLIO - INSTITUTIONAL CLASS,figi-ticker-join
S000000979,U.S. CORE EQUITY 1 PORTFOLIO,549300HFCYX77UDJN369,US2332034139,SEC-NPORT,BBG000K5F981,BBG001SPPQ15,DFEOX,C000002730,U.S. CORE EQUITY 1 PORTFOLIO - INSTITUTIONAL CLASS,figi-ticker-join
S000000980,U.S. CORE EQUITY 2 PORTFOLIO,549300ADSTXJ0S61X417,US2332033974,SEC-NPORT,BBG000K5GDB7,BBG001SPPQ33,DFQTX,C000002731,U.S. CORE EQUITY 2 PORTFOLIO - INSTITUTIONAL CLASS,figi-ticker-join
S000000981,EMERGING MARKETS SMALL CAP PORTFOLIO,549300PL1B31OH2SW465,US2332036118,SEC-NPORT,BBG000FFTH73,BBG001SGTFM2,DEMSX,C000002732,EMERGING MARKETS SMALL CAP PORTFOLIO - INSTITUTIONAL CLASS,figi-ticker-join
S000000983,INTERNATIONAL CORE EQUITY PORTFOLIO,5493006PNAH8EX4MI695,US2332033719,SEC-NPORT,BBG000K5FB13,BBG001SPPQ24,DFIEX,C000002734,INTERNATIONAL CORE EQUITY PORTFOLIO - INSTITUTIONAL CLASS,figi-ticker-join
S000000985,LARGE CAP INTERNATIONAL PORTFOLIO,549300YQLH5F7D7ZFY39,US2332038684,SEC-NPORT,BBG000BHBT30,BBG001S73L56,DFALX,C000002736,LARGE CAP INTERNATIONAL PORTFOLIO - INSTITUTIONAL CLASS,figi-ticker-join
S000000986,DFA INTERMEDIATE GOVERNMENT FIXED INCOME PORTFOLIO,5493002LBS0SC8B6NR25,US2332038767,SEC-NPORT,BBG000BBQ423,BBG001S61VZ5,DFIGX,C000002737,DFA INTERMEDIATE GOVERNMENT FIXED INCOME PORTFOLIO - INSTITUTIONAL CLASS,figi-ticker-join
S000001014,U.S. LARGE COMPANY PORTFOLIO,549300FK54SMFUX28R78,US25434D8231,SEC-NPORT,BBG000BSYK94,BBG001SF53J1,DFUSX,C000002765,U.S. LARGE COMPANY PORTFOLIO,figi-ticker-join
S000001019,U.S. LARGE CAP VALUE PORTFOLIO III,549300LCHLLY9TI7CF77,US25434D8074,SEC-NPORT,BBG000BFTSZ2,BBG001S7L4G2,DFUVX,C000002773,U.S. LARGE CAP VALUE PORTFOLIO III,figi-ticker-join
S000001022,DFA INTERNATIONAL VALUE PORTFOLIO,5493005OJUKPZKZ8HR88,US25434D2036,SEC-NPORT,BBG000BGZJT0,BBG001S7R797,DFIVX,C000002776,DFA INTERNATIONAL VALUE PORTFOLIO- INSTITUTIONAL CLASS,figi-ticker-join
S000001025,DFA INTERNATIONAL VALUE PORTFOLIO III,549300G7XT8DDPZCZM51,US25434D7084,SEC-NPORT,BBG000BFTSP3,BBG001S7L4F3,DFVIX,C000002779,DFA INTERNATIONAL VALUE PORTFOLIO III,figi-ticker-join
S000001045,WILSHIRE LARGE COMPANY GROWTH PORTFOLIO,5493008FBDJM8LYZ8S38,US9718971032,GLEIF,BBG000G8GQ27,BBG001S8S6K3,DTLGX,C000002805,INVESTMENT CLASS,figi-ticker-join
S000001045,WILSHIRE LARGE COMPANY GROWTH PORTFOLIO,5493008FBDJM8LYZ8S38,US9718975090,SEC-NPORT,BBG000JF5GT3,BBG001SB3F23,WLCGX,C000002806,INSTITUTIONAL CLASS,figi-ticker-join
S000001046,WILSHIRE LARGE COMPANY VALUE PORTFOLIO,549300R5VB4N123U8M16,US9718972022,GLEIF,BBG000G8GQQ1,BBG001S8S6L2,DTLVX,C000002807,INVESTMENT CLASS,figi-ticker-join
S000001046,WILSHIRE LARGE COMPANY VALUE PORTFOLIO,549300R5VB4N123U8M16,US9718976080,SEC-NPORT,BBG000JF5HH4,BBG001SB3F41,WLCVX,C000002808,INSTITUTIONAL CLASS,figi-ticker-join
S000001047,WILSHIRE SMALL COMPANY GROWTH PORTFOLIO,549300NUJF1F83U7EL24,US9718973012,GLEIF,BBG000BJNF79,BBG001S7BC66,DTSGX,C000002809,INVESTMENT CLASS,figi-ticker-join
S000001047,WILSHIRE SMALL COMPANY GROWTH PORTFOLIO,549300NUJF1F83U7EL24,US9718977070,SEC-NPORT,BBG000BQV7M5,BBG001SBB1H9,WSMGX,C000002810,INSTITUTIONAL CLASS,figi-ticker-join
S000001048,WILSHIRE SMALL COMPANY VALUE PORTFOLIO,549300JKYPHEBZ3HT292,US9718974002,GLEIF,BBG000BJNFK4,BBG001S7BC84,DTSVX,C000002811,INVESTMENT CLASS,figi-ticker-join
S000001048,WILSHIRE SMALL COMPANY VALUE PORTFOLIO,549300JKYPHEBZ3HT292,US9718978060,SEC-NPORT,BBG000BQJ9Q1,BBG001SB3F32,WSMVX,C000002812,INSTITUTIONAL CLASS,figi-ticker-join
S000001057,COMSTOCK CAPITAL VALUE FUND,549300J5TK23MN95B377,US20567T1097,GLEIF,BBG000C4HLQ4,BBG001SSJF83,COMVX,C000073498,Class AAA,figi-ticker-join
S000001069,"GAMCO INTERNATIONAL GROWTH FUND, INC",549300IG0MENN5J7TQ80,US3646451019,GLEIF,BBG000FG7F60,BBG001S8KDV4,GIGRX,C000002883,CLASS AAA,figi-ticker-join
S000001069,"GAMCO INTERNATIONAL GROWTH FUND, INC",549300IG0MENN5J7TQ80,US3646452009,GLEIF,BBG000MWZBJ1,BBG001SGBXY9,GAIGX,C000002882,CLASS A,figi-ticker-join
S000001069,"GAMCO INTERNATIONAL GROWTH FUND, INC",549300IG0MENN5J7TQ80,US3646453098,GLEIF,,,,,,unresolved
S000001069,"GAMCO INTERNATIONAL GROWTH FUND, INC",549300IG0MENN5J7TQ80,US3646454088,GLEIF,BBG000MX2N45,BBG001SGC6F8,GCIGX,C000002885,CLASS C,figi-ticker-join
S000001069,"GAMCO INTERNATIONAL GROWTH FUND, INC",549300IG0MENN5J7TQ80,US3646455077,GLEIF,BBG000RM6L80,BBG001T3V0M0,GIIGX,,,unresolved
S000001070,THE GABELLI ABC FUND,549300D66VNCICVQGO10,US36239V1089,GLEIF,BBG000BJCZJ4,BBG001S79GV2,GABCX,C000002886,CLASS AAA,figi-ticker-join
S000001071,THE GABELLI DIVIDEND GROWTH FUND,549300SNHS8P7O6KXR44,US36240D1054,GLEIF,BBG000C4SXG7,BBG001SDLV33,GABBX,C000002889,CLASS AAA,figi-ticker-join
S000001071,THE GABELLI DIVIDEND GROWTH FUND,549300SNHS8P7O6KXR44,US36240D2045,GLEIF,BBG000DPKYT1,BBG001SJ6QZ3,GBCAX,C000002888,CLASS A,figi-ticker-join
S000001071,THE GABELLI DIVIDEND GROWTH FUND,549300SNHS8P7O6KXR44,US36240D3035,GLEIF,,,,,,unresolved
S000001071,THE GABELLI DIVIDEND GROWTH FUND,549300SNHS8P7O6KXR44,US36240D4025,GLEIF,BBG000DPKZD5,BBG001SJ6R36,GBCCX,C000002891,CLASS C,figi-ticker-join
S000001071,THE GABELLI DIVIDEND GROWTH FUND,549300SNHS8P7O6KXR44,US36240D5014,GLEIF,BBG000J60745,BBG001T01TP3,GBCIX,,,unresolved
S000001074,THE GABELLI U.S. TREASURY MONEY MARKET FUND,549300PDG2ZFF5RRB446,US36239W1062,SEC-NPORT,BBG000BGJBY9,BBG001S70144,GABXX,C000002897,Class AAA Shares,figi-ticker-join
S000001091,American Beacon Large Cap Value Fund,549300BZTBSIYS570767,US02368A1741,GLEIF,BBG000DPZJM5,BBG001T59HJ7,ABLYX,C000079122,Y Class,figi-ticker-join
S000001091,American Beacon Large Cap Value Fund,549300BZTBSIYS570767,US02368A2087,GLEIF,BBG000BDX3J5,BBG001S6K9Y4,AADEX,C000002969,Institutional Class,figi-ticker-join
S000001091,American Beacon Large Cap Value Fund,549300BZTBSIYS570767,US02368A2327,GLEIF,,,,,,unresolved
S000001146,METROPOLITAN WEST LOW DURATION BOND FUND,549300D28XTSYBVUGU24,US5929052026,GLEIF,BBG000BN56W2,BBG001S9GF51,MWLDX,C000003064,CLASS M,figi-ticker-join
S000001146,METROPOLITAN WEST LOW DURATION BOND FUND,549300D28XTSYBVUGU24,US5929056084,SEC-NPORT,BBG000C3X2V4,BBG001SD4R22,MWLIX,C000003063,CLASS I,figi-ticker-join
S000001147,METROPOLITAN WEST TOTAL RETURN BOND FUND,549300APUP7QV16M4J34,US5929051036,GLEIF,BBG000C279V0,BBG001SBTBW1,MWTRX,C000003066,CLASS M,figi-ticker-join
S000001147,METROPOLITAN WEST TOTAL RETURN BOND FUND,549300APUP7QV16M4J34,US5929055094,SEC-NPORT,BBG000DTM818,BBG001SF6H81,MWTIX,C000003065,CLASS I,figi-ticker-join
S000001147,METROPOLITAN WEST TOTAL RETURN BOND FUND,549300APUP7QV16M4J34,US5929057645,SEC-NPORT,BBG001WQT6H1,BBG001WQT6J9,MWTSX,C000102908,Plan Class,figi-ticker-join
S000001149,METROPOLITAN WEST HIGH YIELD BOND FUND,549300MPRM3I06G1YK96,US5929058486,SEC-NPORT,BBG000NDCQ31,BBG001SKQYK7,MWHIX,C000003068,CLASS I,figi-ticker-join
S000001227,Cohen & Steers Global Infrastructure Fund Inc.,549300F6UXJ51JKSEL61,US19248B1070,GLEIF,BBG000PLH8P2,BBG001SLFJM8,CSUAX,C000003333,Class A,figi-ticker-join
S000001227,Cohen & Steers Global Infrastructure Fund Inc.,549300F6UXJ51JKSEL61,US19248B2060,GLEIF,,,,,,unresolved
S000001227,Cohen & Steers Global Infrastructure Fund Inc.,549300F6UXJ51JKSEL61,US19248B3050,GLEIF,BBG000PLHD35,BBG001SLFJS2,CSUCX,C000003335,Class C,figi-ticker-join
S000001227,Cohen & Steers Global Infrastructure Fund Inc.,549300F6UXJ51JKSEL61,US19248B4041,GLEIF,BBG000PLHDS8,BBG001SLFJT1,CSUIX,C000003336,Class I,figi-ticker-join
S000001227,Cohen & Steers Global Infrastructure Fund Inc.,549300F6UXJ51JKSEL61,US19248B5030,GLEIF,BBG0076X1K72,BBG0076X1K81,CSURX,,,unresolved
S000001227,Cohen & Steers Global Infrastructure Fund Inc.,549300F6UXJ51JKSEL61,US19248B6020,GLEIF,BBG0076X1MM1,BBG0076X1MN0,CSUZX,,,unresolved
S000001227,Cohen & Steers Global Infrastructure Fund Inc.,549300F6UXJ51JKSEL61,US19248B7010,GLEIF,BBG00G75R0D1,BBG00G75R0G8,CSUFX,,,unresolved
S000001227,Cohen & Steers Global Infrastructure Fund Inc.,549300F6UXJ51JKSEL61,US19248B8000,GLEIF,BBG00G75R2Q3,BBG00G75R2R2,CSUTX,,,unresolved
S000001268,NORTHERN INTERNATIONAL EQUITY INDEX FUND,549300L9EM1GT0ES4W02,US6651302092,SEC-NPORT,BBG000F4LPC2,BBG001SNCP89,NOINX,C000003414,NORTHERN INTERNATIONAL EQUITY INDEX FUND,figi-ticker-join
S000001341,Thrivent Diversified Income Plus Fund,4N3KJY04WTHIJBZ2U251,US8858824563,GLEIF,BBG000DKJWS9,BBG001SLX6K8,THYFX,C000003590,Class S,figi-ticker-join
S000001341,Thrivent Diversified Income Plus Fund,4N3KJY04WTHIJBZ2U251,US8858824720,GLEIF,BBG000BQTS42,BBG001S9Q8D7,AAHYX,C000003588,Class A,figi-ticker-join
S000001345,Thrivent Mid Cap Stock Fund,549300FTZTSGYKFGTJ95,US8858826626,GLEIF,BBG000C0QYP5,BBG001SLX6B8,TMSIX,C000003598,Class S,figi-ticker-join
S000001345,Thrivent Mid Cap Stock Fund,549300FTZTSGYKFGTJ95,US8858826881,GLEIF,BBG000BKCDN5,BBG001S7FCR9,AASCX,C000003596,Class A,figi-ticker-join
S000001346,Thrivent Moderate Allocation Fund,E5JVRZ2NKU3K4G5PGW70,US8858822336,GLEIF,BBG000H5Z983,BBG001SP3TQ6,TMAIX,C000003600,Class S,figi-ticker-join
S000001346,Thrivent Moderate Allocation Fund,E5JVRZ2NKU3K4G5PGW70,US8858823169,GLEIF,BBG000H5Z8P6,BBG001SP3TP7,THMAX,C000003599,Class A,figi-ticker-join
S000001347,Thrivent Moderately Aggressive Allocation Fund,K5U41DV3LZE2UKMVDS26,US8858822419,GLEIF,BBG000H5Z3F8,BBG001SP3TJ4,TMAFX,C000003602,Class S,figi-ticker-join
S000001347,Thrivent Moderately Aggressive Allocation Fund,K5U41DV3LZE2UKMVDS26,US8858823243,GLEIF,BBG000H62F10,BBG001SP3VV5,TMAAX,C000003601,Class A,figi-ticker-join
S000001348,Thrivent Moderately Conservative Allocation Fund,ILY3IYSICQT0RH7HRN50,US8858822252,GLEIF,BBG000H5ZC95,BBG001SP3TV0,TCAIX,C000003604,Class S,figi-ticker-join
S000001348,Thrivent Moderately Conservative Allocation Fund,ILY3IYSICQT0RH7HRN50,US8858822906,GLEIF,BBG000H5ZB88,BBG001SP3TS4,TCAAX,C000003603,Class A,figi-ticker-join
S000001349,Thrivent Money Market Fund,549300ZSIH36VVEQ5X49,US8858826394,GLEIF,BBG000BVXMK1,BBG001SGH654,AALXX,C000003607,Class S,figi-ticker-join
S000001349,Thrivent Money Market Fund,549300ZSIH36VVEQ5X49,US8858826543,GLEIF,BBG000BBP5P6,BBG001S61DG6,AMMXX,C000003605,Class A,figi-ticker-join
S000001350,Thrivent Municipal Bond Fund,549300MCIZ381MCUTB48,US8858825974,GLEIF,BBG000BVQ7G7,BBG001SG9608,TMBIX,C000003610,Class S,figi-ticker-join
S000001350,Thrivent Municipal Bond Fund,549300MCIZ381MCUTB48,US8858826212,GLEIF,BBG000BBYKF4,BBG001S64PW8,AAMBX,C000003608,Class A,figi-ticker-join
S000001352,Thrivent High Yield Fund,549300UI46IFVVIJRO12,US8858827798,GLEIF,BBG000BT4M91,BBG001SDWMN9,LBHIX,C000003616,Class S,figi-ticker-join
S000001352,Thrivent High Yield Fund,549300UI46IFVVIJRO12,US8858827954,GLEIF,BBG000BC8PJ6,BBG001S65QV6,LBHYX,C000003614,Class A,figi-ticker-join
S000001358,Thrivent Small Cap Stock Fund,54930033VZGELENQRN13,US8858825552,GLEIF,BBG000PPKWD9,BBG001SLX6H2,TSCSX,C000003629,Class S,figi-ticker-join
S000001358,Thrivent Small Cap Stock Fund,54930033VZGELENQRN13,US8858825719,GLEIF,BBG000C3P038,BBG001S7WFY5,AASMX,C000003627,Class A,figi-ticker-join
S000001361,Thrivent Income Fund,4MMUGK5U6RQBJ51GCQ90,US8858824233,GLEIF,BBG000BT4LB0,BBG001SDWMG7,LBIIX,C000003636,Class S,figi-ticker-join
S000001361,Thrivent Income Fund,4MMUGK5U6RQBJ51GCQ90,US8858824498,GLEIF,BBG000BC9331,BBG001S65ST5,LUBIX,C000003634,Class A,figi-ticker-join
S000001362,Thrivent Large Cap Growth Fund,549300AR6SK11V0PGT33,US8858821007,GLEIF,BBG000C2Y2X3,BBG001SFVN62,AAAGX,C000003637,Class A,figi-ticker-join
S000001362,Thrivent Large Cap Growth Fund,549300AR6SK11V0PGT33,US8858823086,GLEIF,BBG000FSTW63,BBG001SLX6M6,THLCX,C000003639,Class S,figi-ticker-join
S000001365,Thrivent Large Cap Stock Fund,549300QTG2JLHCR05W27,US8858828457,GLEIF,BBG000BTWCH3,BBG001SFKKY9,IILGX,C000003644,Class S,figi-ticker-join
S000001365,Thrivent Large Cap Stock Fund,549300QTG2JLHCR05W27,US8858828606,GLEIF,BBG000BBYK46,BBG001S64PV9,AALGX,C000003642,Class A,figi-ticker-join
S000001366,Thrivent Large Cap Value Fund,549300I9I6ET3JG7F433,US8858828119,GLEIF,BBG000C396Q8,BBG001SLX6C7,TLVIX,C000003647,Class S,figi-ticker-join
S000001366,Thrivent Large Cap Value Fund,549300I9I6ET3JG7F433,US8858828374,GLEIF,BBG000BK98M1,BBG001S7XTB9,AAUTX,C000003645,Class A,figi-ticker-join
S000001367,Thrivent Limited Maturity Bond Fund,CF9DL8K7BN0275PLD516,US8858823813,GLEIF,BBG000FSTV92,BBG001SLX682,THLIX,C000003650,Class S,figi-ticker-join
S000001367,Thrivent Limited Maturity Bond Fund,CF9DL8K7BN0275PLD516,US8858824159,GLEIF,BBG000BG28L8,BBG001S94LS6,LBLAX,C000003648,Class A,figi-ticker-join
S000001447,JPMorgan U.S. Equity Fund,549300O4STN5CE50YK08,US48121L8173,SEC-NPORT,BBG0019K0BB6,BBG001TG2ZZ2,JUEMX,C000093771,Class R6,figi-ticker-join
S000001448,SPIRIT OF AMERICA REAL ESTATE INCOME AND GROWTH FUND,549300M8IIG0R36CBU02,US8486041044,GLEIF,BBG000C1YBN6,BBG001SC7F81,SOAAX,C000003855,CLASS A,figi-ticker-join
S000001448,SPIRIT OF AMERICA REAL ESTATE INCOME AND GROWTH FUND,549300M8IIG0R36CBU02,US8486042034,GLEIF,,,,,,unresolved
S000001448,SPIRIT OF AMERICA REAL ESTATE INCOME AND GROWTH FUND,549300M8IIG0R36CBU02,US8486043024,GLEIF,BBG000P2WMY6,BBG001SL36C0,SOAVX,,,unresolved
S000001450,LORD ABBETT MID CAP STOCK FUND INC,549300S84HXH88VH3R09,US5439191041,GLEIF,BBG000BC8P60,BBG001S65QT9,LAVLX,C000003858,Class A,figi-ticker-join
S000001450,LORD ABBETT MID CAP STOCK FUND INC,549300S84HXH88VH3R09,US5439192031,GLEIF,,,,,,unresolved
S000001450,LORD ABBETT MID CAP STOCK FUND INC,549300S84HXH88VH3R09,US5439193021,GLEIF,BBG000BRNJJ0,BBG001SCGH87,LMCCX,C000003860,Class C,figi-ticker-join
S000001450,LORD ABBETT MID CAP STOCK FUND INC,549300S84HXH88VH3R09,US5439194011,GLEIF,BBG000BVFRD8,BBG001SG3Y30,LMCPX,C000003861,Class P,figi-ticker-join
S000001450,LORD ABBETT MID CAP STOCK FUND INC,549300S84HXH88VH3R09,US5439195000,GLEIF,BBG000BTHSH5,BBG001SF7728,LMCYX,C000003862,Class I,figi-ticker-join
S000001450,LORD ABBETT MID CAP STOCK FUND INC,549300S84HXH88VH3R09,US5439196099,GLEIF,BBG000CTZQ51,BBG001T0CVX7,LMCFX,C000054846,Class F,figi-ticker-join
S000001450,LORD ABBETT MID CAP STOCK FUND INC,549300S84HXH88VH3R09,US5439197089,GLEIF,BBG000D9D5F3,BBG001T28LX0,LMCQX,C000054847,Class R2,figi-ticker-join
S000001450,LORD ABBETT MID CAP STOCK FUND INC,549300S84HXH88VH3R09,US5439198079,GLEIF,BBG000D9D5Q1,BBG001T28LZ8,LMCRX,C000054848,Class R3,figi-ticker-join
S000001450,LORD ABBETT MID CAP STOCK FUND INC,549300S84HXH88VH3R09,US5439198491,GLEIF,BBG00GFCM319,BBG00GFCM328,LOVLX,,,unresolved
S000001450,LORD ABBETT MID CAP STOCK FUND INC,549300S84HXH88VH3R09,US5439198566,GLEIF,BBG00HC84SS5,BBG00HC84ST4,LMITX,,,unresolved
S000001450,LORD ABBETT MID CAP STOCK FUND INC,549300S84HXH88VH3R09,US5439198640,GLEIF,BBG009YQ9P55,BBG009YQ9P64,LMCHX,C000158204,Class R6,figi-ticker-join
S000001450,LORD ABBETT MID CAP STOCK FUND INC,549300S84HXH88VH3R09,US5439198723,GLEIF,BBG009YQ9MY0,BBG009YQ9MZ9,LMCTX,C000158203,Class R5,figi-ticker-join
S000001450,LORD ABBETT MID CAP STOCK FUND INC,549300S84HXH88VH3R09,US5439198806,GLEIF,BBG009YQ95G7,BBG009YQ95H6,LMCSX,C000158202,Class R4,figi-ticker-join
S000001464,THIRD AVENUE VALUE FUND,6GG153EV53G071KLNA79,US8841161040,GLEIF,BBG000BFVHD7,BBG001S6SXN5,TAVFX,C000003885,Institutional Class,figi-ticker-join
S000001468,THIRD AVENUE VARIABLE ANNUITY,549300HJBD8SQVSY7B69,US8841171023,GLEIF,,,,C000003889,THIRD AVENUE VARIABLE ANNUITY,unique-pairing
S000001469,BATS SERIES C,1L3GOML0CFJMLLUN6G10,US0924801022,GLEIF,BBG000DMJ639,BBG001SMND31,BRACX,C000003891,BATS SERIES C,unique-pairing
S000001471,BATS SERIES S,UHCSUNBDKLB2EM9I9C81,US0924803002,SEC-NPORT,BBG000QD7F38,BBG001SMND13,BRASX,C000003893,BATS SERIES S,figi-ticker-join
S000001474,BLACKROCK LIQUIDITY TEMPCASH,549300FBEPBRWT48HK66,US09248U6432,SEC-NPORT,BBG000BCJZ20,BBG001S66HY2,TMCXX,C000003921,INSTITUTIONAL,figi-ticker-join
S000001475,BLACKROCK LIQUIDITY FEDFUND,549300T8K043VZEOVK74,US09248U7000,SEC-NPORT,BBG000BCJVN6,BBG001S66HJ9,TFDXX,C000003928,INSTITUTIONAL,figi-ticker-join
S000001476,BLACKROCK LIQUIDITY T-FUND,5493002L9DNZ83RX7V61,US09248U7182,SEC-NPORT,BBG000BBPV06,BBG001S61QJ4,TSTXX,C000003938,INSTITUTIONAL,figi-ticker-join
S000001478,BLACKROCK LIQUIDITY TREASURY TRUST FUND,549300U5PI8CHFJM7202,US09248U5517,SEC-NPORT,BBG000BF89H7,BBG001S6MMD6,TTTXX,C000003954,INSTITUTIONAL,figi-ticker-join
S000001480,BLACKROCK LIQUIDITY MUNICASH,549300RWBJ885673DL84,US09248U8412,SEC-NPORT,BBG000BC98K1,BBG001S65TC1,MCSXX,C000003974,INSTITUTIONAL,figi-ticker-join
S000001487,T. Rowe Price International Stock Fund,DIXEPQW5DPUCAUYFLI61,US77956H5265,SEC-NPORT,BBG009Y103D9,BBG009Y103F7,PRIUX,C000159125,T. Rowe Price International Stock Fund-I Class,figi-ticker-join
S000001487,T. Rowe Price International Stock Fund,DIXEPQW5DPUCAUYFLI61,US87281D8433,SEC-NPORT,BBG00TFXF144,BBG00TFXF153,TRNZX,,,unresolved
S000001488,T. Rowe Price Emerging Europe Fund,BVN3MWBWV2V4M8TC6A78,US87281D7773,SEC-NPORT,BBG00Z5LRD11,BBG00Z5LRD20,TRZEX,,,unresolved
S000001489,T. Rowe Price International Bond Fund,C339HPVTHLLM709WSU55,US77956H1041,GLEIF,BBG000BCGC60,BBG001S667R2,RPIBX,C000004007,T. Rowe Price International Bond Fund,figi-ticker-join
S000001489,T. Rowe Price International Bond Fund,C339HPVTHLLM709WSU55,US77956H3021,SEC-NPORT,BBG000BBVR08,BBG001S644Z2,PRIDX,,,unresolved
S000001489,T. Rowe Price International Bond Fund,C339HPVTHLLM709WSU55,US77956H4508,SEC-NPORT,BBG009Y08YQ1,BBG009Y08YS9,RPISX,C000159126,T. Rowe Price International Bond Fund-I Class,figi-ticker-join
S000001489,T. Rowe Price International Bond Fund,C339HPVTHLLM709WSU55,US77956H5349,SEC-NPORT,BBG009S4VWP9,BBG009S4VWQ8,PRXIX,C000159128,T. Rowe Price Emerging Markets Bond Fund-I Class,figi-ticker-join
S000001489,T. Rowe Price International Bond Fund,C339HPVTHLLM709WSU55,US87281D8680,SEC-NPORT,BBG00TFXF108,BBG00TFXF117,TRLZX,,,unresolved
S000001490,T. Rowe Price Emerging Markets Bond Fund,515326IHLDOILEO6ED43,US77956H5349,SEC-NPORT,BBG009S4VWP9,BBG009S4VWQ8,PRXIX,C000159128,T. Rowe Price Emerging Markets Bond Fund-I Class,figi-ticker-join
S000001490,T. Rowe Price Emerging Markets Bond Fund,515326IHLDOILEO6ED43,US87281D8011,SEC-NPORT,BBG00TFXF5K7,BBG00TFXF5L6,TREZX,,,unresolved
S000001491,T. Rowe Price International Discovery Fund,0Q0CC81N5HDD1TTTMO60,US87281D7443,SEC-NPORT,BBG00Z5LRCQ6,BBG00Z5LRCR5,TRZKX,,,unresolved
S000001492,T. Rowe Price European Stock Fund,F02UHRPTUVEKSDNQDB53,US87281D7518,SEC-NPORT,BBG00Z5LRBZ8,BBG00Z5LRC04,TRZPX,,,unresolved
S000001493,T. Rowe Price New Asia Fund,CQSPSLYRKR4YU51MLF76,US87281D7104,SEC-NPORT,BBG00Z5LRCD0,BBG00Z5LRCF8,TRZNX,,,unresolved
S000001494,T. Rowe Price Japan Fund,NUUF05SLYLABQQF20E73,US87281D7369,SEC-NPORT,BBG00Z5LRC95,BBG00Z5LRCB2,TRZJX,,,unresolved
S000001495,T. Rowe Price Latin America Fund,NNIEUV820YZDO05KW707,US87281D7286,SEC-NPORT,BBG00Z5LRCW9,BBG00Z5LRCX8,TRZYX,,,unresolved
S000001496,T. Rowe Price Emerging Markets Stock Fund,IMG3L58DUY918PK2SP65,US77956H4847,SEC-NPORT,BBG009S4VY20,BBG009S4VY39,PRZIX,C000159129,T. Rowe Price Emerging Markets Stock Fund-I Class,figi-ticker-join
S000001496,T. Rowe Price Emerging Markets Stock Fund,IMG3L58DUY918PK2SP65,US87281D8763,SEC-NPORT,BBG00TFXF4V8,BBG00TFXF4W7,TRGZX,,,unresolved
S000001498,T. Rowe Price International Growth & Income Fund,97KIE6QHONOYE0TN8681,US77956H5182,SEC-NPORT,BBG009Y02M47,BBG009Y02MY4,TRTIX,C000159130,T. Rowe Price International Growth & Income Fund-I Class,figi-ticker-join
S000001498,T. Rowe Price International Growth & Income Fund,97KIE6QHONOYE0TN8681,US87281D8276,SEC-NPORT,BBG00TFXF5P2,BBG00TFXF5Q1,TROZX,,,unresolved
S000001509,BLACKROCK U.S. OPPORTUNITIES PORTFOLIO,5P4Q4JLCZIQPV2V8P740,US0919297608,SEC-NPORT,BBG000C031B7,BBG001SD23L6,BMCIX,C000004057,INSTITUTIONAL,figi-ticker-join
S000001544,Hussman Strategic Growth Fund,549300RGE97SYH31Y227,US4481081002,GLEIF,BBG000DPSYQ6,BBG001SGGNX7,HSGFX,C000004198,Hussman Strategic Growth Fund,unique-pairing
S000001545,Hussman Strategic Total Return Fund,549300517SONMHW30957,US4481082091,GLEIF,BBG000P7DB34,BBG001SL5QG0,HSTRX,C000004199,Hussman Strategic Total Return Fund,unique-pairing
S000001548,Schwartz Value Focused Fund,549300S5P0KT72V4JU39,US8085301096,GLEIF,BBG000BK5DX2,BBG001S7CY30,AVERX,C000004202,Schwartz Value Focused Fund,unique-pairing
S000001569,Russell Emerging Markets Fund,TUWQFBBWGP866F5SFO52,US7824944398,SEC-NPORT,BBG000F15XN7,BBG001SRDDP7,REMYX,C000066900,Class Y,figi-ticker-join
S000001586,Russell U.S. Small Cap Equity Fund,Z3PZWNK5SYVMTLL03992,US7824932666,SEC-NPORT,BBG000CC3KV7,BBG001SFCHV8,REBYX,C000004298,Class Y,figi-ticker-join
S000001587,Russell Investment Grade Bond Fund,6XE31ODZPBO0SIDX5S75,US7824931759,SEC-NPORT,BBG000CG9YS6,BBG001SFRCR8,RFAYX,C000004301,Class Y,figi-ticker-join
S000001589,Russell Strategic Bond Fund,XI1M1CDVRC8YNT0B5804,US7824931593,SEC-NPORT,BBG000CJGQB7,BBG001SFYPL7,RFCYX,C000004307,Class Y,figi-ticker-join
S000001601,Russell Short Duration Bond Fund,SYIWP2HFI2PTL75P6V57,US7824944216,SEC-NPORT,BBG000F4CH58,BBG001SS1WW8,RSBYX,C000066918,Class Y,figi-ticker-join
S000001723,JNL/INVESCO INTERNATIONAL GROWTH FUND,PSC8LSHKSDJXX3ZTQF75,US46648M2355,GLEIF,,,,,,unresolved
S000001724,JNL/CAUSEWAY INTERNATIONAL VALUE SELECT FUND,6W5WE6L7G8XTDYHXFH73,US46648M1365,GLEIF,,,,,,unresolved
S000001724,JNL/CAUSEWAY INTERNATIONAL VALUE SELECT FUND,6W5WE6L7G8XTDYHXFH73,US46648M1449,GLEIF,,,,,,unresolved
S000001736,JNL/PIMCO TOTAL RETURN BOND FUND,MB7NZP6EO4DC5ZJFI334,US46648L1465,GLEIF,,,,,,unresolved
S000001736,JNL/PIMCO TOTAL RETURN BOND FUND,MB7NZP6EO4DC5ZJFI334,US46648L1531,GLEIF,,,,,,unresolved
S000001741,JNL/GOLDMAN SACHS CORE PLUS BOND FUND,5MOEXA412PBCXUP0ZJ40,US46648M3346,GLEIF,,,,,,unresolved
S000001741,JNL/GOLDMAN SACHS CORE PLUS BOND FUND,5MOEXA412PBCXUP0ZJ40,US46648M3429,GLEIF,,,,,,unresolved
S000001742,JNL/JPMORGAN US GOVT & QUALITY BOND FUND,XC6IKZZ2G4MM0GFFQ252,US46644W2118,GLEIF,,,,,,unresolved
S000001742,JNL/JPMORGAN US GOVT & QUALITY BOND FUND,XC6IKZZ2G4MM0GFFQ252,US46644W2290,GLEIF,,,,,,unresolved
S000001743,JNL/INVESCO SMALL CAP GROWTH FUND,ZN8FZWMDJIM4UOW2SJ23,US46648M1936,GLEIF,,,,,,unresolved
S000001743,JNL/INVESCO SMALL CAP GROWTH FUND,ZN8FZWMDJIM4UOW2SJ23,US46648M2199,GLEIF,,,,,,unresolved
S000001746,JNL/BLACKROCK LARGE CAP SELECT GROWTH FUND,ARN06CB7IGVVPK9J7G80,US46644W4015,GLEIF,,,,,,unresolved
S000001749,JNL/T. ROWE PRICE ESTABLISHED GROWTH FUND,549300P3I0S51DWER604,US46648L5003,GLEIF,,,,,,unresolved
S000001749,JNL/T. ROWE PRICE ESTABLISHED GROWTH FUND,549300P3I0S51DWER604,US46648L6092,GLEIF,,,,,,unresolved
S000001750,JNL/T. ROWE PRICE MID-CAP GROWTH FUND,549300J315H0E2U54056,US46648L7082,GLEIF,,,,,,unresolved
S000001750,JNL/T. ROWE PRICE MID-CAP GROWTH FUND,549300J315H0E2U54056,US46648L8072,GLEIF,,,,,,unresolved
S000001751,JNL/T. ROWE PRICE VALUE FUND,JYQO6WXPTNO33JPF8Y65,US46648L8569,GLEIF,,,,,,unresolved
S000001751,JNL/T. ROWE PRICE VALUE FUND,JYQO6WXPTNO33JPF8Y65,US46648L8643,GLEIF,,,,,,unresolved
S000001752,JNL/S&P MANAGED CONSERVATIVE FUND,54930058L71IZMQ76042,US46648L6332,GLEIF,,,,,,unresolved
S000001752,JNL/S&P MANAGED CONSERVATIVE FUND,54930058L71IZMQ76042,US46648L6415,GLEIF,,,,,,unresolved
S000001753,JNL/S&P MANAGED MODERATE FUND,549300FEHW08DTFJQG60,US46648L6175,GLEIF,,,,,,unresolved
S000001753,JNL/S&P MANAGED MODERATE FUND,549300FEHW08DTFJQG60,US46648L6258,GLEIF,,,,,,unresolved
S000001755,JNL/S&P MANAGED MODERATE GROWTH FUND,549300D2KTHJZBWFEX31,US46648L6746,GLEIF,,,,,,unresolved
S000001755,JNL/S&P MANAGED MODERATE GROWTH FUND,549300D2KTHJZBWFEX31,US46648L6829,GLEIF,,,,,,unresolved
S000001756,JNL/S&P MANAGED GROWTH FUND,5493005LVNCUWFRPLI20,US46648L3859,GLEIF,,,,,,unresolved
S000001756,JNL/S&P MANAGED GROWTH FUND,5493005LVNCUWFRPLI20,US46648L3933,GLEIF,,,,,,unresolved
S000001757,JNL/S&P MANAGED AGGRESSIVE GROWTH FUND,549300ELT0VKTMI1VU61,US46648L6589,GLEIF,,,,,,unresolved
S000001757,JNL/S&P MANAGED AGGRESSIVE GROWTH FUND,549300ELT0VKTMI1VU61,US46648L6662,GLEIF,,,,,,unresolved
S000001797,JNL/JPMORGAN MIDCAP GROWTH FUND,1TBUGCKRNS375VJHVY86,US46648M1100,GLEIF,,,,,,unresolved
S000001797,JNL/JPMORGAN MIDCAP GROWTH FUND,1TBUGCKRNS375VJHVY86,US46648M1282,GLEIF,,,,,,unresolved
S000001818,American Beacon Small Cap Value Fund,549300BZ2EOK5FVKLA40,US02368A1824,GLEIF,BBG000LXLQ20,BBG001T59HL4,ABSYX,C000079123,Y Class,figi-ticker-join
S000001818,American Beacon Small Cap Value Fund,549300BZ2EOK5FVKLA40,US02368A2244,GLEIF,,,,,,unresolved
S000001825,American Beacon International Equity Fund,549300Z78HCXFCCK1P15,US02368A1907,GLEIF,BBG000DPZGW0,BBG001T59H89,ABEYX,C000079124,Y Class,figi-ticker-join
S000001825,American Beacon International Equity Fund,549300Z78HCXFCCK1P15,US02368A2160,GLEIF,,,,,,unresolved
S000001858,Old Westbury Large Cap Strategies Fund,549300PVM5LHLQP2Z172,US6804141090,GLEIF,BBG000BFNQ37,BBG001S7KWW3,OWLSX,C000004835,Old Westbury Large Cap Strategies Fund,unique-pairing
S000001870,BLACKROCK TACTICAL OPPORTUNITIES FUND,6FFMMI3AGWZH5SDXSF05,US0919278483,SEC-NPORT,BBG000BQR2K3,BBG001SB7P36,PBAIX,C000004878,INSTITUTIONAL,figi-ticker-join
S000001870,BLACKROCK TACTICAL OPPORTUNITIES FUND,6FFMMI3AGWZH5SDXSF05,US09258N5703,SEC-NPORT,BBG00DGZLXJ0,BBG00DGZLXM6,PBAKX,,,unresolved
S000001909,DRIEHAUS EMERGING MARKETS GROWTH FUND,2549003SIJKOXIAOFO04,US2620287563,SEC-NPORT,BBG00HBQ8MF9,BBG00HBQ8MG8,DIEMX,,,unresolved
S000001910,"The Dreyfus Socially Responsible Growth Fund, Inc.",549300KVO3GXQ57MUV72,US05588H1014,GLEIF,,,,,,unresolved
S000001910,"The Dreyfus Socially Responsible Growth Fund, Inc.",549300KVO3GXQ57MUV72,US05588H2004,GLEIF,,,,,,unresolved
S000001911,"Dreyfus Stock Index Fund, Inc.",549300TUUWM9ZQT5RB19,US26200Q1058,GLEIF,,,,,,unresolved
S000001911,"Dreyfus Stock Index Fund, Inc.",549300TUUWM9ZQT5RB19,US26200Q2049,GLEIF,,,,,,unresolved
S000001911,"Dreyfus Stock Index Fund, Inc.",549300TUUWM9ZQT5RB19,US26200Q3039,GLEIF,,,,,,unresolved
S000002068,"T. Rowe Price Balanced Fund, Inc.",BL52WOAVD9QC4LOPHA21,US77954G1085,GLEIF,BBG000BFV5D3,BBG001S6SPP0,RPBAX,C000005423,"T. Rowe Price Balanced Fund, Inc.",figi-ticker-join
S000002068,"T. Rowe Price Balanced Fund, Inc.",BL52WOAVD9QC4LOPHA21,US77954G2075,GLEIF,BBG00BGYR1D7,BBG00BGYR1F5,RBAIX,C000166328,T. Rowe Price Balanced Fund-I Class,figi-ticker-join
S000002069,"T. Rowe Price Blue Chip Growth Fund, Inc.",HSLL2MK472W0QQE4O080,US87283U1088,SEC-NPORT,BBG00Z5LRCT3,BBG00Z5LRCV0,TRZBX,,,unresolved
S000002070,T. Rowe Price Capital Appreciation Fund,CH1EX8QIXZ08475WNI76,US77954M1053,GLEIF,BBG000BCFK09,BBG001S66621,PRWCX,C000005427,T. Rowe Price Capital Appreciation Fund,figi-ticker-join
S000002070,T. Rowe Price Capital Appreciation Fund,CH1EX8QIXZ08475WNI76,US77954M2044,GLEIF,BBG000C2KB22,BBG001SNP7G6,PACLX,C000005428,T. Rowe Price Capital Appreciation Fund-Advisor Class,figi-ticker-join
S000002070,T. Rowe Price Capital Appreciation Fund,CH1EX8QIXZ08475WNI76,US77954M3034,GLEIF,BBG00BGYRX01,BBG00BGYRX29,TRAIX,C000166317,T. Rowe Price Capital Appreciation Fund-I Class,figi-ticker-join
S000002070,T. Rowe Price Capital Appreciation Fund,CH1EX8QIXZ08475WNI76,US77954M4024,GLEIF,BBG01HSZV598,BBG01HW15Y76,PRCFX,,,unresolved
S000002070,T. Rowe Price Capital Appreciation Fund,CH1EX8QIXZ08475WNI76,US77954M5013,GLEIF,BBG01HSZV6G8,BBG01HW180F8,PRCHX,,,unresolved
S000002071,"T. Rowe Price Capital Opportunity Fund, Inc.",F3LBM5TMT300W38DI523,US77954P1084,GLEIF,BBG000C19NT2,BBG001S7PNR4,PRCOX,C000005429,"T. Rowe Price Capital Opportunity Fund, Inc.",figi-ticker-join
S000002071,"T. Rowe Price Capital Opportunity Fund, Inc.",F3LBM5TMT300W38DI523,US77954P2074,GLEIF,BBG000PY7T15,BBG001SNP7M9,RRCOX,C000005431,T. Rowe Price Capital Opportunity Fund-R Class,figi-ticker-join
S000002071,"T. Rowe Price Capital Opportunity Fund, Inc.",F3LBM5TMT300W38DI523,US77954P3064,GLEIF,BBG000PY7SW3,BBG001SNP7J3,PACOX,C000005430,T. Rowe Price Capital Opportunity Fund-Advisor Class,figi-ticker-join
S000002071,"T. Rowe Price Capital Opportunity Fund, Inc.",F3LBM5TMT300W38DI523,US77954P4054,GLEIF,BBG013G581J2,BBG013G581K0,PCUZX,,,unresolved
S000002073,"T. Rowe Price Diversified Mid-Cap Growth Fund, Inc.",I044FUD5Y664WKNJX613,US7795851085,GLEIF,BBG000HZMF69,BBG001SHX397,PRDMX,C000005433,"T. Rowe Price Diversified Mid-Cap Growth Fund, Inc.",figi-ticker-join
S000002073,"T. Rowe Price Diversified Mid-Cap Growth Fund, Inc.",I044FUD5Y664WKNJX613,US7795852075,GLEIF,BBG00GP24L65,BBG00GP24L74,RPTTX,,,unresolved
S000002075,"T. Rowe Price Dividend Growth Fund, Inc.",Q624ZOR0M53IQUZRSL86,US7795461000,GLEIF,BBG000BJ7FQ6,BBG001S78NH4,PRDGX,C000005435,"T. Rowe Price Dividend Growth Fund, Inc.",figi-ticker-join
S000002075,"T. Rowe Price Dividend Growth Fund, Inc.",Q624ZOR0M53IQUZRSL86,US7795462099,GLEIF,BBG000C31TK2,BBG001SPZQ32,TADGX,C000012104,T. Rowe Price Dividend Growth Fund-Advisor Class,figi-ticker-join
S000002075,"T. Rowe Price Dividend Growth Fund, Inc.",Q624ZOR0M53IQUZRSL86,US7795463089,GLEIF,BBG00BGYS5N6,BBG00BGYS5M7,PDGIX,C000166314,T. Rowe Price Dividend Growth Fund-I Class,figi-ticker-join
S000002075,"T. Rowe Price Dividend Growth Fund, Inc.",Q624ZOR0M53IQUZRSL86,US87283L1089,GLEIF,BBG00Z5LS1W2,BBG00Z5LS1X1,TRZDX,,,unresolved
S000002084,"T. Rowe Price Financial Services Fund, Inc.",OT887USWRRG6914YF055,US77954N1037,GLEIF,BBG000BLYY08,BBG001S9CDT4,PRISX,C000005450,"T. Rowe Price Financial Services Fund, Inc.",unique-pairing
S000002087,"T. Rowe Price Growth Stock Fund, Inc.",549300OJ8IWU7COPZY12,US7414794062,SEC-NPORT,BBG009Y05MJ8,BBG009Y05N88,PRUFX,C000159680,T. Rowe Price Growth Stock Fund-I Class,figi-ticker-join
S000002087,"T. Rowe Price Growth Stock Fund, Inc.",549300OJ8IWU7COPZY12,US77958E1091,GLEIF,,,,,,unresolved
S000002087,"T. Rowe Price Growth Stock Fund, Inc.",549300OJ8IWU7COPZY12,US77958E2081,GLEIF,BBG00TFXF0S0,BBG00TFXF0T9,TRJZX,,,unresolved
S000002088,"T. Rowe Price Health Sciences Fund, Inc.",66LP7EMLZS5S33LWIH41,US87281Y1029,GLEIF,BBG00CK58RK9,BBG00CK58RL8,THISX,C000169937,T. Rowe Price Health Sciences Fund-I Class,figi-ticker-join
S000002089,T. Rowe Price Equity Index 500 Fund,549300VJO42KQ3FO2X07,US7795521084,GLEIF,BBG000BGRWW6,BBG001S719M6,PREIX,C000005457,T. Rowe Price Equity Index 500 Fund,figi-ticker-join
S000002089,T. Rowe Price Equity Index 500 Fund,549300VJO42KQ3FO2X07,US7795525044,SEC-NPORT,BBG00TFXF0Q2,BBG00TFXF0R1,TRHZX,,,unresolved
S000002090,T. Rowe Price Extended Equity Market Index Fund,549300CH7XVTPPSKDO56,US7795522074,GLEIF,BBG000C2WV89,BBG001SBVS42,PEXMX,C000005458,T. Rowe Price Extended Equity Market Index Fund,unique-pairing
S000002093,T. Rowe Price Institutional Large-Cap Value Fund,O2YIWB7TIMOZV5ZF4D22,US87283V2051,GLEIF,BBG00TJZPR10,BBG00TJZPR29,TRLUX,C000005461,T. Rowe Price Institutional Large-Cap Value Fund,unique-pairing
S000002095,T. Rowe Price Institutional Large-Cap Growth Fund,8WF25TX7V2WE4P2QFC87,US87283V1061,GLEIF,BBG00TJZPYM2,BBG00TJZPYQ8,TRGOX,C000005463,T. Rowe Price Institutional Large-Cap Growth Fund,unique-pairing
S000002098,T. Rowe Price Institutional Emerging Markets Equity Fund,GQU182N3UGI7FJWXW132,US74144Q2030,GLEIF,BBG000KXPDS8,BBG001SJS6K9,IEMFX,C000005466,T. Rowe Price Institutional Emerging Markets Equity Fund,unique-pairing
S000002099,T. Rowe Price International Equity Index Fund,QGQLKDOB0MD8YJDWC661,US87283X1028,GLEIF,BBG00XZY40B7,BBG00XZY40C6,TLIEX,C000005467,T. Rowe Price International Equity Index Fund,unique-pairing
S000002101,"T. Rowe Price Media & Telecommunications Fund, Inc.",76U4E7L1T87LSBLKB493,US87282P1003,GLEIF,BBG00CK58XT7,BBG00CK58XV4,TTMIX,C000169955,T. Rowe Price Media & Telecommunications Fund-I Class,figi-ticker-join
S000002102,"T. Rowe Price Mid-Cap Growth Fund, Inc.",80RXPO345YBHPM0J9835,US7795561098,GLEIF,BBG000BHC3K7,BBG001S73MY2,RPMGX,C000005470,"T. Rowe Price Mid-Cap Growth Fund, Inc.",figi-ticker-join
S000002102,"T. Rowe Price Mid-Cap Growth Fund, Inc.",80RXPO345YBHPM0J9835,US7795562088,GLEIF,BBG000BTGNH7,BBG001SF4T14,PAMCX,C000005471,T. Rowe Price Mid-Cap Growth Fund-Advisor Class,figi-ticker-join
S000002102,"T. Rowe Price Mid-Cap Growth Fund, Inc.",80RXPO345YBHPM0J9835,US7795563078,GLEIF,BBG000C08H54,BBG001SLB052,RRMGX,C000005472,T. Rowe Price Mid-Cap Growth Fund-R Class,figi-ticker-join
S000002102,"T. Rowe Price Mid-Cap Growth Fund, Inc.",80RXPO345YBHPM0J9835,US7795564068,GLEIF,BBG009Y10NF3,BBG009Y10NG2,RPTIX,C000159676,T. Rowe Price Mid-Cap Growth Fund-I Class,figi-ticker-join
S000002102,"T. Rowe Price Mid-Cap Growth Fund, Inc.",80RXPO345YBHPM0J9835,US7795565057,GLEIF,BBG00TFXF162,BBG00TFXF171,TRQZX,,,unresolved
S000002103,"T. Rowe Price Mid-Cap Value Fund, Inc.",VTYZMD0S9U3JRH8LCB93,US77957Y4035,SEC-NPORT,BBG009Y10Q39,BBG009Y10Q48,TRMIX,C000159685,T. Rowe Price Mid-Cap Value Fund-I Class,figi-ticker-join
S000002103,"T. Rowe Price Mid-Cap Value Fund, Inc.",VTYZMD0S9U3JRH8LCB93,US77957Y5024,SEC-NPORT,BBG00TFXF5M5,BBG00TFXF5N4,TRTZX,,,unresolved
S000002104,T. Rowe Price New America Growth Fund,549300Y2XCUY4UEK6E85,US7795571154,SEC-NPORT,BBG01R5XF6H3,BBG01R5XF6K9,PNZAX,,,unresolved
S000002106,"T. Rowe Price New Horizons Fund, Inc.",E0J2ATABWUU4WO6I2K88,US7795621074,GLEIF,BBG000BCFD41,BBG001S665S5,PRNHX,C000005478,"T. Rowe Price New Horizons Fund, Inc.",figi-ticker-join
S000002106,"T. Rowe Price New Horizons Fund, Inc.",E0J2ATABWUU4WO6I2K88,US7795622064,GLEIF,BBG009Y159M1,BBG009Y159N0,PRJIX,C000159684,T. Rowe Price New Horizons Fund-I Class,figi-ticker-join
S000002106,"T. Rowe Price New Horizons Fund, Inc.",E0J2ATABWUU4WO6I2K88,US7795623054,GLEIF,BBG00TFXF0Y3,BBG00TFXF0Z2,TRUZX,,,unresolved
S000002107,"T. Rowe Price Real Estate Fund, Inc.",549300F7PG4NLAXPXR88,US7799111064,GLEIF,,,,,,unresolved
S000002107,"T. Rowe Price Real Estate Fund, Inc.",549300F7PG4NLAXPXR88,US7799112054,GLEIF,,,,,,unresolved
S000002107,"T. Rowe Price Real Estate Fund, Inc.",549300F7PG4NLAXPXR88,US7799113045,GLEIF,,,,,,unresolved
S000002107,"T. Rowe Price Real Estate Fund, Inc.",549300F7PG4NLAXPXR88,US7799114035,GLEIF,,,,,,unresolved
S000002120,"T. Rowe Price Small-Cap Stock Fund, Inc.",DN033QOT4XRHBV08B590,US7795721064,GLEIF,BBG000BCD0H7,BBG001S66186,OTCFX,C000005508,"T. Rowe Price Small-Cap Stock Fund, Inc.",figi-ticker-join
S000002120,"T. Rowe Price Small-Cap Stock Fund, Inc.",DN033QOT4XRHBV08B590,US7795724035,GLEIF,BBG000BTGL90,BBG001SF4SP0,PASSX,C000005509,T. Rowe Price Small-Cap Stock Fund-Advisor Class,figi-ticker-join
S000002120,"T. Rowe Price Small-Cap Stock Fund, Inc.",DN033QOT4XRHBV08B590,US7795725024,GLEIF,BBG009Y15H70,BBG009Y15H89,OTIIX,C000159682,T. Rowe Price Small-Cap Stock Fund-I Class,figi-ticker-join
S000002120,"T. Rowe Price Small-Cap Stock Fund, Inc.",DN033QOT4XRHBV08B590,US7795726014,GLEIF,BBG00TFXF297,BBG00TFXF2B4,TRZZX,,,unresolved
S000002121,"T. Rowe Price Small-Cap Value Fund, Inc.",ZPMK6UBY3Q3LBDC3GP51,US77957Q1031,GLEIF,BBG000BCFGL5,BBG001S665X9,PRSVX,C000005510,"T. Rowe Price Small-Cap Value Fund, Inc.",figi-ticker-join
S000002121,"T. Rowe Price Small-Cap Value Fund, Inc.",ZPMK6UBY3Q3LBDC3GP51,US77957Q2021,GLEIF,BBG000BTGMX1,BBG001SF4SV3,PASVX,C000005511,T. Rowe Price Small-Cap Value Fund-Advisor Class,figi-ticker-join
S000002121,"T. Rowe Price Small-Cap Value Fund, Inc.",ZPMK6UBY3Q3LBDC3GP51,US77957Q3011,GLEIF,BBG009Y15JT2,BBG009Y15JV9,PRVIX,C000159683,T. Rowe Price Small-Cap Value Fund-I Class,figi-ticker-join
S000002121,"T. Rowe Price Small-Cap Value Fund, Inc.",ZPMK6UBY3Q3LBDC3GP51,US77957Q4001,GLEIF,BBG00TFXF2F0,BBG00TFXF2G9,TRZVX,,,unresolved
S000002122,Spectrum Income Fund,549300STXWSR8ZCP7B25,US7799061061,GLEIF,BBG000BF8DF0,BBG001S6MP85,RPSIX,C000005512,Spectrum Income Fund,unique-pairing
S000002123,Spectrum Growth Fund,5493000IEZ7HODK6FQ38,US7799062051,GLEIF,BBG000BF85P6,BBG001S6MKW9,PRSGX,C000005513,Spectrum Growth Fund,unique-pairing
S000002125,"T. Rowe Price Value Fund, Inc.",TLDUHX6EEOQ43DDR8861,US7795781035,GLEIF,BBG000BHPJX4,BBG001S6BFC4,TRVLX,C000005515,"T. Rowe Price Value Fund, Inc.",figi-ticker-join
S000002125,"T. Rowe Price Value Fund, Inc.",TLDUHX6EEOQ43DDR8861,US7795782025,GLEIF,BBG000HJMM88,BBG001S98WG1,PAVLX,C000005516,T. Rowe Price Value Fund-Advisor Class,figi-ticker-join
S000002125,"T. Rowe Price Value Fund, Inc.",TLDUHX6EEOQ43DDR8861,US7795783015,GLEIF,BBG009Y04356,BBG009Y04365,TRPIX,C000159681,T. Rowe Price Value Fund-I Class,figi-ticker-join
S000002125,"T. Rowe Price Value Fund, Inc.",TLDUHX6EEOQ43DDR8861,US7795784005,GLEIF,BBG00TFXF5H1,BBG00TFXF5J9,TRZAX,,,unresolved
S000002128,"T. Rowe Price Corporate Income Fund, Inc.",W3XKRQESCCQU5BB2H051,US7414781010,GLEIF,BBG000G84SN3,BBG001S8S2Q6,PRPIX,C000005519,"T. Rowe Price Corporate Income Fund, Inc.",figi-ticker-join
S000002128,"T. Rowe Price Corporate Income Fund, Inc.",W3XKRQESCCQU5BB2H051,US87281Q1094,GLEIF,BBG00BGYS1Y3,BBG00BGYS1Z2,TICCX,C000166313,T. Rowe Price Corporate Income Fund-I Class,figi-ticker-join
S000002128,"T. Rowe Price Corporate Income Fund, Inc.",W3XKRQESCCQU5BB2H051,US87281Q2084,GLEIF,BBG00Z5LRCY7,BBG00Z5LRCZ6,TRZCX,,,unresolved
S000002129,T. Rowe Price Limited-Term Bond Portfolio,MMIDQLKHUPGX6F6S4D55,US31423A4408,SEC-NPORT,BBG012JLZC02,BBG012JLZC11,QAMNX,,,unresolved
S000002129,T. Rowe Price Limited-Term Bond Portfolio,MMIDQLKHUPGX6F6S4D55,US46653M8230,SEC-NPORT,BBG011WGX847,BBG011WGX865,JOHAX,,,unresolved
S000002129,T. Rowe Price Limited-Term Bond Portfolio,MMIDQLKHUPGX6F6S4D55,US6174556968,SEC-NPORT,BBG00CXM0RY1,BBG00CXM0RZ0,MULSX,,,unresolved
S000002129,T. Rowe Price Limited-Term Bond Portfolio,MMIDQLKHUPGX6F6S4D55,US77954R1041,GLEIF,BBG019VS51B3,BBG019X282V1,QAAGWX,,,unresolved
S000002129,T. Rowe Price Limited-Term Bond Portfolio,MMIDQLKHUPGX6F6S4D55,US90470L3520,SEC-NPORT,BBG01J9M1374,BBG01J9M1383,ARBOX,,,unresolved
S000002132,"T. Rowe Price High Yield Fund, Inc.",2F9VPFCSWR3EU5WBPH73,US7414811056,GLEIF,BBG000BCFBF3,BBG001S665P8,PRHYX,C000005524,"T. Rowe Price High Yield Fund, Inc.",figi-ticker-join
S000002132,"T. Rowe Price High Yield Fund, Inc.",2F9VPFCSWR3EU5WBPH73,US7414812047,GLEIF,BBG000BTGLP2,BBG001SF4SQ9,PAHIX,C000005525,T. Rowe Price High Yield Fund-Advisor Class,figi-ticker-join
S000002132,"T. Rowe Price High Yield Fund, Inc.",2F9VPFCSWR3EU5WBPH73,US7414813037,GLEIF,BBG009Y07SJ3,BBG009Y07SK1,PRHIX,C000159675,T. Rowe Price High Yield Fund-I Class,figi-ticker-join
S000002132,"T. Rowe Price High Yield Fund, Inc.",2F9VPFCSWR3EU5WBPH73,US7414814027,GLEIF,BBG00GSNTJW5,BBG00GSNTJX4,TUHYX,,,unresolved
S000002132,"T. Rowe Price High Yield Fund, Inc.",2F9VPFCSWR3EU5WBPH73,US7414815016,GLEIF,BBG00GSNQX39,BBG00GSNQX48,TUHAX,,,unresolved
S000002132,"T. Rowe Price High Yield Fund, Inc.",2F9VPFCSWR3EU5WBPH73,US7414816006,GLEIF,BBG00GSNTJZ2,BBG00GSNTK07,TUHIX,,,unresolved
S000002132,"T. Rowe Price High Yield Fund, Inc.",2F9VPFCSWR3EU5WBPH73,US7414817095,GLEIF,BBG00TFXF0V6,BBG00TFXF0W5,TRKZX,,,unresolved
S000002133,"T. Rowe Price Inflation Protected Bond Fund, Inc.",QTPF0SBNUVQ114GUHO71,US77958D2009,SEC-NPORT,BBG00BGYSQJ5,BBG00BGYSQM1,TIIPX,C000166332,T. Rowe Price Inflation Protected Bond Fund-I Class,figi-ticker-join
S000002133,"T. Rowe Price Inflation Protected Bond Fund, Inc.",QTPF0SBNUVQ114GUHO71,US87284N1037,GLEIF,BBG00Z5LRD57,BBG00Z5LRD66,TRZHX,,,unresolved
S000002134,T. Rowe Price Institutional High Yield Fund,E81VH37I6Q4XM5FXIK06,US77958B2043,SEC-NPORT,BBG000NTDBV7,BBG001SKXP46,TRHYX,C000005527,T. Rowe Price Institutional High Yield Fund,figi-ticker-join
S000002136,"T. Rowe Price New Income Fund, Inc.",5F373D85WF2X2XQOCV26,US7795701009,GLEIF,BBG000BCF7K6,BBG001S665G8,PRCIX,C000005529,"T. Rowe Price New Income Fund, Inc.",figi-ticker-join
S000002136,"T. Rowe Price New Income Fund, Inc.",5F373D85WF2X2XQOCV26,US7795702098,GLEIF,BBG000C08KW7,BBG001SLB0P0,PANIX,C000005530,T. Rowe Price New Income Fund-Advisor Class,figi-ticker-join
S000002136,"T. Rowe Price New Income Fund, Inc.",5F373D85WF2X2XQOCV26,US7795703088,GLEIF,BBG000C08JQ7,BBG001SLB0D3,RRNIX,C000005531,T. Rowe Price New Income Fund-R Class,figi-ticker-join
S000002136,"T. Rowe Price New Income Fund, Inc.",5F373D85WF2X2XQOCV26,US7795704078,GLEIF,BBG009Y114B8,BBG009Y114G3,PRXEX,C000159679,T. Rowe Price New Income Fund-I Class,figi-ticker-join
S000002136,"T. Rowe Price New Income Fund, Inc.",5F373D85WF2X2XQOCV26,US7795705067,GLEIF,BBG00TFXF279,BBG00TFXF288,TRVZX,,,unresolved
S000002137,T. Rowe Price Personal Strategy Balanced Fund,FYMK1LUYOZC501G40B53,US77957L1044,GLEIF,BBG000BDF387,BBG001S5XCD8,TRPBX,C000005532,T. Rowe Price Personal Strategy Balanced Fund,figi-ticker-join
S000002138,T. Rowe Price Personal Strategy Growth Fund,41BW0H24GD450ZU9LH35,US77957L2034,GLEIF,BBG000BGTXS7,BBG001S66R16,TRSGX,C000005533,T. Rowe Price Personal Strategy Growth Fund,figi-ticker-join
S000002139,T.Rowe Price Personal Strategy Income Fund,123UYQVEAGVMJ6ZNXH55,US77957L3024,GLEIF,BBG000C1RW03,BBG001S7QH96,PRSIX,C000005534,T. Rowe Price Personal Strategy Income Fund,figi-ticker-join
S000002141,"T. Rowe Price Short-Term Bond Fund, Inc.",O3EF15Z749ITOPZMGX97,US77957P3038,SEC-NPORT,BBG003MV7FH1,BBG003MV7FJ9,TRBUX,,,unresolved
S000002141,"T. Rowe Price Short-Term Bond Fund, Inc.",O3EF15Z749ITOPZMGX97,US87284F1003,SEC-NPORT,BBG00Z5LRT25,BBG00Z5LRT34,TRZOX,,,unresolved
S000002151,T. Rowe Price Cash Reserves Fund,5493006LZ0UZWN6MT234,US77957K1060,GLEIF,BBG000BVGKW1,BBG001S74JS5,TSCXX,C000005547,T. Rowe Price Cash Reserves Fund,unique-pairing
S000002153,T. Rowe Price Government Reserve Fund,5493002Y0IYARJVQ5N24,US76105Y1091,SEC-NPORT,BBG00CP9HRJ8,BBG00CP9HRK6,TRPGRIA,,,unresolved
S000002154,T. Rowe Price Treasury Reserve Fund,5493007QR86JJLYO6D96,US76105Y1091,SEC-NPORT,BBG00CP9HRJ8,BBG00CP9HRK6,TRPGRIA,,,unresolved
S000002161,"T. Rowe Price Tax-Exempt Money Fund, Inc.",549300G1VPN52PDSM768,US7795751095,GLEIF,BBG000BCFNT2,BBG001S666C0,PTEXX,C000005557,"T. Rowe Price Tax-Exempt Money Fund, Inc.",figi-ticker-join
S000002161,"T. Rowe Price Tax-Exempt Money Fund, Inc.",549300G1VPN52PDSM768,US7795752085,GLEIF,,,,,,unresolved
S000002161,"T. Rowe Price Tax-Exempt Money Fund, Inc.",549300G1VPN52PDSM768,US7795753075,GLEIF,BBG00HFRFFV2,BBG00HFRFFW1,TERXX,,,unresolved
S000002162,"T. Rowe Price Tax-Free High Yield Fund, Inc.",L4BI0QG5MQV91OSDQ649,US7414861044,GLEIF,BBG000BCF8B4,BBG001S665J5,PRFHX,C000005558,"T. Rowe Price Tax-Free High Yield Fund, Inc.",figi-ticker-join
S000002162,"T. Rowe Price Tax-Free High Yield Fund, Inc.",L4BI0QG5MQV91OSDQ649,US7414862034,GLEIF,BBG00389B0X6,BBG00389B0Y5,PATFX,C000117193,T. Rowe Price Tax-Free High Yield Fund-Advisor Class,figi-ticker-join
S000002162,"T. Rowe Price Tax-Free High Yield Fund, Inc.",L4BI0QG5MQV91OSDQ649,US7414863024,GLEIF,BBG00FGMXX92,BBG00FGMXXB9,PTYIX,,,unresolved
S000002163,"T. Rowe Price Tax-Free Income Fund, Inc.",AQVTFPJ03TC8U1Q0ZJ34,US7795761078,GLEIF,BBG000BCFH97,BBG001S665Y8,PRTAX,C000005559,"T. Rowe Price Tax-Free Income Fund, Inc.",figi-ticker-join
S000002163,"T. Rowe Price Tax-Free Income Fund, Inc.",AQVTFPJ03TC8U1Q0ZJ34,US7795762068,GLEIF,BBG000C08K02,BBG001SLB0F1,PATAX,C000005560,T. Rowe Price Tax-Free Income Fund-Advisor Class,figi-ticker-join
S000002163,"T. Rowe Price Tax-Free Income Fund, Inc.",AQVTFPJ03TC8U1Q0ZJ34,US7795763058,GLEIF,BBG00H69K9X8,BBG00H69K9Y7,TFILX,,,unresolved
S000002167,U.S. Treasury Intermediate Fund,PLLLPNEGTDFISEIK5Y26,US77957T1079,GLEIF,BBG000BF2CM0,BBG001S6L6Y9,PRTIX,C000005564,U.S. Treasury Intermediate Fund,unique-pairing
S000002167,U.S. Treasury Intermediate Fund,PLLLPNEGTDFISEIK5Y26,US87284C1071,SEC-NPORT,BBG00Z5LRCK2,BBG00Z5LRCL1,TRZTX,,,unresolved
S000002168,U.S. Treasury Long-Term Fund,81MQEQSHGI5PN6BWN277,US77957T2069,GLEIF,BBG000BF2DD8,BBG001S6L6Z8,PRULX,C000005565,U.S. Treasury Long-Term Fund,unique-pairing
S000002168,U.S. Treasury Long-Term Fund,81MQEQSHGI5PN6BWN277,US77957T5039,SEC-NPORT,BBG00GP25GD7,BBG00GP25GF5,PRUUX,,,unresolved
S000002168,U.S. Treasury Long-Term Fund,81MQEQSHGI5PN6BWN277,US77957T7019,SEC-NPORT,BBG00TFXF402,BBG00TFXF411,TRZUX,,,unresolved
S000002169,U.S. Treasury Money Fund,5493009ZDCM2JOJCUS84,US77957T3059,SEC-NPORT,BBG000BCFHN1,BBG001S665Z7,PRTXX,C000005566,U.S. Treasury Money Fund,figi-ticker-join
S000002169,U.S. Treasury Money Fund,5493009ZDCM2JOJCUS84,US77957T8009,SEC-NPORT,BBG00TFXFRW6,BBG00TFXFRX5,TRZXX,,,unresolved
S000002175,"BLACKROCK BALANCED CAPITAL FUND, INC.",549300IQRQVPFY18OX84,US09251C1009,GLEIF,BBG000BKF9P9,BBG001S8CMP0,MDCPX,,,unresolved
S000002175,"BLACKROCK BALANCED CAPITAL FUND, INC.",549300IQRQVPFY18OX84,US09251C2098,GLEIF,,,,,,unresolved
S000002175,"BLACKROCK BALANCED CAPITAL FUND, INC.",549300IQRQVPFY18OX84,US09251C3088,GLEIF,BBG000BGF3T7,BBG001S73M63,MCCPX,,,unresolved
S000002175,"BLACKROCK BALANCED CAPITAL FUND, INC.",549300IQRQVPFY18OX84,US09251C4078,GLEIF,BBG000BJ1ZW1,BBG001S7Z2R9,MRBPX,,,unresolved
S000002175,"BLACKROCK BALANCED CAPITAL FUND, INC.",549300IQRQVPFY18OX84,US09251C5067,GLEIF,BBG000BKCQW6,BBG001S89G13,MACPX,,,unresolved
S000002175,"BLACKROCK BALANCED CAPITAL FUND, INC.",549300IQRQVPFY18OX84,US09251C6057,GLEIF,BBG00JRRGY43,BBG00JRRGY52,MKCPX,,,unresolved
S000002176,BLACKROCK NATURAL RESOURCES TRUST,MGCZP3KOJ3GY627IHK03,US09252H1086,GLEIF,BBG000BN60M5,BBG001S8CMR8,MDGRX,,,unresolved
S000002176,BLACKROCK NATURAL RESOURCES TRUST,MGCZP3KOJ3GY627IHK03,US09252H2076,GLEIF,,,,,,unresolved
S000002176,BLACKROCK NATURAL RESOURCES TRUST,MGCZP3KOJ3GY627IHK03,US09252H3066,GLEIF,BBG000BN6K69,BBG001S8CSV0,MCGRX,,,unresolved
S000002176,BLACKROCK NATURAL RESOURCES TRUST,MGCZP3KOJ3GY627IHK03,US09252H4056,GLEIF,BBG000BN3TC6,BBG001S89H84,MAGRX,,,unresolved
S000002177,BLACKROCK EUROFUND,5493000HEH4YCM7L6N11,US09251N1063,GLEIF,BBG000BN5ZV9,BBG001S8CMQ9,MDEFX,,,unresolved
S000002177,BLACKROCK EUROFUND,5493000HEH4YCM7L6N11,US09251N2053,GLEIF,,,,,,unresolved
S000002177,BLACKROCK EUROFUND,5493000HEH4YCM7L6N11,US09251N3044,GLEIF,BBG000BCL8H1,BBG001S66P65,MCEFX,,,unresolved
S000002177,BLACKROCK EUROFUND,5493000HEH4YCM7L6N11,US09251N4034,GLEIF,BBG000BZFWW7,BBG001SK7XC9,MREFX,,,unresolved
S000002177,BLACKROCK EUROFUND,5493000HEH4YCM7L6N11,US09251N5023,GLEIF,BBG000BN3GF1,BBG001S89G40,MAEFX,,,unresolved
S000002177,BLACKROCK EUROFUND,5493000HEH4YCM7L6N11,US09251N7003,GLEIF,BBG00JRRHS54,BBG00JRRHS63,MKEFX,,,unresolved
S000002179,PRUDENTIAL QMA MID-CAP VALUE FUND,SJGVNMWMQDDPPFJMXL33,US74441L1052,GLEIF,BBG000G6WRC0,BBG001SDWXQ2,SPRAX,C000005598,CLASS A,figi-ticker-join
S000002230,VALUE PORTFOLIO,P7GE1Q1TW25H6LI8ZC55,US74437G7227,SEC-NPORT,,,,,,unresolved
S000002233,Vanguard Treasury Money Market Fund,MLGUTO04TNV4M6IIBD71,US9219321091,SEC-NPORT,BBG000BHXFX3,BBG001S774R6,VUSXX,C000005732,Investor Shares,figi-ticker-join
S000002245,"BLACKROCK GLOBAL ALLOCATION FUND, INC.",32P8B6BZ084LSNAF2753,US09251T1034,GLEIF,BBG000BN52M2,BBG001S8C7G3,MDLOX,,,unresolved
S000002245,"BLACKROCK GLOBAL ALLOCATION FUND, INC.",32P8B6BZ084LSNAF2753,US09251T2024,GLEIF,,,,,,unresolved
S000002245,"BLACKROCK GLOBAL ALLOCATION FUND, INC.",32P8B6BZ084LSNAF2753,US09251T3014,GLEIF,BBG000BHH0M6,BBG001S74GK9,MCLOX,,,unresolved
S000002245,"BLACKROCK GLOBAL ALLOCATION FUND, INC.",32P8B6BZ084LSNAF2753,US09251T4004,GLEIF,BBG000BZFYM4,BBG001SK7XK0,MRLOX,,,unresolved
S000002245,"BLACKROCK GLOBAL ALLOCATION FUND, INC.",32P8B6BZ084LSNAF2753,US09251T5092,GLEIF,BBG000BN3HR6,BBG001S89G68,MALOX,,,unresolved
S000002245,"BLACKROCK GLOBAL ALLOCATION FUND, INC.",32P8B6BZ084LSNAF2753,US09251T6082,GLEIF,BBG00GFPWCN5,BBG00GFPWCP3,MTLOX,,,unresolved
S000002250,"BLACKROCK EMERGING MARKETS FUND, INC.",V7MCQIT131MC0O5SFL70,US09251J1051,GLEIF,BBG000BN47V2,BBG001S89YV1,MDDCX,,,unresolved
S000002250,"BLACKROCK EMERGING MARKETS FUND, INC.",V7MCQIT131MC0O5SFL70,US09251J2042,GLEIF,,,,,,unresolved
S000002250,"BLACKROCK EMERGING MARKETS FUND, INC.",V7MCQIT131MC0O5SFL70,US09251J3032,GLEIF,BBG000BN4CY8,BBG001S8B042,MCDCX,,,unresolved
S000002250,"BLACKROCK EMERGING MARKETS FUND, INC.",V7MCQIT131MC0O5SFL70,US09251J4022,GLEIF,BBG000BN3FV5,BBG001S89G22,MADCX,,,unresolved
S000002250,"BLACKROCK EMERGING MARKETS FUND, INC.",V7MCQIT131MC0O5SFL70,US09251J5011,GLEIF,BBG00JRRGZ86,BBG00JRRGZ95,MKDCX,,,unresolved
S000002321,"BLACKROCK BASIC VALUE FUND, INC.",549300LIMUXBJGVLQ626,US09251G1013,GLEIF,BBG000BN5ZF7,BBG001S8CMM3,MDBAX,,,unresolved
S000002321,"BLACKROCK BASIC VALUE FUND, INC.",549300LIMUXBJGVLQ626,US09251G2003,GLEIF,,,,,,unresolved
S000002321,"BLACKROCK BASIC VALUE FUND, INC.",549300LIMUXBJGVLQ626,US09251G3092,GLEIF,BBG000BN4DT2,BBG001S8B060,MCBAX,,,unresolved
S000002321,"BLACKROCK BASIC VALUE FUND, INC.",549300LIMUXBJGVLQ626,US09251G4082,GLEIF,BBG000BMTG47,BBG001S7Z7P0,MRBVX,,,unresolved
S000002321,"BLACKROCK BASIC VALUE FUND, INC.",549300LIMUXBJGVLQ626,US09251G5071,GLEIF,BBG000BFJWG5,BBG001S6P6W7,MABAX,,,unresolved
S000002321,"BLACKROCK BASIC VALUE FUND, INC.",549300LIMUXBJGVLQ626,US09251G6061,GLEIF,BBG007XHD3V5,BBG007XHD3Z1,MBVKX,,,unresolved
S000002334,BlackRock National Municipal Fund,57P6LYFXTWNU9L7GM070,US09253C6030,SEC-NPORT,BBG000BM5SS1,BBG001S7LZQ2,MDNLX,,,unresolved
S000002337,Morgan Stanley Multi Cap Growth Trust,54930088ZHK6FN0CHD61,US61747T1060,GLEIF,BBG000LD59F6,BBG001SDLB64,CPOAX,C000006127,A,figi-ticker-join
S000002337,Morgan Stanley Multi Cap Growth Trust,54930088ZHK6FN0CHD61,US61747T3041,GLEIF,BBG000PCM2M2,BBG001SK7K55,CPOCX,C000006129,L,figi-ticker-join
S000002337,Morgan Stanley Multi Cap Growth Trust,54930088ZHK6FN0CHD61,US61747T4031,GLEIF,BBG000PCM331,BBG001SK7K64,CPODX,C000006130,I,figi-ticker-join
S000002337,Morgan Stanley Multi Cap Growth Trust,54930088ZHK6FN0CHD61,US61747T5020,GLEIF,BBG00PPR4226,BBG00PPR4244,MBIRX,,,unresolved
S000002337,Morgan Stanley Multi Cap Growth Trust,54930088ZHK6FN0CHD61,US61762C1036,GLEIF,BBG004DHMSD9,BBG004DHMSF7,MCRTX,,,unresolved
S000002337,Morgan Stanley Multi Cap Growth Trust,54930088ZHK6FN0CHD61,US61762C2026,GLEIF,BBG008HDV5G2,BBG008HDV5H1,MSCMX,,,unresolved
S000002344,"BLACKROCK FOCUS GROWTH FUND, INC.",549300SS0LEIPOITKJ55,US09251P1012,GLEIF,BBG000BD27W5,BBG001S7N3K7,MDFOX,,,unresolved
S000002344,"BLACKROCK FOCUS GROWTH FUND, INC.",549300SS0LEIPOITKJ55,US09251P2002,GLEIF,,,,,,unresolved
S000002344,"BLACKROCK FOCUS GROWTH FUND, INC.",549300SS0LEIPOITKJ55,US09251P3091,GLEIF,BBG000BD2853,BBG001S7N3L6,MCFOX,,,unresolved
S000002344,"BLACKROCK FOCUS GROWTH FUND, INC.",549300SS0LEIPOITKJ55,US09251P4081,GLEIF,BBG000BD0GK0,BBG001S7L0N2,MAFOX,,,unresolved
S000002344,"BLACKROCK FOCUS GROWTH FUND, INC.",549300SS0LEIPOITKJ55,US09251P5070,GLEIF,BBG00PPS7793,BBG00PPS77B0,MKFOX,,,unresolved
S000002382,Global Fixed Income Opportunities Fund,KN4O2R884TUHPY814X62,US61765E1064,GLEIF,,,,,,unresolved
S000002391,DELAWARE VALUE FUND,549300VHTWY6NEMPX721,US2462481084,GLEIF,BBG000BKYND0,BBG001S878J4,DPDEX,,,unresolved
S000002397,DELAWARE LIMITED-TERM DIVERSIFIED INCOME FUND,CPYJ7BXGHNWDE01BCD50,US32060H1023,GLEIF,,,,,,unresolved
S000002412,DELAWARE MINNESOTA HIGH-YIELD MUNICIPAL BOND FUND,YBLW7P81WLFJTSTCRO52,US9289281753,GLEIF,BBG005L81GQ2,BBG005L81GR1,DMHIX,C000135925,Institutional Class,figi-ticker-join
S000002414,DELAWARE TAX-FREE CALIFORNIA FUND,I77CW6L89B72OZ5GY868,US9289281670,GLEIF,BBG005L81FT1,BBG005L81FV8,DCTIX,C000135926,Institutional Class,figi-ticker-join
S000002415,DELAWARE TAX-FREE IDAHO FUND,TT5N8YA3R6HMF1QRFE93,US9289281597,GLEIF,BBG005L81LN4,BBG005L81LQ1,DTIDX,C000135927,Institutional Class,figi-ticker-join
S000002416,DELAWARE TAX-FREE NEW YORK FUND,LPS5JH4JU6TPSOJFIG38,US9289281423,GLEIF,BBG005L822N5,BBG005L822P3,DTNIX,C000135928,Institutional Class,figi-ticker-join
S000002426,Morgan Stanley US Government Securities Trust,5493009GJO3TMFRP8I30,US6169691010,GLEIF,BBG000BQMWG7,BBG001SB5JJ5,USGAX,C000006467,A,figi-ticker-join
S000002426,Morgan Stanley US Government Securities Trust,5493009GJO3TMFRP8I30,US6169693099,GLEIF,BBG000BQMZ89,BBG001SB5JL2,USGCX,C000006469,L,figi-ticker-join
S000002426,Morgan Stanley US Government Securities Trust,5493009GJO3TMFRP8I30,US6169694089,GLEIF,BBG000BQC9N1,BBG001SB0GZ8,USGDX,C000006470,I,figi-ticker-join
S000002426,Morgan Stanley US Government Securities Trust,5493009GJO3TMFRP8I30,US6169695078,GLEIF,BBG008HDV5Q1,BBG008HDV5R0,MSGVX,,,unresolved
S000002427,MFS High Income Fund,DMVGFZCV67YA34LSI126,US5529841067,GLEIF,BBG000BC9GN0,BBG001S65V09,MHITX,C000006471,A,figi-ticker-join
S000002427,MFS High Income Fund,DMVGFZCV67YA34LSI126,US5529846843,SEC-NPORT,BBG002ZXTGR8,BBG002ZXTGV3,MHIKX,C000116932,R6,figi-ticker-join
S000002434,MFS Mid Cap Growth Fund,XPX0WXKIO6CLKBLYF666,US5529875545,SEC-NPORT,BBG003QTQN66,BBG003QTQNB0,OTCKX,C000124428,R6,figi-ticker-join
S000002437,MFS International New Discovery Fund,RC53GXLQZ5LVIZBRHR66,US5529813835,SEC-NPORT,BBG002ZRJ3T9,BBG002ZRJ3W5,MIDLX,C000116933,R6,figi-ticker-join
S000002438,MFS Research Fund,XFPOOG2XVG5TW1LZ8588,US5529811029,GLEIF,BBG000BFL0Q1,BBG001S6PM61,MFRFX,C000006533,A,figi-ticker-join
S000002438,MFS Research Fund,XFPOOG2XVG5TW1LZ8588,US5529813918,SEC-NPORT,BBG000C3MTW6,BBG001SQZV66,MFRKX,C000034431,R6,figi-ticker-join
S000002487,UBS U.S. Allocation Fund,549300J5GDB8VRARXP29,US90262E1038,GLEIF,BBG000BPCBZ5,BBG001S95PM2,PWTAX,C000006689,Class A,figi-ticker-join
S000002493,MFS Inflation-Adjusted Bond Fund,VOHO802M9IKG3IZTEN75,US55274K8844,SEC-NPORT,BBG0045PBXM1,BBG0045PBXN0,MIAKX,C000126364,R6,figi-ticker-join
S000002495,MFS Limited Maturity Fund,7ER38PJ2TK60L3Y32478,US55274K8018,SEC-NPORT,BBG003C586Y9,BBG003C586Z8,MQLKX,C000119776,R6,figi-ticker-join
S000002497,MFS Total Return Bond Fund,FJAEEQMSDDUK9QL2E558,US55274K6038,SEC-NPORT,BBG000R5FVM9,BBG001SQZV75,MRBKX,C000034443,R6,figi-ticker-join
S000002499,MFS Mid Cap Value Fund,BXHSCSBXYY1DOHP6E209,US55273W4758,SEC-NPORT,BBG003TY6796,BBG003TY67B3,MVCKX,C000125404,R6,figi-ticker-join
S000002500,MFS Blended Research Core Equity Fund,SQK3NYUBFBKJ3GF1IO09,US55273W4832,SEC-NPORT,BBG002ZRGJ26,BBG002ZRGJ44,MUEVX,C000068496,R6,figi-ticker-join
S000002501,MFS Lifetime Income Fund,HVSHYLXT64G65WN2P306,US55275E1010,GLEIF,BBG000DVBHQ8,BBG001SN6DX5,MLLAX,C000006793,A,figi-ticker-join
S000002511,MFS Emerging Markets Debt Fund,509D6AOZZ4SJ08T5BZ82,US5527463641,SEC-NPORT,BBG000R5FTR9,BBG001SQZTW2,MEDHX,C000034483,R6,figi-ticker-join
S000002512,MFS Emerging Markets Equity Fund,GLINMRWNKCBOHYKQ2131,US5527463310,SEC-NPORT,BBG002ZRGV10,BBG002ZRGV92,MEMJX,C000071428,R6,figi-ticker-join
S000002516,MFS International Growth Fund,PTNAY8DC4VJYOKVJ5B83,US55273E1038,GLEIF,BBG000BTH4H8,BBG001S72H74,MGRAX,C000006937,A,figi-ticker-join
S000002516,MFS International Growth Fund,PTNAY8DC4VJYOKVJ5B83,US5527463567,SEC-NPORT,BBG000Q5BXQ6,BBG001SQZV48,MGRDX,C000034484,R6,figi-ticker-join
S000002517,MFS International Value Fund,7540QFSKYNTDFH7HAK24,US5527463492,SEC-NPORT,BBG000Q5BYK0,BBG001SQZV57,MINJX,C000034485,R6,figi-ticker-join
S000002520,"BLACKROCK CAPITAL APPRECIATION FUND, INC.",549300QS6NT0JK4H2706,US09251R1077,GLEIF,BBG000BC9V57,BBG001S65W25,MDFGX,,,unresolved
S000002520,"BLACKROCK CAPITAL APPRECIATION FUND, INC.",549300QS6NT0JK4H2706,US09251R2067,GLEIF,,,,,,unresolved
S000002520,"BLACKROCK CAPITAL APPRECIATION FUND, INC.",549300QS6NT0JK4H2706,US09251R3057,GLEIF,BBG000BJB342,BBG001S79760,MCFGX,,,unresolved
S000002520,"BLACKROCK CAPITAL APPRECIATION FUND, INC.",549300QS6NT0JK4H2706,US09251R4048,GLEIF,BBG000BZFYF2,BBG001SK7XJ2,MRFGX,,,unresolved
S000002520,"BLACKROCK CAPITAL APPRECIATION FUND, INC.",549300QS6NT0JK4H2706,US09251R5037,GLEIF,BBG000BN0K65,BBG001S87N83,MAFGX,,,unresolved
S000002520,"BLACKROCK CAPITAL APPRECIATION FUND, INC.",549300QS6NT0JK4H2706,US09251R6027,GLEIF,BBG000F6DPH1,BBG001T8QCT2,BFGBX,,,unresolved
S000002537,MFS Institutional International Equity Fund,DMEBH0UWWHA1KO5Z5N87,US5529668064,SEC-NPORT,BBG000BN5D57,BBG001S8YYT6,MIEIX,C000006994,MFS Institutional International Equity Fund,figi-ticker-join
S000002562,Vanguard Long-Term Bond Index Fund,YR27VTYY4DXT8BLRVZ12,US9219376525,SEC-NPORT,BBG00N878122,BBG00N878131,VBLAX,,,unresolved
S000002562,Vanguard Long-Term Bond Index Fund,YR27VTYY4DXT8BLRVZ12,US9219377937,SEC-NPORT,BBG000R45489,BBG001ST39S0,BLV,C000046842,ETF Shares,figi-ticker-join
S000002564,Vanguard Total Bond Market Index Fund,CIJB0QNLPT2SSWMJ5W92,US9219375048,SEC-NPORT,BBG000BFPBQ3,BBG001S743B8,VBTIX,C000007064,Institutional Shares,figi-ticker-join
S000002564,Vanguard Total Bond Market Index Fund,CIJB0QNLPT2SSWMJ5W92,US9219378356,SEC-NPORT,BBG000BZZS63,BBG001SK7DK4,BND,C000046844,ETF Shares,figi-ticker-join
S000002568,Vanguard PRIMECAP Fund,SHYKZ9CKK7NENE4ODA76,US9219361006,GLEIF,BBG000BBT2Z8,BBG001S66L19,VPMCX,C000007070,Investor Shares,figi-ticker-join
S000002568,Vanguard PRIMECAP Fund,SHYKZ9CKK7NENE4ODA76,US9219362095,GLEIF,BBG000BTRSY5,BBG001SJVSK7,VPMAX,C000007071,Admiral Shares,figi-ticker-join
S000002572,Vanguard Target Retirement 2025 Fund,0VFR5I6Y0CN9MU5JCZ52,GB00BZ6VJB58,GLEIF,BBG00CM7R2V5,BBG00CM7R2W4,VAR25GA,C000007075,Investor Shares,unique-pairing
S000002573,Vanguard Target Retirement 2035 Fund,G1WRFPLZZ155XL7YVZ96,GB00BZ6VJH11,GLEIF,BBG00CM7WMG2,BBG00CM7WMH1,VAR35GA,C000007076,Investor Shares,unique-pairing
S000002574,Vanguard Target Retirement 2045 Fund,NJLNJ63U3PH5KVZDK159,GB00BZ6VK898,GLEIF,BBG00CM7YBM7,BBG00CM7YBN6,VAR45GA,C000007077,Investor Shares,unique-pairing
S000002578,VANGUARD EXPLORER FUND,HU38GZ7YQSV1LSOPIX38,US9219261016,GLEIF,BBG000BCKG20,BBG001S66K93,VEXPX,C000007081,Investor Shares,figi-ticker-join
S000002578,VANGUARD EXPLORER FUND,HU38GZ7YQSV1LSOPIX38,US9219262006,GLEIF,BBG000BZ0R45,BBG001SJVSB7,VEXRX,C000007082,Admiral Shares,figi-ticker-join
S000002578,VANGUARD EXPLORER FUND,HU38GZ7YQSV1LSOPIX38,US9219263095,GLEIF,,,,,,unresolved
S000002584,Vanguard High-Yield Corporate Fund,MSRINVBKWZXRZ70AVU36,US9220317609,SEC-NPORT,BBG000BZ0SW2,BBG001SJVSR0,VWEAX,,,unresolved
S000002588,Vanguard Long-Term Investment-Grade Fund,4IWOXNHIBJ1X5UBP4985,US9220311099,GLEIF,BBG000BBTT89,BBG001S63PW9,VWESX,C000007101,Investor Shares,figi-ticker-join
S000002588,Vanguard Long-Term Investment-Grade Fund,4IWOXNHIBJ1X5UBP4985,US9220317609,SEC-NPORT,BBG000BZ0SW2,BBG001SJVSR0,VWEAX,,,unresolved
S000002593,Vanguard Strategic Equity Fund,G7HJW2GD8JG2WSE17M51,US9220381043,GLEIF,BBG000MBPR67,BBG001SFS6J9,VSEQX,C000007112,Investor Shares,unique-pairing
S000002608,JPMorgan Tax Aware Real Return Fund,0V1VWJ1B5ACQIUA2GL88,US48121A1262,GLEIF,BBG004XB4HR9,BBG004XB4HS8,TXRRX,C000130213,Class R6,figi-ticker-join
S000002614,JPMorgan Research Market Neutral Fund,5493003YB1CVJN6VG156,US48121A7129,SEC-NPORT,BBG000MKP9L0,BBG001T5YK11,JMNSX,C000081100,Select Class,figi-ticker-join
S000002615,JPMorgan Emerging Markets Equity Fund,YGO3SVACG8PL3FXK2G86,US48121L1228,GLEIF,BBG005GHCRX4,BBG005GHCRY3,JEMWX,C000134566,Class R6,figi-ticker-join
S000002615,JPMorgan Emerging Markets Equity Fund,YGO3SVACG8PL3FXK2G86,US48123X8508,GLEIF,BBG00HCY3PT4,BBG00HCY3PV1,JHUKX,,,unresolved
S000002615,JPMorgan Emerging Markets Equity Fund,YGO3SVACG8PL3FXK2G86,US48123X8680,GLEIF,BBG00HCY3PW0,BBG00HCY3PX9,JHURX,,,unresolved
S000002615,JPMorgan Emerging Markets Equity Fund,YGO3SVACG8PL3FXK2G86,US48123X8763,GLEIF,BBG00HCY3Q85,BBG00HCY3Q94,JHUJX,,,unresolved
S000002623,JPMorgan International Equity Fund,HQ7PRYSQNFVGDT1BSL78,US48121L8827,SEC-NPORT,BBG0019HNHP0,BBG001TG2Q91,JNEMX,C000093772,Class R6,figi-ticker-join
S000002627,JPMorgan International Value Fund,NV3LQK78SNLPSWXGBJ59,US46641U4168,GLEIF,BBG00DSL4S35,BBG00DSL4S53,JPVRX,C000173219,Class R5,figi-ticker-join
S000002635,MFS Government Securities Portfolio,TC07MNDC26S0HMWGJ177,US55274F4899,SEC-NPORT,BBG011ZVF8M1,BBG012228K40,MFGSPIU,,,unresolved
S000002636,MFS High Yield Portfolio,ZJO44YL9IRHSPRALW090,US55274F4717,SEC-NPORT,BBG003Q1DJM2,BBG003Q1DJN1,MFSHIYI,,,unresolved
S000002637,MFS International Growth Portfolio,8UVRTCWHDB4PB6VBAF77,US55274F4634,SEC-NPORT,BBG011ZVF8C2,BBG01222C8X0,MFIGPIU,,,unresolved
S000002638,MFS International Value Portfolio,R8FUCFNPB06NBDV4PQ02,US55274F4550,SEC-NPORT,BBG006S8L308,BBG006S8L317,MFSINVA,,,unresolved
S000002646,MFS Research International Portfolio,X2VCGKUPS3KBELF38X91,US55274F3560,SEC-NPORT,BBG011ZVF7V3,BBG01222C1H3,MFRIPIU,,,unresolved
S000002658,MFS Emerging Markets Equity Portfolio,0ZF3BKK2HYOQKNENVD39,US55274F5540,SEC-NPORT,BBG011ZVF8N0,BBG01212NCN1,MFMEPIU,,,unresolved
S000002659,MFS Global Governments Portfolio,6UIE5ULN0F0W22N47U94,US55274F5391,SEC-NPORT,BBG011ZVF8F9,BBG01212M511,MFGGPIU,,,unresolved
S000002662,JPMorgan Intrepid European Fund,H40KNBC4QSZM6KZETD45,US48129C8432,GLEIF,BBG00M3GW916,BBG00M3GW925,VEUVX,,,unresolved
S000002666,MFS Total Return Bond Series,OBXD0C7FWK5N6XF1PG71,US55273F8784,SEC-NPORT,BBG003Q1CND4,BBG003Q1CNF2,MFSRBDI,,,unresolved
S000002668,MFS Research Series,7AZFU5SPWYPK4FGVLU76,US55273F3082,SEC-NPORT,BBG003Q1BDH3,BBG003Q1BDJ1,MFSRESI,,,unresolved
S000002672,MFS Value Series,36LLVSYF4DQZKJ4FYT68,US55273F6549,SEC-NPORT,BBG003Q1DBX7,BBG003Q1DBY6,MFSVALI,,,unresolved
S000002673,MFS Growth Series,IVAD1C1VZOLTR3W5MQ64,US55273F1003,GLEIF,BBG003Q19SP4,BBG003Q19SQ3,MFSGROI,,,unresolved
S000002678,MFS Mid Cap Growth Series,DQS0BFT7TBCF2MYV2M94,US55273F6705,SEC-NPORT,BBG003Q1BVY4,BBG003Q1BVZ3,MGSMCGI,,,unresolved
S000002680,MFS New Discovery Series,UL64BH8MFVUS63PN5829,US55273F8453,SEC-NPORT,BBG003Q1C455,BBG003Q1C464,MFSNDII,,,unresolved
S000002700,PACE International Fixed Income Investments,549300J62KK310TS1N80,US69373W1036,GLEIF,BBG000ND5V74,BBG001SH9X98,PWFAX,C000007370,CLASS A,figi-ticker-join
S000002716,Master Small Cap Index Series,VLR242ZI8B4RP2GO3398,US74762W3007,GLEIF,,,,C000007401,Master Small Cap Index Series,unique-pairing
S000002718,BlackRock Long-Horizon Equity Fund,U52BPAA65E104NOUF784,US09251W1062,GLEIF,BBG000KK0886,BBG001SPSR56,MDEGX,,,unresolved
S000002718,BlackRock Long-Horizon Equity Fund,U52BPAA65E104NOUF784,US09251W2052,GLEIF,,,,,,unresolved
S000002718,BlackRock Long-Horizon Equity Fund,U52BPAA65E104NOUF784,US09251W3043,GLEIF,BBG000KK0BB5,BBG001SPSR92,MCEGX,,,unresolved
S000002718,BlackRock Long-Horizon Equity Fund,U52BPAA65E104NOUF784,US09251W4033,GLEIF,BBG000KK0948,BBG001SPSR65,MAEGX,,,unresolved
S000002718,BlackRock Long-Horizon Equity Fund,U52BPAA65E104NOUF784,US09251W5022,GLEIF,BBG000DJB2G9,BBG001SMLT29,MREGX,,,unresolved
S000002718,BlackRock Long-Horizon Equity Fund,U52BPAA65E104NOUF784,US09251W6012,GLEIF,BBG01M9QN0F1,BBG01MBJXS44,MKEAX,,,unresolved
S000002758,Oakmark Fund,5493006VRMTE725JFU24,US4138381037,GLEIF,BBG000BG14W6,BBG001S6VC11,OAKMX,C000007554,Class I,figi-ticker-join
S000002758,Oakmark Fund,5493006VRMTE725JFU24,US4138385095,SEC-NPORT,BBG000G6CZM3,BBG001S8RFD2,OAKEX,,,unresolved
S000002762,Oakmark International Fund,00KLB2PFTM3060S2N216,US4138382027,GLEIF,BBG000BHJ721,BBG001S74MB6,OAKIX,C000007562,Class I,figi-ticker-join
S000002765,JPMorgan Disciplined Equity Fund,549300VOOZNRR4HQN096,US4812A18375,SEC-NPORT,BBG000D4M4V9,BBG001SJZ266,JDEUX,C000007982,Class R6,figi-ticker-join
S000002766,JPMorgan Diversified Fund,26JKWV9VE7AKN11JL078,US48129C5040,GLEIF,BBG00J2DRYD9,BBG00J2DRYF7,JDVZX,,,unresolved
S000002767,JPMorgan Dynamic Small Cap Growth Fund,549300G5GLMLAG6QVC64,US48123X8433,GLEIF,BBG00L534HD5,BBG00L534HF3,JSCHX,,,unresolved
S000002768,JPMorgan Growth and Income Fund,549300JZNNMRZLPYEY24,US48123X6031,GLEIF,BBG00HCY3B42,BBG00HCY3B60,JGAVX,,,unresolved
S000002768,JPMorgan Growth and Income Fund,549300JZNNMRZLPYEY24,US48123X7021,GLEIF,BBG00HCY3GD1,BBG00HCY3GF9,JGRUX,,,unresolved
S000002772,Dreyfus Institutional Preferred Government Plus Money Market Fund,549300RBWL04JG8SIX57,US26200T2087,SEC-NPORT,,,,,,unresolved
S000002790,JPMorgan Intrepid Growth Fund,549300N2J35RBS1KLI04,US46641U5801,SEC-NPORT,,,,,,unresolved
S000002790,JPMorgan Intrepid Growth Fund,549300N2J35RBS1KLI04,US4812A22070,GLEIF,BBG000CM2BB8,BBG001SFKQ03,JPGSX,C000007641,Select Class,figi-ticker-join
S000002791,JPMorgan Intrepid Advantage Fund,549300UE80TDT3MM2C81,US48129C7368,GLEIF,BBG00XH5HKQ6,BBG00XH5HKR5,JIIGX,,,unresolved
S000002793,JPMorgan Mid Cap Equity Fund,549300WL3HEZWMQN2Y06,US46637K1741,GLEIF,BBG005VPMSC9,BBG005VPMSD8,JPPEX,C000136842,Class R6,figi-ticker-join
S000002793,JPMorgan Mid Cap Equity Fund,549300WL3HEZWMQN2Y06,US46637K1824,GLEIF,BBG005VPMS20,BBG005VPMS39,JMEEX,C000136841,Class R5,figi-ticker-join
S000002793,JPMorgan Mid Cap Equity Fund,549300WL3HEZWMQN2Y06,US46637K1907,GLEIF,BBG005VPMP80,BBG005VPMPC5,JMCEX,C000136840,Class R2,figi-ticker-join
S000002794,JPMorgan Small Cap Equity Fund,549300RO68EY7ZS30I29,US48127B8625,SEC-NPORT,BBG00CXK5QK7,BBG00CXK5QL6,VSENX,C000169974,Class R6,figi-ticker-join
S000002796,JPMorgan Value Advantage Fund,549300P7ZUUEK5GQXK57,US46641U3822,GLEIF,BBG00DSL6PW7,BBG00DSL6PX6,JVAYX,C000173224,Class R6,figi-ticker-join
S000002796,JPMorgan Value Advantage Fund,549300P7ZUUEK5GQXK57,US46641U3905,GLEIF,BBG00DSL5GV9,BBG00DSL5GW8,JVARX,C000173223,Class R5,figi-ticker-join
S000002796,JPMorgan Value Advantage Fund,549300P7ZUUEK5GQXK57,US46641U4242,GLEIF,BBG00DSL5HQ3,BBG00DSL5HR2,JVAQX,C000173222,Class R4,figi-ticker-join
S000002796,JPMorgan Value Advantage Fund,549300P7ZUUEK5GQXK57,US46641U4325,GLEIF,BBG00DSL4S71,BBG00DSL4S99,JVAPX,C000173221,Class R3,figi-ticker-join
S000002796,JPMorgan Value Advantage Fund,549300P7ZUUEK5GQXK57,US48123X2071,GLEIF,BBG00HCY3QH5,BBG00HCY3QJ3,JGAQX,,,unresolved
S000002802,LVIP T. Rowe Price Structured Mid-Cap Growth Fund,IKC8MFICKNZ414MAGJ47,US5350001039,SEC-NPORT,,,,,,unresolved
S000002803,LVIP Mondrian International Value Fund,75AN0H8T28E3LGUKRV37,US5350001526,SEC-NPORT,,,,,,unresolved
S000002807,LVIP Delaware Special Opportunities Fund,B0CYLFJ4JI3NU5J64152,US5350001781,SEC-NPORT,,,,,,unresolved
S000002812,LVIP Delaware Bond Fund,TX5WPE5J86ZXCTSWEQ14,US5350001112,SEC-NPORT,BBG000JN7G23,BBG001T3PXT8,VLDEBSV,,,unresolved
S000002839,Vanguard 500 Index Fund,12WZ1W76P8QD4VJ6OB47,US9229083632,SEC-NPORT,BBG0015VYNT4,BBG001TC6MC1,VOO,C000092055,ETF Shares,figi-ticker-join
S000002840,Vanguard Value Index Fund,HH8Q33B0J5YWPPIGZP55,US9229087443,SEC-NPORT,BBG000HWV1X7,BBG001SHVR78,VTV,C000007778,ETF Shares,figi-ticker-join
S000002841,Vanguard Extended Market Index Fund,NKRB5RF4FYYMQPL0SY31,US9229086940,SEC-NPORT,BBG000BVV799,BBG001SGFBG3,VEXAX,C000007780,Admiral Shares,figi-ticker-join
S000002842,Vanguard Growth Index Fund,8DLNZLT9FCSJNCMHQC12,US9229087369,SEC-NPORT,BBG000HT2CB6,BBG001SHTTS4,VUG,C000007786,ETF Shares,figi-ticker-join
S000002844,Vanguard Mid-Cap Index Fund,F7RXEPKL33W3OZ8V3S02,US9229086296,SEC-NPORT,BBG000HX76S7,BBG001SHVTS1,VO,C000007794,ETF Shares,figi-ticker-join
S000002845,Vanguard Small-Cap Index Fund,HZKQM2YGJWB4I8NIZL49,US9229086866,SEC-NPORT,BBG000BVV879,BBG001SGFBK8,VSMAX,C000007796,Admiral Shares,figi-ticker-join
S000002845,Vanguard Small-Cap Index Fund,HZKQM2YGJWB4I8NIZL49,US9229087518,SEC-NPORT,BBG000HT3Z79,BBG001SHTTV0,VB,C000007798,ETF Shares,figi-ticker-join
S000002845,Vanguard Small-Cap Index Fund,HZKQM2YGJWB4I8NIZL49,US9229088763,SEC-NPORT,BBG000BQL4P0,BBG001SB4HG3,VSCIX,C000007797,Institutional Shares,figi-ticker-join
S000002846,Vanguard Small-Cap Growth Index Fund,UWJDRZIFJ6DZX3P2T284,US9229085959,SEC-NPORT,BBG000HT5K89,BBG001SHTTW9,VBK,C000007801,ETF Shares,figi-ticker-join
S000002848,Vanguard Total Stock Market Index Fund,HJ2RZRUQEVF2A5SPRB21,US9229083061,SEC-NPORT,BBG000BGS0K8,BBG001S71D10,VTSMX,C000007805,Investor Shares,figi-ticker-join
S000002848,Vanguard Total Stock Market Index Fund,HJ2RZRUQEVF2A5SPRB21,US9229083558,SEC-NPORT,BBG008HBGD21,BBG008HBGD30,VSMPX,C000155407,Institutional Plus Shares,figi-ticker-join
S000002848,Vanguard Total Stock Market Index Fund,HJ2RZRUQEVF2A5SPRB21,US9229087690,SEC-NPORT,BBG000HR9779,BBG001SHTB03,VTI,C000007808,ETF Shares,figi-ticker-join
S000002849,JPMorgan U.S. Large Cap Core Plus Fund,54930016EZ7EBWGG9022,US48129C6030,GLEIF,BBG00J2DRYJ3,BBG00J2DRYK1,JLPYX,,,unresolved
S000002853,Vanguard Institutional Index Fund,22FEKWGAFY38KJJVTQ65,US9220402096,SEC-NPORT,BBG000BQJC75,BBG001SB3G30,VIIIX,C000007826,Institutional Plus Shares,figi-ticker-join
S000002874,BlackRock Managed Volatility V.I. Fund,HJIMESMB9B2ISPEE2374,US09253L1089,GLEIF,,,,,,unresolved
S000002887,BlackRock Global Allocation V.I. Fund,3CU9FRQHZNVN4LV55I64,US09253L7771,SEC-NPORT,BBG006VZDHZ4,BBG006VZDJ08,BLGAVI1,,,unresolved
S000002897,Vanguard Short-Term Tax-Exempt Fund,GGTVB4H7PGEDHLTPA045,US9229077469,SEC-NPORT,BBG009THVRW2,BBG009THVRX1,VTEB,,,unresolved
S000002897,Vanguard Short-Term Tax-Exempt Fund,GGTVB4H7PGEDHLTPA045,US9229078038,SEC-NPORT,BBG000BWH1W0,BBG001SH6SM7,VWSUX,C000007960,Admiral Shares,figi-ticker-join
S000002897,Vanguard Short-Term Tax-Exempt Fund,GGTVB4H7PGEDHLTPA045,US9229078608,SEC-NPORT,BBG000BWHPV8,BBG001SH7KX1,VWLUX,,,unresolved
S000002905,Vanguard New York Long-Term Tax-Exempt Fund,9X54UMZHJBMD08GNDG54,US92204H1032,GLEIF,BBG000BCKQK8,BBG001S66KY5,VNYTX,C000007969,Investor Shares,figi-ticker-join
S000002913,Vanguard Growth and Income Fund,BZQEUHY2KE1ZMR7IWO60,US9219131094,SEC-NPORT,BBG000BCKTH6,BBG001S66L46,VQNPX,C000007979,Investor Shares,figi-ticker-join
S000002916,JPMorgan Emerging Markets Debt Fund,8KLDAXM5A9FOP50PQD10,US48121A1346,GLEIF,BBG00341R907,BBG00341R916,JEMVX,C000116218,Class R6,figi-ticker-join
S000002920,Vanguard Dividend Growth Fund,8WLBTFQ5G5FIXQ6NB174,US9219086041,SEC-NPORT,BBG000BH7TP1,BBG001S72SH9,VDIGX,C000008004,Investor Shares,figi-ticker-join
S000002921,Vanguard Energy Fund,VL4LNU346I18Y2T57X03,US9219081091,GLEIF,BBG000BCKJ51,BBG001S66KD8,VGENX,C000008005,Investor Shares,figi-ticker-join
S000002923,Vanguard Precious Metals and Mining Fund,T1RIKLEFYZ1D5JKR6R03,US9219082081,SEC-NPORT,BBG000BCKK30,BBG001S66KG5,VGPMX,C000008009,Investor Shares,figi-ticker-join
S000002924,Vanguard REIT Index Fund,B1HNOZOSPCLXHIVBEI82,US9229085538,SEC-NPORT,BBG000Q89NG6,BBG001SMD2X3,VNQ,C000032424,ETF Shares,figi-ticker-join
S000002931,Vanguard Star Fund,E3B1RGMOZN7CMJE2PV24,US9219091074,GLEIF,BBG000BCKKR4,BBG001S66KJ2,VGSTX,C000008019,Vanguard Star Fund,unique-pairing
S000002932,Vanguard Total International Stock Index Fund,BF5U5YXM0ZHVXS3F8G71,US9219096024,SEC-NPORT,BBG000GTJSL3,BBG001S916J2,VGTSX,C000008020,Investor Shares,figi-ticker-join
S000002932,Vanguard Total International Stock Index Fund,BF5U5YXM0ZHVXS3F8G71,US9219097683,SEC-NPORT,BBG001F8JPC4,BBG001TJR1D8,VXUS,C000094038,ETF Shares,figi-ticker-join
S000002932,Vanguard Total International Stock Index Fund,BF5U5YXM0ZHVXS3F8G71,US9219098186,SEC-NPORT,BBG00193C8D6,BBG001TG1632,VTIAX,C000094037,Admiral Shares,figi-ticker-join
S000002945,JPMorgan California Tax Free Bond Fund,3HCMEJOPTTAMGNRV1B05,US48129C7020,GLEIF,BBG00M3GWB84,BBG00M3GWB93,JCBSX,,,unresolved
S000002948,JPMorgan New York Tax Free Bond Fund,84650YTJCL4Y4SYY2Z84,US48129C8010,GLEIF,,,,,,unresolved
S000002965,JPMorgan 100% U.S. Treasury Securities Money Market Fund,549300BS6M6EE7LNA816,US48123X8276,GLEIF,BBG00Z4KX337,BBG00Z4KX346,EJTXX,,,unresolved
S000002965,JPMorgan 100% U.S. Treasury Securities Money Market Fund,549300BS6M6EE7LNA816,US48123X8359,GLEIF,BBG00XGJ0DN4,BBG00XGJ0DP2,JACXX,,,unresolved
S000002965,JPMorgan 100% U.S. Treasury Securities Money Market Fund,549300BS6M6EE7LNA816,US48129C7442,GLEIF,BBG00RC9RHT9,BBG00RC9RHV6,JSMXX,,,unresolved
S000002965,JPMorgan 100% U.S. Treasury Securities Money Market Fund,549300BS6M6EE7LNA816,US4812A03757,SEC-NPORT,BBG000C0W8R3,BBG001SM1480,CJTXX,C000008117,Capital,figi-ticker-join
S000002965,JPMorgan 100% U.S. Treasury Securities Money Market Fund,549300BS6M6EE7LNA816,US4812A28358,SEC-NPORT,BBG000BWMJT9,BBG001SHD9S5,JTSXX,C000008116,Institutional Class,figi-ticker-join
S000002966,JPMorgan California Municipal Money Market Fund,549300ISV6CL2CBFPS54,US48129C7772,GLEIF,BBG00NBRG2K3,BBG00NBRG2L2,JGCXX,,,unresolved
S000002966,JPMorgan California Municipal Money Market Fund,549300ISV6CL2CBFPS54,US48129C8192,GLEIF,BBG00NBRG045,BBG00NBRG054,JOYXX,,,unresolved
S000002968,JPMorgan New York Municipal Money Market Fund,549300DCBIJBKCP9E167,US48129C7855,GLEIF,BBG00NBRG811,BBG00NBRG820,JGNXX,,,unresolved
S000002968,JPMorgan New York Municipal Money Market Fund,549300DCBIJBKCP9E167,US48129C7939,GLEIF,BBG00NBRG7Q6,BBG00NBRG7R5,JONXX,,,unresolved
S000002969,JPMorgan Prime Money Market Fund,549300YD7H8SEEU7VG41,US46637K8449,SEC-NPORT,BBG002XRJJ07,BBG002XRJJ25,JIMXX,C000115390,IM,figi-ticker-join
S000002969,JPMorgan Prime Money Market Fund,549300YD7H8SEEU7VG41,US48123X8193,GLEIF,BBG00Z4KX3M6,BBG00Z4KX3N5,EJPXX,,,unresolved
S000002969,JPMorgan Prime Money Market Fund,549300YD7H8SEEU7VG41,US48129C7699,GLEIF,BBG00P82VRY0,BBG00P82VRZ9,JPAXX,,,unresolved
S000002969,JPMorgan Prime Money Market Fund,549300YD7H8SEEU7VG41,US4812A26030,SEC-NPORT,BBG000BWMPL3,BBG001S3DWD1,JINXX,,,unresolved
S000002975,PACE International Equity Investments,549300IXV06Q6Q1PT327,US69375U8650,SEC-NPORT,BBG011MPNLX8,BBG011MPNLY7,PWITX,,,unresolved
S000003124,Mid Cap Growth Fund,549300T6Q8Z8NPLQKJ29,US89154X1129,GLEIF,BBG00RQ73C97,BBG00RQ73CB4,TFGRX,,,unresolved
S000003134,UBS EMERGING MARKETS EQUITY FUND,549300G1CKU0JOAO1N69,US90267D7460,SEC-NPORT,BBG00KK86BC1,BBG00KK86BD0,EMPTX,,,unresolved
S000003311,Blue Chip Growth Fund,549300Y54YPXEXY5MN90,US47803V7055,SEC-NPORT,,,,,,unresolved
S000003313,Core Bond Fund,549300VMAI85L27JDC26,US4102238049,SEC-NPORT,BBG022936DQ4,BBG022936DR3,JHBTUSD,,,unresolved
S000003313,Core Bond Fund,549300VMAI85L27JDC26,US47803X6360,SEC-NPORT,BBG000JWFGX0,BBG001SPM499,JHCDX,,,unresolved
S000003363,Small Company Growth Fund,549300D21LKU6G71Z355,US47803X5453,SEC-NPORT,,,,,,unresolved
S000003423,Domini Social Equity Fund,549300G0JGFCKQSI7F08,US2571321007,GLEIF,BBG000BL3Q54,BBG001S7H6R0,DSEFX,C000009466,Investor Shares,figi-ticker-join
S000003442,Davis Opportunity Fund,254900DWO1S68IWQYM51,US2391031042,GLEIF,BBG000BQ9GC1,BBG001S9ZB22,RPEAX,C000009527,Class A,figi-ticker-join
S000003451,Davis Value Portfolio,254900I8J8F2CWJ0T551,US2391241005,GLEIF,BBG000KVQCH5,BBG001T43K09,QDVPAX,C000009557,Davis Value Portfolio,unique-pairing
S000003461,Sit International Growth Fund,254900HEYR6MUMPY3L49,US82980D1037,GLEIF,BBG000BBFJ68,BBG001S5X5J7,SNGRX,C000009595,Sit International Growth Fund,unique-pairing
S000003462,Sit Balanced Fund,254900S381ELN1VXPI41,US82980D2027,GLEIF,BBG000BR1DZ9,BBG001S9QY68,SIBAX,C000009596,Sit Balanced Fund,unique-pairing
S000003463,Sit Developing Markets Growth Fund,254900X352R76CLJ5977,US82980D4007,GLEIF,BBG000F54LM6,BBG001S8H527,SDMGX,C000009597,Sit Developing Markets Growth Fund,unique-pairing
S000003464,Sit Small Cap Growth Fund,254900ENW89B8U6ZTI79,US82980D3017,GLEIF,BBG000BPZCD2,BBG001S6WF68,SSMGX,C000009598,Sit Small Cap Growth Fund,unique-pairing
S000003468,Sit Minnesota Tax-Free Income Fund,254900AFSQI1LY58ZW63,US82979K1007,GLEIF,BBG000BKX522,BBG001S86M13,SMTFX,C000009602,Sit Minnesota Tax-Free Income Fund,unique-pairing
S000003477,JPMorgan Core Bond Fund,DQ695W4P67V7A4LC6I09,US4812C01005,GLEIF,BBG000C0WMK9,BBG001SM1MT7,JCBUX,C000009619,Class R6,figi-ticker-join
S000003477,JPMorgan Core Bond Fund,DQ695W4P67V7A4LC6I09,US4812C21896,GLEIF,BBG00DS5CJB2,BBG00DS5CJC1,JCBQX,C000173235,Class R4,figi-ticker-join
S000003477,JPMorgan Core Bond Fund,DQ695W4P67V7A4LC6I09,US4812C21979,GLEIF,BBG00DS5BSC2,BBG00DS5BSD1,JCBPX,C000173234,Class R3,figi-ticker-join
S000003478,JPMorgan Core Plus Bond Fund,JW89OQCNJOLWVS3KT374,US4812C01344,GLEIF,BBG000C0WNN4,BBG001SM1MV4,JCPUX,C000009624,Class R6,figi-ticker-join
S000003478,JPMorgan Core Plus Bond Fund,JW89OQCNJOLWVS3KT374,US4812C21557,GLEIF,BBG00DSL69K6,BBG00DSL69L5,JCPYX,C000173238,Class R5,figi-ticker-join
S000003478,JPMorgan Core Plus Bond Fund,JW89OQCNJOLWVS3KT374,US4812C21631,GLEIF,BBG00DSL69Q0,BBG00DSL69R9,JCPQX,C000173237,Class R4,figi-ticker-join
S000003478,JPMorgan Core Plus Bond Fund,JW89OQCNJOLWVS3KT374,US4812C21714,GLEIF,BBG00DSL69S8,BBG00DSL69T7,JCPPX,C000173236,Class R3,figi-ticker-join
S000003478,JPMorgan Core Plus Bond Fund,JW89OQCNJOLWVS3KT374,US4812C23876,GLEIF,,,,,,unresolved
S000003485,JPMorgan Government Bond Fund,549300SMSIKAH2NAKR95,US4812C01187,GLEIF,BBG00DDRH9C6,BBG00DDRH9D5,OGGYX,C000009631,Class R6,figi-ticker-join
S000003485,JPMorgan Government Bond Fund,549300SMSIKAH2NAKR95,US4812C21300,GLEIF,BBG00DSL6908,BBG00DSL6917,OGGQX,C000171357,Class R4,figi-ticker-join
S000003485,JPMorgan Government Bond Fund,549300SMSIKAH2NAKR95,US4812C21482,GLEIF,BBG00DSL6935,BBG00DSL6944,OGGPX,C000171356,Class R3,figi-ticker-join
S000003486,JPMorgan High Yield Fund,15QB5UY3VV3GNSMNPX63,US4812C01260,GLEIF,BBG000BRWSZ2,BBG001S9TBH3,JHYUX,C000009640,Class R6,figi-ticker-join
S000003560,James Balanced: Golden Rainbow Fund,5493002CAUTT0DENCO09,US4702591029,GLEIF,BBG000BFV6W0,BBG001S6SR03,GLRBX,C000009900,Retail Class,figi-ticker-join
S000003584,THE HARTFORD INFLATION PLUS FUND,0LWIUERRKLQ5EUTIWP18,US41664T4958,SEC-NPORT,BBG00G6S52Q8,BBG00G6S52R7,HIPFX,,,unresolved
S000003585,THE HARTFORD INTERNATIONAL GROWTH FUND,BLFLG0INSU3G5UJDH483,US41664T4792,SEC-NPORT,BBG00G6S52B4,BBG00G6S52C3,HNCFX,,,unresolved
S000003586,THE HARTFORD INTERNATIONAL OPPORTUNITIES FUND,BLYEDBFWT10C1DLA4U25,US41664T4610,SEC-NPORT,BBG00G5CR2J8,BBG00G5CR2K6,IHOFX,,,unresolved
S000003592,HARTFORD SMALL CAP CORE FUND,OLSKIX5U7YCKWHN05425,US41664T2978,SEC-NPORT,BBG00G6S3Z14,BBG00G6S3Z23,HSMFX,,,unresolved
S000003597,THE HARTFORD SMALL COMPANY FUND,RWDT2URQ448WL7QOZ819,US4166498208,SEC-NPORT,BBG000DKGC60,BBG001SLW638,ITBIX,,,unresolved
S000003597,THE HARTFORD SMALL COMPANY FUND,RWDT2URQ448WL7QOZ819,US41664T2713,SEC-NPORT,BBG00G6S3YJ8,BBG00G6S3YK6,IHSFX,,,unresolved
S000003604,THE HARTFORD CAPITAL APPRECIATION FUND,HPLSYPKVRV09IFB9HJ11,US41664T7191,SEC-NPORT,BBG00G6S5144,BBG00G6S5153,HCAFX,,,unresolved
S000003609,HARTFORD CORE EQUITY FUND,RS2MZ2T0IHDHXT41JY18,US41664T6771,SEC-NPORT,BBG00G4Y02R1,BBG00G4Y02S0,HGIFX,,,unresolved
S000003610,THE HARTFORD DIVIDEND AND GROWTH FUND,549300L1BD2008PK0R68,US41664T6698,SEC-NPORT,BBG00G6S51B6,BBG00G6S51C5,HDGFX,,,unresolved
S000003611,THE HARTFORD EQUITY INCOME FUND,549300TJH34KQLCGU003,US41664T6284,SEC-NPORT,BBG00G6S52S6,BBG00G6S52T5,HQIFX,,,unresolved
S000003634,High Yield Bond Series,5493000VQ6DXRDU0N128,US56382R2417,SEC-NPORT,BBG00NFRNWN2,BBG00NFRNWP0,MHYZX,,,unresolved
S000003654,JPMorgan Mid Cap Growth Fund,5493005HTW43WWUWCV03,US4812C22886,GLEIF,BBG00259PL06,BBG00259PL15,JMGMX,C000106056,Class R6,figi-ticker-join
S000003654,JPMorgan Mid Cap Growth Fund,5493005HTW43WWUWCV03,US4812C22969,GLEIF,BBG00259PH69,BBG00259PHP8,JMGFX,C000106055,Class R5,figi-ticker-join
S000003654,JPMorgan Mid Cap Growth Fund,5493005HTW43WWUWCV03,US4812CA5047,GLEIF,BBG00DSL6953,BBG00DSL6962,JMGPX,C000173559,Class R3,figi-ticker-join
S000003691,Nova Fund,549300RGN4H1V6HLG643,US7835541084,GLEIF,BBG000BY08S4,BBG001S7DHS9,RYNVX,C000010330,Investor Class,figi-ticker-join
S000003695,Europe 1.25x Strategy Fund,549300JYFUD05SONF364,US7835541167,GLEIF,BBG000DGFL51,BBG001SJ8K11,RYCEX,C000010348,Class C,figi-ticker-join
S000003732,Nova Fund,5493004Z57SL7EID0N94,US7835551059,GLEIF,BBG000BML7X3,BBG001SPMJB3,VRNOVAV,C000010401,Variable Annuity,unique-pairing
S000003754,Inverse S&P 500 Strategy Fund,549300ZPGJMLGINIMV44,US7835552040,GLEIF,BBG000BMJCX5,BBG001SPLT59,VRINSPV,C000010423,Variable Annuity,unique-pairing
S000003779,MassMutual Premier High Yield Fund,AQDRLVGKF0IT8SWIC757,US57629H3277,SEC-NPORT,BBG001J46VV9,BBG001V0GRC2,MPHZX,C000098420,Class I,figi-ticker-join
S000003821,Viking Tax-Free Fund for Montana,549300HUF3GV9H84QF46,US9268261081,GLEIF,BBG000BC94P5,BBG001S684R7,VMTTX,C000010660,"Viking Tax-Free Fund for Montana, Class A",figi-ticker-join
S000003827,MML Small Cap Growth Equity Fund,HQ4SSOSDU7DRRXL6HW28,US5530972059,SEC-NPORT,,,,,,unresolved
S000003833,MML Inflation-Protected and Income Fund,6GN6GDL3K7U3DFNZ8J62,US55312G2003,SEC-NPORT,,,,,,unresolved
S000003834,MML Managed Bond Fund,P1YXM1SSOECE52ITGE86,US55312G3092,SEC-NPORT,,,,,,unresolved
S000003835,MML U.S. Government Money Market Fund,54930080JS98DQHKPB49,US55312G1013,GLEIF,,,,C000010691,Initial Class,unique-pairing
S000003846,JPMorgan Equity Income Fund,5493004E5SGY8TJZ5623,US46636U8760,SEC-NPORT,BBG002CLPZR1,BBG002CLPZS0,OIEJX,C000109963,Class R6,figi-ticker-join
S000003846,JPMorgan Equity Income Fund,5493004E5SGY8TJZ5623,US4812C21144,GLEIF,BBG00DSL6999,BBG00DSL69B6,OIEQX,C000173562,Class R4,figi-ticker-join
S000003846,JPMorgan Equity Income Fund,5493004E5SGY8TJZ5623,US4812C21227,GLEIF,BBG00DSL69C5,BBG00DSL69D4,OIEPX,C000173561,Class R3,figi-ticker-join
S000003846,JPMorgan Equity Income Fund,5493004E5SGY8TJZ5623,US4812C23124,GLEIF,BBG001HTXN80,BBG001V0D3K9,OIERX,C000098141,Class R5,figi-ticker-join
S000003846,JPMorgan Equity Income Fund,5493004E5SGY8TJZ5623,US4812C23207,GLEIF,BBG001HTXN26,BBG001V0D3J1,OIEFX,C000098140,Class R2,figi-ticker-join
S000003847,JPMorgan Equity Index Fund,549300FO80ME045UVK10,US4812C22134,GLEIF,BBG00DR7H5C3,BBG00DR7H5J6,OGFAX,C000173239,Class R6,figi-ticker-join
S000003848,Putnam Growth Opportunities Fund,5493007F7Y4GQFGNWX67,US74680A2087,SEC-NPORT,BBG00351D224,BBG00351D233,PGOEX,,,unresolved
S000003855,JPMorgan Intrepid Mid Cap Fund,549300VXYXRG5Y33MC13,US4812CA3067,GLEIF,BBG00DSL6C38,BBG00DSL6C47,WOOOX,C000173563,Class R3,figi-ticker-join
S000003856,JPMorgan Large Cap Growth Fund,549300B21XF5FG1XOB26,US48121L8413,SEC-NPORT,BBG0019HNM79,BBG001TG2QJ0,JLGMX,C000093777,Class R6,figi-ticker-join
S000003856,JPMorgan Large Cap Growth Fund,549300B21XF5FG1XOB26,US4812C23793,GLEIF,BBG000C78N10,BBG001SV9PX7,JLGRX,C000076449,Class R5,figi-ticker-join
S000003856,JPMorgan Large Cap Growth Fund,549300B21XF5FG1XOB26,US4812CA1087,GLEIF,BBG00DSL6BB1,BBG00DSL6BD9,JLGPX,C000173565,Class R3,figi-ticker-join
S000003856,JPMorgan Large Cap Growth Fund,549300B21XF5FG1XOB26,US4812CA2077,GLEIF,BBG00DSL6BH5,BBG00DSL6BJ3,JLGQX,C000173566,Class R4,figi-ticker-join
S000003857,JPMorgan Large Cap Value Fund,549300JPSGHFE3RK0F55,US48121L8330,SEC-NPORT,BBG0019HNMJ6,BBG001TG2QK8,JLVMX,C000093778,Class R6,figi-ticker-join
S000003859,JPMorgan Small Cap Growth Fund,549300O2OV2J830JXI18,US48121L8256,SEC-NPORT,BBG0019HNMV2,BBG001TG2QN5,JGSMX,C000093779,Class R6,figi-ticker-join
S000003859,JPMorgan Small Cap Growth Fund,549300O2OV2J830JXI18,US48123X8011,GLEIF,BBG00HCY3MH4,BBG00HCY3MM8,JGRQX,,,unresolved
S000003899,JPMorgan Small Cap Value Fund,549300V4YKXS0HHDUK18,US4812C02250,SEC-NPORT,BBG000LRFTY9,BBG001SF1S19,JSVUX,C000010897,Class R6,figi-ticker-join
S000003903,JPMorgan Investor Balanced Fund,5493001QNPV0CUEIW176,US4812C22050,GLEIF,BBG000C2KVM6,BBG001SCL239,OGBCX,C000010913,Class C,figi-ticker-join
S000003903,JPMorgan Investor Balanced Fund,5493001QNPV0CUEIW176,US4812C23041,GLEIF,BBG000BNM6M4,BBG001S9J1H6,OIBFX,C000010910,Select Class,figi-ticker-join
S000003909,JPMorgan U.S. Government Money Market Fund,549300NQ5E5B7ZV4T516,US4812C06889,SEC-NPORT,BBG000BS8VY1,BBG001SF9209,OGSXX,C000010943,Premier,figi-ticker-join
S000003909,JPMorgan U.S. Government Money Market Fund,549300NQ5E5B7ZV4T516,US4812C22704,GLEIF,BBG002XRJJM3,BBG002XRJJN2,MGMXX,C000115393,IM,figi-ticker-join
S000003909,JPMorgan U.S. Government Money Market Fund,549300NQ5E5B7ZV4T516,US4812C23389,GLEIF,BBG000QCWB95,BBG001T53BS6,JGMXX,C000078417,Investor,figi-ticker-join
S000003909,JPMorgan U.S. Government Money Market Fund,549300NQ5E5B7ZV4T516,US4812C26846,SEC-NPORT,BBG000CBZC60,BBG001S3DYK9,IJGXX,C000010940,Institutional Class,figi-ticker-join
S000003909,JPMorgan U.S. Government Money Market Fund,549300NQ5E5B7ZV4T516,US6819375204,SEC-NPORT,,,,,,unresolved
S000003910,JPMorgan U.S. Treasury Plus Money Market Fund,549300WIC5LVF25Z1127,US4812C22399,GLEIF,BBG00BTK0LJ2,BBG00BTK0LK0,JTCXX,C000165408,Capital,figi-ticker-join
S000003910,JPMorgan U.S. Treasury Plus Money Market Fund,549300WIC5LVF25Z1127,US4812C22621,GLEIF,BBG002XRJDF4,BBG002XRJDG3,MJPXX,C000115394,IM,figi-ticker-join
S000003910,JPMorgan U.S. Treasury Plus Money Market Fund,549300WIC5LVF25Z1127,US4812C27349,SEC-NPORT,BBG000C24YP5,BBG001SML7K7,IJTXX,C000010947,Institutional Class,figi-ticker-join
S000003910,JPMorgan U.S. Treasury Plus Money Market Fund,549300WIC5LVF25Z1127,US4812C27422,SEC-NPORT,BBG000C24YD8,BBG001SML7H1,AJTXX,C000010953,Agency,figi-ticker-join
S000003996,Putnam Retirement Income Fund Lifestyle 1,549300AN182Q48YYVB84,US7468593881,GLEIF,BBG000QFPVS1,BBG001SS43H6,PRMYX,,,unresolved
S000003996,Putnam Retirement Income Fund Lifestyle 1,549300AN182Q48YYVB84,US74685U1759,GLEIF,BBG00XKKXC70,BBG00XKKXC89,PACQX,,,unresolved
S000003996,Putnam Retirement Income Fund Lifestyle 1,549300AN182Q48YYVB84,US74685U1833,GLEIF,BBG00XKKXCK5,BBG00XKKXCL4,PACPX,,,unresolved
S000003996,Putnam Retirement Income Fund Lifestyle 1,549300AN182Q48YYVB84,US74685U1916,GLEIF,BBG00XKKXD87,BBG00XKKXD96,PACKX,,,unresolved
S000004031,BlackRock Summit Cash Reserves Fund,5493001URR09D53ZX333,US3175902069,GLEIF,,,,,,unresolved
S000004034,BlackRock New York Municipal Opportunities Fund,YL98Y8FYIV7DWE5KIJ84,US09255F1093,GLEIF,,,,,,unresolved
S000004034,BlackRock New York Municipal Opportunities Fund,YL98Y8FYIV7DWE5KIJ84,US09255F2083,GLEIF,BBG000007CW9,,MNE 0 PERP F7,,,unresolved
S000004034,BlackRock New York Municipal Opportunities Fund,YL98Y8FYIV7DWE5KIJ84,US09255F3073,GLEIF,BBG002293740,,NY MNEGEN 10/01/2041,,,unresolved
S000004053,BlackRock Strategic Municipal Opportunities Fund of BlackRock Municipal Series Trust,HLP8Y6CXBZOL2TSZQI38,US09253E1047,GLEIF,BBG000C2SBH8,BBG001SP89N8,MEMTX,,,unresolved
S000004061,Calamos Growth & Income Fund,549300U34OKFBP65J154,US12525P1057,GLEIF,,,,,,unresolved
S000004062,Calamos Market Neutral Income Fund,549300V8T4Z368WZGT46,US1281198804,SEC-NPORT,BBG000CGRGY8,BBG001SFSGD3,CMNIX,C000011369,Class I,figi-ticker-join
S000004084,GMO Quality Fund,549300AFPJUDV7V43T32,US3620082293,SEC-NPORT,BBG000RF6G86,BBG001SS8J87,GQLOX,C000011440,Class VI,figi-ticker-join
S000004148,Government Portfolio,549300BI6Y5SI6BYPB26,US61747C6084,SEC-NPORT,BBG000QLL8N8,BBG001SN3YT7,MAYXX,C000011655,Advisory Class,figi-ticker-join
S000004148,Government Portfolio,549300BI6Y5SI6BYPB26,US61747C7074,SEC-NPORT,BBG000Q6GTD2,BBG001SM9DG3,MVRXX,C000011656,Institutional Class,figi-ticker-join
S000004151,Prime Portfolio,54930028R1FXMUDGQ662,US61747C7157,SEC-NPORT,BBG000L93NH4,BBG001SJY0K5,MPFXX,C000011674,Institutional Class,figi-ticker-join
S000004153,Treasury Portfolio,549300D1XR6GP7EZ0T47,US61747C5821,SEC-NPORT,BBG000Q7C3V1,BBG001SMBYH3,MISXX,C000011686,Institutional Class,figi-ticker-join
S000004153,Treasury Portfolio,549300D1XR6GP7EZ0T47,US61747C5904,SEC-NPORT,BBG000Q7C3F9,BBG001SMBYF5,MAOXX,C000011685,Advisory Class,figi-ticker-join
S000004154,Treasury Securities Portfolio,549300OJY9IZ31SGS926,US61747C5250,SEC-NPORT,BBG000JGFWG9,BBG001T3M549,MSUXX,C000011692,Institutional Class,figi-ticker-join
S000004199,Harding Loevner International Equity Portfolio,54930019D84J5JKRXI44,US4122951076,GLEIF,BBG000F34VQ5,BBG001S8GKF1,HLMIX,C000011817,Institutional,figi-ticker-join
S000004200,Harding Loevner Global Equity Portfolio,549300JCSDWU17MOOL12,US4122952066,GLEIF,BBG000BMCDF0,BBG001S9DD95,HLMGX,C000011819,Advisor,figi-ticker-join
S000004224,GMO International Equity Fund,549300GUNRPC30EDRZ54,US3620088316,SEC-NPORT,BBG000JQ9PB4,BBG001SBL4B8,GMCFX,C000011882,Class IV,figi-ticker-join
S000004246,iShares MSCI Australia ETF,549300X7CW3B8850WA94,US4642861037,GLEIF,BBG000BDNJ29,BBG001S6ZW40,EWA,C000011950,iShares MSCI Australia ETF,unique-pairing
S000004246,iShares MSCI Australia ETF,549300X7CW3B8850WA94,US4642865178,SEC-NPORT,BBG0025X4HC2,BBG0025X4J38,LEMB,C000104446,iShares Emerging Markets Local Currency Bond ETF,figi-ticker-join
S000004246,iShares MSCI Australia ETF,549300X7CW3B8850WA94,US4642866085,SEC-NPORT,BBG000CS4KW0,BBG001SFQPM5,EZU,C000011972,iShares MSCI Eurozone ETF,figi-ticker-join
S000004246,iShares MSCI Australia ETF,549300X7CW3B8850WA94,US4642867729,SEC-NPORT,BBG000CDKWX8,BBG001SF9FC7,EWY,C000011962,iShares MSCI South Korea Capped ETF,figi-ticker-join
S000004246,iShares MSCI Australia ETF,549300X7CW3B8850WA94,US46434G1031,SEC-NPORT,BBG003HC3CQ0,BBG003HC3DG9,IEMG,C000119708,iShares Core MSCI Emerging Markets ETF,figi-ticker-join
S000004246,iShares MSCI Australia ETF,549300X7CW3B8850WA94,US46434G8630,SEC-NPORT,BBG00D7BDH61,BBG00D7BDH70,ESGE,C000170244,iShares MSCI EM ESG Optimized ETF,figi-ticker-join
S000004247,iShares MSCI Hong Kong ETF,5493006QGDOVMY5SAY54,US4642868719,SEC-NPORT,BBG000BBDXW0,BBG001S5VWX4,EWH,C000011951,iShares MSCI Hong Kong ETF,figi-ticker-join
S000004248,iShares MSCI Italy Capped ETF,549300S0PVI5CQLC2571,US46434G8309,SEC-NPORT,BBG000BK2V65,BBG001S8SYM0,EWI,C000011952,iShares MSCI Italy Capped ETF,figi-ticker-join
S000004249,iShares MSCI Japan ETF,5493008I6YRUC6I0S051,US46434G8226,SEC-NPORT,BBG000BK38F5,BBG001S8SYN9,EWJ,C000011953,iShares MSCI Japan ETF,figi-ticker-join
S000004250,iShares MSCI Malaysia ETF,QHNU1WJWRSX7LW7ZHE41,US46434G8143,SEC-NPORT,BBG000BK3L48,BBG001S8SYP7,EWM,C000011954,iShares MSCI Malaysia ETF,figi-ticker-join
S000004251,iShares MSCI Mexico Capped ETF,549300SQ92O6OZ19G545,US4642868222,SEC-NPORT,BBG000BK42M9,BBG001S8SYQ6,EWW,C000011955,iShares MSCI Mexico Capped ETF,figi-ticker-join
S000004252,iShares MSCI Netherlands ETF,549300QIDP8IC2ODTL23,US4642868149,SEC-NPORT,BBG000BK4FC1,BBG001S8SYR5,EWN,C000011956,iShares MSCI Netherlands ETF,figi-ticker-join
S000004253,iShares MSCI Pacific ex Japan ETF,549300BD232B3QSQRR65,US4642866655,SEC-NPORT,BBG000BJ1XP4,BBG001S89L03,EPP,C000011957,iShares MSCI Pacific ex Japan ETF,figi-ticker-join
S000004254,iShares MSCI Singapore ETF,549300C97NIRWFCB5A22,US46434G7806,SEC-NPORT,BBG000BK4VM5,BBG001S8SYS4,EWS,C000011958,iShares MSCI Singapore ETF,figi-ticker-join
S000004255,iShares MSCI South Africa ETF,549300N26GW1II0BPW20,US4642867802,SEC-NPORT,BBG000PNJ9F5,BBG001SLJR19,EZA,C000011959,iShares MSCI South Africa ETF,figi-ticker-join
S000004256,iShares MSCI Spain Capped ETF,549300KJYAHQCJB4CU67,US4642867646,SEC-NPORT,BBG000BK58Q1,BBG001S8SYT3,EWP,C000011960,iShares MSCI Spain Capped ETF,figi-ticker-join
S000004257,iShares MSCI Austria Capped ETF,549300E07Z2ITX3EMG78,US4642862027,SEC-NPORT,BBG000BF6M62,BBG001S78R03,EWO,C000011961,iShares MSCI Austria Capped ETF,figi-ticker-join
S000004258,iShares MSCI South Korea Capped ETF,GR1QY1XUY5M0EJSI5J57,US4642867729,SEC-NPORT,BBG000CDKWX8,BBG001SF9FC7,EWY,C000011962,iShares MSCI South Korea Capped ETF,figi-ticker-join
S000004260,iShares MSCI Switzerland Capped ETF,549300WB2EJ9RDFN4R78,US4642867497,SEC-NPORT,BBG000BK5Z27,BBG001S8SYW9,EWL,C000011964,iShares MSCI Switzerland Capped ETF,figi-ticker-join
S000004261,iShares MSCI Taiwan ETF,NOTS2OVXOI43240U2196,US46434G7723,SEC-NPORT,BBG000CJLQ12,BBG001SFGL81,EWT,C000011965,iShares MSCI Taiwan ETF,figi-ticker-join
S000004263,iShares MSCI Belgium Capped ETF,549300BBSWUY8YSLJ845,US4642863017,SEC-NPORT,BBG000BDMNG6,BBG001S6ZMW1,EWK,C000011967,iShares MSCI Belgium Capped ETF,figi-ticker-join
S000004264,iShares MSCI Brazil Capped ETF,5493006D2L7KY3ZDF809,US4642864007,SEC-NPORT,BBG000CPLR52,BBG001SFN5N1,EWZ,C000011968,iShares MSCI Brazil Capped ETF,figi-ticker-join
S000004265,iShares MSCI Canada ETF,549300DXCD53F4JK3H45,US4642865095,SEC-NPORT,BBG000BJSXB0,BBG001S8R7V0,EWC,C000011969,iShares MSCI Canada ETF,figi-ticker-join
S000004266,iShares MSCI Emerging Markets ETF,549300BPYHDEDI59G670,US4642872349,SEC-NPORT,BBG000M0P5L2,BBG001SK77D5,EEM,C000011970,iShares MSCI Emerging Markets ETF,figi-ticker-join
S000004267,iShares MSCI France ETF,549300DTW3LGNTWLQA96,US4642867075,SEC-NPORT,BBG000BJX6S5,BBG001S8S2R5,EWQ,C000011971,iShares MSCI France ETF,figi-ticker-join
S000004268,iShares MSCI Eurozone ETF,549300Q88WD2SU6SPH06,US4642866085,SEC-NPORT,BBG000CS4KW0,BBG001SFQPM5,EZU,C000011972,iShares MSCI Eurozone ETF,figi-ticker-join
S000004269,iShares MSCI Germany ETF,5493004D0K60CDIFRQ61,US4642868065,SEC-NPORT,BBG000BJZKN7,BBG001S8SJC4,EWG,C000011973,iShares MSCI Germany ETF,figi-ticker-join
S000004273,BlackRock Cash Funds: Treasury,5493005PQV5UQG4OSI49,US0669224778,SEC-NPORT,BBG00LFWD7W1,BBG00LFWD813,XTSLA,,,unresolved
S000004275,BlackRock Cash Funds: Institutional,549300JDHS1T46VWOG19,US0669225197,SEC-NPORT,BBG0063G2RT4,BBG0063G2RV1,BISXX,,,unresolved
S000004306,iShares S&P 100 ETF,549300G3FWQPUM47D181,US4642871010,SEC-NPORT,BBG000DDXQR3,BBG001SGB026,OEF,C000012036,iShares S&P 100 ETF,figi-ticker-join
S000004306,iShares S&P 100 ETF,549300G3FWQPUM47D181,US4642872000,SEC-NPORT,BBG000BVZ4F5,BBG001SFB7R6,IVV,C000012040,iShares Core S&P 500 ETF,figi-ticker-join
S000004306,iShares S&P 100 ETF,549300G3FWQPUM47D181,US4642872265,SEC-NPORT,BBG000Q123R0,BBG001SM1QT8,AGG,C000012092,iShares Core U.S. Aggregate Bond ETF,figi-ticker-join
S000004306,iShares S&P 100 ETF,549300G3FWQPUM47D181,US4642872422,SEC-NPORT,BBG000BBV9N3,BBG001S60QR6,LQD,C000012091,iShares iBoxx $ Investment Grade Corporate Bond ETF,figi-ticker-join
S000004306,iShares S&P 100 ETF,549300G3FWQPUM47D181,US4642874402,SEC-NPORT,BBG000BHR296,BBG001S80936,IEF,C000012088,iShares 7-10 Year Treasury Bond ETF,figi-ticker-join
S000004306,iShares S&P 100 ETF,549300G3FWQPUM47D181,US4642874576,SEC-NPORT,BBG000NTFYM5,BBG001SKXPR1,SHY,C000012087,iShares 1-3 Year Treasury Bond ETF,figi-ticker-join
S000004306,iShares S&P 100 ETF,549300G3FWQPUM47D181,US4642875987,SEC-NPORT,BBG000CG9VP5,BBG001S562P7,IWD,C000012075,iShares Russell 1000 Value ETF,figi-ticker-join
S000004306,iShares S&P 100 ETF,549300G3FWQPUM47D181,US4642876142,SEC-NPORT,BBG000BTR7Z0,BBG001S56320,IWF,C000012076,iShares Russell 1000 Growth ETF,figi-ticker-join
S000004306,iShares S&P 100 ETF,549300G3FWQPUM47D181,US4642876480,SEC-NPORT,BBG000C17LW4,BBG001S562F8,IWO,C000012073,iShares Russell 2000 Growth ETF,figi-ticker-join
S000004306,iShares S&P 100 ETF,549300G3FWQPUM47D181,US4642876555,SEC-NPORT,BBG000CGC9C4,BBG001SFC7Y7,IWM,C000012074,iShares Russell 2000 ETF,figi-ticker-join
S000004306,iShares S&P 100 ETF,549300G3FWQPUM47D181,US4642876894,SEC-NPORT,BBG000BWDVW8,BBG001SFC7Z6,IWV,C000012071,iShares Russell 3000 ETF,figi-ticker-join
S000004306,iShares S&P 100 ETF,549300G3FWQPUM47D181,US4642882736,SEC-NPORT,BBG000T1G7X6,BBG001SYVWS7,SCZ,C000052896,iShares MSCI EAFE Small-Cap ETF,figi-ticker-join
S000004306,iShares S&P 100 ETF,549300G3FWQPUM47D181,US4642882819,SEC-NPORT,BBG000NXKWH0,BBG001SQS9Y2,EMB,C000055529,iShares J.P. Morgan USD Emerging Markets Bond ETF,figi-ticker-join
S000004306,iShares S&P 100 ETF,549300G3FWQPUM47D181,US4642884146,SEC-NPORT,BBG000TC0WT9,BBG001SZV978,MUB,C000052220,iShares National Muni Bond ETF,figi-ticker-join
S000004306,iShares S&P 100 ETF,549300G3FWQPUM47D181,US4642885135,SEC-NPORT,BBG000R2T3H9,BBG001ST0ZQ7,HYG,C000046846,iShares iBoxx $ High Yield Corporate Bond ETF,figi-ticker-join
S000004306,iShares S&P 100 ETF,549300G3FWQPUM47D181,US4642886463,SEC-NPORT,BBG000QN2BW8,BBG001SSD858,IGSB,,,unresolved
S000004306,iShares S&P 100 ETF,549300G3FWQPUM47D181,US4642886612,SEC-NPORT,BBG000QN0RR1,BBG001SSD812,IEI,C000037537,iShares 3-7 Year Treasury Bond ETF,figi-ticker-join
S000004306,iShares S&P 100 ETF,549300G3FWQPUM47D181,US46429B2676,SEC-NPORT,BBG002NCKNY3,BBG002NCKPP8,GOVT,C000110086,iShares Core U.S. Treasury Bond ETF,figi-ticker-join
S000004306,iShares S&P 100 ETF,549300G3FWQPUM47D181,US46429B5984,SEC-NPORT,BBG002DMN3L7,BBG002DMN4B6,INDA,C000106878,iShares MSCI India ETF,figi-ticker-join
S000004306,iShares S&P 100 ETF,549300G3FWQPUM47D181,US46429B6974,SEC-NPORT,BBG0025X2FJ1,BBG0025X2G81,USMV,C000099141,iShares Edge MSCI Min Vol USA ETF,figi-ticker-join
S000004306,iShares S&P 100 ETF,549300G3FWQPUM47D181,US46434V4234,SEC-NPORT,BBG00B094395,BBG00B0943B2,KSA,C000150700,iShares MSCI Saudi Arabia Capped ETF,figi-ticker-join
S000004307,iShares Core S&P Mid-Cap ETF,549300ODQWH5PC0IUZ78,US4642875078,SEC-NPORT,BBG000BWC7P0,BBG001SFC7V0,IJH,C000012037,iShares Core S&P Mid-Cap ETF,figi-ticker-join
S000004308,iShares S&P Mid-Cap 400 Growth ETF,549300QX118GSGGY3M67,US4642876068,SEC-NPORT,BBG000C15L83,BBG001SFQL08,IJK,C000012038,iShares S&P Mid-Cap 400 Growth ETF,figi-ticker-join
S000004309,iShares S&P Mid-Cap 400 Value ETF,549300RXJ5JGMYH3Y929,US4642877058,SEC-NPORT,BBG000C14JK5,BBG001SFQJM9,IJJ,C000012039,iShares S&P Mid-Cap 400 Value ETF,figi-ticker-join
S000004310,iShares Core S&P 500 ETF,5493007M4YMN8XL48C14,US4642872000,SEC-NPORT,BBG000BVZ4F5,BBG001SFB7R6,IVV,C000012040,iShares Core S&P 500 ETF,figi-ticker-join
S000004311,iShares S&P 500 Growth ETF,549300RYFG0B8O3DPR13,US4642873099,SEC-NPORT,BBG000BWDHF8,BBG001S561Q8,IVW,C000012041,iShares S&P 500 Growth ETF,figi-ticker-join
S000004312,iShares S&P 500 Value ETF,549300CBC7RH6BCDVO32,US4642874089,SEC-NPORT,BBG000BWD2Y0,BBG001S561K4,IVE,C000012042,iShares S&P 500 Value ETF,figi-ticker-join
S000004313,iShares Core S&P Small-Cap ETF,549300BZQ17QYN750B25,US4642878049,SEC-NPORT,BBG000BWCNN7,BBG001SFC7W9,IJR,C000012043,iShares Core S&P Small-Cap ETF,figi-ticker-join
S000004314,iShares S&P Small-Cap 600 Growth ETF,549300EFW54J0I4GU776,US4642878874,SEC-NPORT,BBG000C16NW1,BBG001SFQL44,IJT,C000012044,iShares S&P Small-Cap 600 Growth ETF,figi-ticker-join
S000004315,iShares Europe ETF,5493004D4K31BQWDCY74,US4642878619,SEC-NPORT,BBG000BXV152,BBG001SFGXD9,IEV,C000012045,iShares Europe ETF,figi-ticker-join
S000004316,iShares S&P Small-Cap 600 Value ETF,549300XRN6BYGRPV6Y61,US4642878791,SEC-NPORT,BBG000C160L3,BBG001SFQL26,IJS,C000012046,iShares S&P Small-Cap 600 Value ETF,figi-ticker-join
S000004317,iShares Core S&P Total U.S. Stock Market ETF,549300E44NRXZV2OY345,US4642871507,SEC-NPORT,BBG000HSHTP0,BBG001SHTRL5,ITOT,C000012047,iShares Core S&P Total U.S. Stock Market ETF,figi-ticker-join
S000004318,iShares U.S. Basic Materials ETF,549300C3N3XQBDOFN604,US4642878387,SEC-NPORT,BBG000BXYFZ5,BBG001SFGY10,IYM,C000012048,iShares U.S. Basic Materials ETF,figi-ticker-join
S000004321,iShares U.S. Energy ETF,549300GL0EFBIH6RSZ34,US4642877967,SEC-NPORT,BBG000BXXRG1,BBG001SFGXW8,IYE,C000012051,iShares U.S. Energy ETF,figi-ticker-join
S000004322,iShares U.S. Financial Services ETF,549300O3BGVZIZJEZC19,US4642877702,SEC-NPORT,BBG000BXXGQ4,BBG001SFGXS3,IYG,C000012052,iShares U.S. Financial Services ETF,figi-ticker-join
S000004323,iShares U.S. Financials ETF,549300XJFHQIYSJ58K73,US4642877884,SEC-NPORT,BBG000CGFWK1,BBG001SFC802,IYF,C000012053,iShares U.S. Financials ETF,figi-ticker-join
S000004326,iShares Global 100 ETF,549300TOT5VRSAZWJX06,US4642875722,SEC-NPORT,BBG000DWS6F4,BBG001SGL748,IOO,C000012056,iShares Global 100 ETF,figi-ticker-join
S000004328,iShares U.S. Real Estate ETF,549300SJWB2CPZFPT616,US4642877397,SEC-NPORT,BBG000BXW687,BBG001SFGXJ3,IYR,C000012058,iShares U.S. Real Estate ETF,figi-ticker-join
S000004329,iShares U.S. Technology ETF,5493003RR427QZS78C77,US4642877215,SEC-NPORT,BBG000CF9GL4,BBG001SFB7Z7,IYW,C000012059,iShares U.S. Technology ETF,figi-ticker-join
S000004330,iShares Dow Jones U.S. ETF,549300XIKWGNHO06KE46,US4642878460,SEC-NPORT,BBG000BDJ6T3,BBG001S7Y593,IYY*,,,unresolved
S000004331,iShares Transportation Average ETF,54930060GGS23N7A3X92,US4642871929,SEC-NPORT,BBG000BPNZB6,BBG001SB7HJ7,IYT,C000012061,iShares Transportation Average ETF,figi-ticker-join
S000004333,iShares U.S. Telecommunications ETF,549300NQVBE9U3YDB131,US4642877132,SEC-NPORT,BBG000BWF7P7,BBG001SFC820,IYZ,C000012063,iShares U.S. Telecommunications ETF,figi-ticker-join
S000004334,iShares Select Dividend ETF,549300NTKYSVK7SH3145,US4642871689,SEC-NPORT,BBG000C1L679,BBG001SDJVG2,DVY,C000012064,iShares Select Dividend ETF,figi-ticker-join
S000004335,iShares Russell Mid-Cap Value ETF,5493005J0UKEGJC13J47,US4642874733,SEC-NPORT,BBG000JWZ6F0,BBG001S561V2,IWS,C000012065,iShares Russell Mid-Cap Value ETF,figi-ticker-join
S000004336,iShares Russell Mid-Cap Growth ETF,5493004I787UFE6AN650,US4642874816,SEC-NPORT,BBG000BW05W9,BBG001S561Z8,IWP,C000012066,iShares Russell Mid-Cap Growth ETF,figi-ticker-join
S000004338,iShares Russell Mid-Cap ETF,549300RVM4H7425YNW89,US4642874998,SEC-NPORT,BBG000JWXHK2,BBG001SJCNS1,IWR,C000012068,iShares Russell Mid-Cap ETF,figi-ticker-join
S000004339,iShares Core Russell U.S. Value ETF,5493000QQ8DI7M01C732,US4642876639,SEC-NPORT,BBG000C183Y1,BBG001SFQL80,IUSV,C000012069,iShares Core Russell U.S. Value ETF,figi-ticker-join
S000004340,iShares Core Russell U.S. Growth ETF,549300JOHA1VZHAEBP32,US4642876712,SEC-NPORT,BBG000C18HW2,BBG001SFQL99,IUSG,C000012070,iShares Core Russell U.S. Growth ETF,figi-ticker-join
S000004341,iShares Russell 3000 ETF,549300MZB6KLEC394780,US4642876894,SEC-NPORT,BBG000BWDVW8,BBG001SFC7Z6,IWV,C000012071,iShares Russell 3000 ETF,figi-ticker-join
S000004342,iShares Russell 2000 Value ETF,549300WJAJCAZZLTQD63,US4642876308,SEC-NPORT,BBG000C16Z27,BBG001S56277,IWN,C000012072,iShares Russell 2000 Value ETF,figi-ticker-join
S000004343,iShares Russell 2000 Growth ETF,549300CPJOUVKWJGSH44,US4642876480,SEC-NPORT,BBG000C17LW4,BBG001S562F8,IWO,C000012073,iShares Russell 2000 Growth ETF,figi-ticker-join
S000004344,iShares Russell 2000 ETF,549300O80OAR5VTWR172,US4642876555,SEC-NPORT,BBG000CGC9C4,BBG001SFC7Y7,IWM,C000012074,iShares Russell 2000 ETF,figi-ticker-join
S000004345,iShares Russell 1000 Value ETF,549300KLSYN5NN4YNM90,US4642875987,SEC-NPORT,BBG000CG9VP5,BBG001S562P7,IWD,C000012075,iShares Russell 1000 Value ETF,figi-ticker-join
S000004346,iShares Russell 1000 Growth ETF,549300H1KWQVEKI25E14,US4642876142,SEC-NPORT,BBG000BTR7Z0,BBG001S56320,IWF,C000012076,iShares Russell 1000 Growth ETF,figi-ticker-join
S000004347,iShares Russell 1000 ETF,549300R9T7XRZ4D3YF43,US4642876225,SEC-NPORT,BBG000CF7ZN2,BBG001S562W9,IWB,C000012077,iShares Russell 1000 ETF,figi-ticker-join
S000004348,iShares Latin America 40 ETF,549300LU9LZBB8WGN795,US4642873909,SEC-NPORT,BBG000KWYDJ0,BBG001SJRVW2,ILF,C000012078,iShares Latin America 40 ETF,figi-ticker-join
S000004349,iShares Cohen & Steers REIT ETF,549300P7D6C3R8852B29,US4642875649,SEC-NPORT,BBG000C3Z0X4,BBG001SDX760,ICF,C000012079,iShares Cohen & Steers REIT ETF,figi-ticker-join
S000004350,iShares Nasdaq Biotechnology ETF,549300S7IVD88MPK0066,US4642875565,SEC-NPORT,BBG000FS8GY0,BBG001SGYSW7,IBB,C000012080,iShares Nasdaq Biotechnology ETF,figi-ticker-join
S000004351,iShares MSCI EAFE ETF,549300O0XO3KDQV68404,US4642874659,SEC-NPORT,BBG000D2KQ55,BBG001SG09V7,EFA,C000012081,iShares MSCI EAFE ETF,figi-ticker-join
S000004352,iShares North American Tech ETF,549300MWG0PY0C195J81,US4642875490,SEC-NPORT,BBG000H13601,BBG001SHHYT5,IGM,C000012082,iShares North American Tech ETF,figi-ticker-join
S000004354,iShares PHLX Semiconductor ETF,5493004SPI3IF1GDIR85,US4642875235,SEC-NPORT,BBG000JP3063,BBG001SJ8F58,SOXX,C000012084,iShares PHLX Semiconductor ETF,figi-ticker-join
S000004355,iShares North American Tech-Software ETF,54930072GM1ADLZJ5373,US4642875151,SEC-NPORT,BBG000BGQ921,BBG001S7W2J1,IGV,C000012085,iShares North American Tech-Software ETF,figi-ticker-join
S000004357,iShares 1-3 Year Treasury Bond ETF,549300W0WX9TL4G6HM56,US4642874576,SEC-NPORT,BBG000NTFYM5,BBG001SKXPR1,SHY,C000012087,iShares 1-3 Year Treasury Bond ETF,figi-ticker-join
S000004358,iShares 7-10 Year Treasury Bond ETF,549300XS1PPZG92M8L16,US4642874402,SEC-NPORT,BBG000BHR296,BBG001S80936,IEF,C000012088,iShares 7-10 Year Treasury Bond ETF,figi-ticker-join
S000004359,iShares Global Energy ETF,5493005XHS63FFTJXT53,US4642873412,SEC-NPORT,BBG000L74NQ7,BBG001S7RSN5,IXC,C000012089,iShares Global Energy ETF,figi-ticker-join
S000004360,iShares 20+ Year Treasury Bond ETF,549300WWURKS1JGBZU59,US4642874329,SEC-NPORT,BBG000BJKYW3,BBG001S8MLN3,TLT,C000012090,iShares 20+ Year Treasury Bond ETF,figi-ticker-join
S000004361,iShares iBoxx $ Investment Grade Corporate Bond ETF,549300FYCXFXG8POR355,US4642872422,SEC-NPORT,BBG000BBV9N3,BBG001S60QR6,LQD,C000012091,iShares iBoxx $ Investment Grade Corporate Bond ETF,figi-ticker-join
S000004362,iShares Core U.S. Aggregate Bond ETF,549300F7VSXTKBGHJE47,US4642872265,SEC-NPORT,BBG000Q123R0,BBG001SM1QT8,AGG,C000012092,iShares Core U.S. Aggregate Bond ETF,figi-ticker-join
S000004363,iShares TIPS Bond ETF,549300EHD1VQKMRQ0829,US4642871762,SEC-NPORT,BBG000C01W49,BBG001SD9RM5,TIP,C000012093,iShares TIPS Bond ETF,figi-ticker-join
S000004364,iShares China Large-Cap ETF,5493001YVWPO25CNKN94,US4642871846,SEC-NPORT,BBG000Q8RVM1,BBG001SMDNB1,FXI,C000012094,iShares China Large-Cap ETF,figi-ticker-join
S000004367,iShares Morningstar Large-Cap ETF,5493009PL6SP423UWN97,US4642871275,SEC-NPORT,BBG000BRJ943,BBG001SBR743,ILCB,,,unresolved
S000004368,iShares Morningstar Large-Cap Growth ETF,549300T4EMBVXIT1TP48,US4642871192,SEC-NPORT,BBG000BRL209,BBG001SBRHJ5,ILCG,,,unresolved
S000004369,iShares Morningstar Large-Cap Value ETF,549300VH0Z7NN9LNDW04,US4642881092,SEC-NPORT,BBG000BRLDW0,BBG001SBRHX9,ILCV,,,unresolved
S000004371,iShares Morningstar Mid-Cap ETF,5493007Y85LPQ4743Q29,US4642882082,SEC-NPORT,BBG000BRM0H4,BBG001SBRK26,IMCB,,,unresolved
S000004379,Prudential Financial Services Fund,A7ENDJ96UZ140PR9W103,US74441P1066,GLEIF,BBG000BJRLQ1,BBG001S8YK98,PFSAX,C000012117,Class A,figi-ticker-join
S000004386,Vanguard Developed Markets Index Fund,3TVJ6OS71EDS4RAB2217,US9219438093,SEC-NPORT,BBG000BD7V75,BBG001S7T5L5,VTMGX,C000012140,Admiral Shares,figi-ticker-join
S000004386,Vanguard Developed Markets Index Fund,3TVJ6OS71EDS4RAB2217,US9219438580,SEC-NPORT,BBG000QVFB47,BBG001SSPWL4,VEA,C000051262,ETF Shares,figi-ticker-join
S000004386,Vanguard Developed Markets Index Fund,3TVJ6OS71EDS4RAB2217,US9219438820,SEC-NPORT,BBG000D3MNQ5,BBG001SHFK71,VTMNX,C000012141,Institutional Shares,figi-ticker-join
S000004386,Vanguard Developed Markets Index Fund,3TVJ6OS71EDS4RAB2217,US92206J2069,SEC-NPORT,BBG005M89B48,BBG005M89BF6,VDIPX,C000135477,Institutional Plus Shares,figi-ticker-join
S000004389,Vanguard International Value Fund,7EM3BZ1YDS7XSXNCNE49,US9219392035,SEC-NPORT,BBG000BCKXL2,BBG001S66L82,VTRIX,C000012145,Investor Shares,figi-ticker-join
S000004391,Money Market Portfolio,0NONMH8REY0TF2TI6Z60,US9219251033,GLEIF,BBG000CY7B72,BBG001T0JN31,VVAMKTV,C000012147,Money Market Portfolio,unique-pairing
S000004395,Total Bond Market Index Portfolio,5ZDDIRU2ZZ8157CR8U65,US9219252023,SEC-NPORT,BBG000CY7CQ9,BBG001T0JN86,VVATBMV,,,unresolved
S000004400,Equity Index Portfolio,7JQ1DLD3O9GPKG81WF09,US9219253013,SEC-NPORT,BBG000CY66C8,BBG001T0JMP9,VVAEQIV,,,unresolved
S000004405,VANGUARD WELLESLEY INCOME FUND,9IBUENCX8GHY3X70KM34,US9219381061,GLEIF,BBG000BC00Z1,BBG001S64WV4,VWINX,C000012161,Investor Shares,figi-ticker-join
S000004405,VANGUARD WELLESLEY INCOME FUND,9IBUENCX8GHY3X70KM34,US9219382051,GLEIF,BBG000BWZXZ7,BBG001SHX271,VWIAX,C000012162,Admiral Shares,figi-ticker-join
S000004405,VANGUARD WELLESLEY INCOME FUND,9IBUENCX8GHY3X70KM34,US9219383042,GLEIF,,,,,,unresolved
S000004405,VANGUARD WELLESLEY INCOME FUND,9IBUENCX8GHY3X70KM34,US9219384032,GLEIF,BBG01YJPH7G7,BBG01YJPH8W7,VDIG,,,unresolved
S000004405,VANGUARD WELLESLEY INCOME FUND,9IBUENCX8GHY3X70KM34,US9219385021,GLEIF,BBG01YJPB407,BBG01YJPB5T3,VUSG,,,unresolved
S000004405,VANGUARD WELLESLEY INCOME FUND,9IBUENCX8GHY3X70KM34,US9219386011,GLEIF,BBG01YJP6JP3,BBG01YJP6KN2,VUSV,,,unresolved
S000004405,VANGUARD WELLESLEY INCOME FUND,9IBUENCX8GHY3X70KM34,US9219387001,GLEIF,BBG02145RC03,BBG02145RCZ5,VBCA,,,unresolved
S000004405,VANGUARD WELLESLEY INCOME FUND,9IBUENCX8GHY3X70KM34,US9219388090,GLEIF,BBG02143RV42,BBG02143RW59,VBCB,,,unresolved
S000004405,VANGUARD WELLESLEY INCOME FUND,9IBUENCX8GHY3X70KM34,US9219388173,GLEIF,BBG02147CNB9,BBG02147CPM2,VBCJ,,,unresolved
S000004405,VANGUARD WELLESLEY INCOME FUND,9IBUENCX8GHY3X70KM34,US9219388256,GLEIF,BBG021482527,BBG021482625,VBCI,,,unresolved
S000004405,VANGUARD WELLESLEY INCOME FUND,9IBUENCX8GHY3X70KM34,US9219388330,GLEIF,BBG02146BVM2,BBG02146BXF6,VBCH,,,unresolved
S000004405,VANGUARD WELLESLEY INCOME FUND,9IBUENCX8GHY3X70KM34,US9219388413,GLEIF,BBG02146BP18,BBG02146BQ07,VBCG,,,unresolved
S000004405,VANGUARD WELLESLEY INCOME FUND,9IBUENCX8GHY3X70KM34,US9219388587,GLEIF,BBG02145WWX7,BBG02145WY54,VBCF,,,unresolved
S000004405,VANGUARD WELLESLEY INCOME FUND,9IBUENCX8GHY3X70KM34,US9219388660,GLEIF,BBG02145HV11,BBG02145HVZ4,VBCE,,,unresolved
S000004405,VANGUARD WELLESLEY INCOME FUND,9IBUENCX8GHY3X70KM34,US9219388744,GLEIF,BBG02143RWB2,BBG02143RX84,VBCD,,,unresolved
S000004405,VANGUARD WELLESLEY INCOME FUND,9IBUENCX8GHY3X70KM34,US9219388827,GLEIF,BBG0214021T4,BBG0214023J1,VBCC,,,unresolved
S000004407,Vanguard International Explorer Fund,88VXU7452NE7ZNF35F68,US9219462085,SEC-NPORT,BBG000GP5R56,BBG001SKTFG0,VINEX,C000012165,Investor Shares,figi-ticker-join
S000004408,Vanguard Mid-Cap Growth Fund,67SKFI1ABVSKU3EAVL39,US9219463075,SEC-NPORT,BBG000NLHHV7,BBG001SKTFD3,VMGRX,C000012166,Investor Shares,figi-ticker-join
S000004408,Vanguard Mid-Cap Growth Fund,67SKFI1ABVSKU3EAVL39,US9229085389,SEC-NPORT,BBG000Q1ZB87,BBG001SRN7S6,VOT,,,unresolved
S000004417,Vanguard Windsor Fund,L08WJCIQZ7NZJX1TTO71,US9220181062,SEC-NPORT,BBG000BBRWQ4,BBG001S64XN1,VWNDX,C000012178,Investor Shares,figi-ticker-join
S000004418,Vanguard Windsor II Fund,EPRUJCUS7VDM55UDW365,US9220182052,SEC-NPORT,BBG000BBRYG1,BBG001S64YR5,VWNFX,C000012180,Investor Shares,figi-ticker-join
S000004430,iShares Morningstar Mid-Cap Growth ETF,549300PIJ31FEN7DPB98,US4642883072,SEC-NPORT,BBG000BRMGV3,BBG001SBRK44,IMCG,,,unresolved
S000004432,iShares Morningstar Mid-Cap Value ETF,549300TLH0RWIJSNKH50,US4642884062,SEC-NPORT,BBG000BRMTJ9,BBG001SBRK53,IMCV,,,unresolved
S000004434,iShares Morningstar Small-Cap Growth ETF,549300LTDYGH14NZXT13,US4642886042,SEC-NPORT,BBG000BRNNW6,BBG001SBRKD4,ISCG,,,unresolved
S000004436,iShares MSCI USA ESG Select ETF,549300361EFZVRH26L37,US4642888022,SEC-NPORT,BBG000QN82F1,BBG001SN86J4,SUSA,,,unresolved
S000004437,iShares MSCI EAFE Growth ETF,549300TM3QJ7458P4314,US4642888857,SEC-NPORT,BBG000HF82Y7,BBG001SP62C7,EFG,C000012200,iShares MSCI EAFE Growth ETF,figi-ticker-join
S000004438,iShares MSCI EAFE Value ETF,549300AN74D4XJZB8Y40,US4642888774,SEC-NPORT,BBG000GLBJK9,BBG001SNYBH6,EFV,C000012201,iShares MSCI EAFE Value ETF,figi-ticker-join
S000004439,iShares Micro-Cap ETF,549300RWAE45TBJ0XD47,US4642888691,SEC-NPORT,BBG000HMYVY9,BBG001SP7X10,IWC,C000012202,iShares Micro-Cap ETF,figi-ticker-join
S000004443,Vanguard Telecommunication Services Index Fund,G72911VLR8K3DTWYSX34,US92204A8844,SEC-NPORT,BBG000HTGPJ4,BBG001SHTV72,VOX,C000012209,ETF Shares,figi-ticker-join
S000004444,Vanguard U.S. Growth Fund,4IESARCYK2P68FL7C831,US9219101055,GLEIF,BBG000BC13C9,BBG001S650Z9,VWUSX,C000012210,Investor Shares,figi-ticker-join
S000004446,Vanguard Consumer Discretionary Index Fund,NH4EW5X2H2SQ04NCCD83,US92204A1088,GLEIF,BBG000HX4281,BBG001SHVTQ3,VCR,C000012215,ETF Shares,figi-ticker-join
S000004447,Vanguard Consumer Staples Index Fund,X4K6IMOFMLB9TX4WXG57,US92204A2078,GLEIF,BBG000HWRGK3,BBG001SHVR41,VDC,C000012217,ETF Shares,figi-ticker-join
S000004448,Vanguard Energy Index Fund,K1IYN1TLOMXFPU04B446,US92204A3068,GLEIF,BBG000HTG205,BBG001SHTV45,VDE,C000012219,ETF Shares,figi-ticker-join
S000004449,Vanguard Financials Index Fund,G1LHPY5HPCPGWBXV0P88,US92204A4058,GLEIF,BBG000HSSXW1,BBG001SHTTM0,VFH,C000012221,ETF Shares,figi-ticker-join
S000004450,Vanguard Health Care Index Fund,4G9X037GNB6OUK17TK21,US92204A5048,GLEIF,BBG000HWNSD9,BBG001SHVR32,VHT,C000012223,ETF Shares,figi-ticker-join
S000004451,Vanguard Industrials Index Fund,ZWVBKU0Z64JJIRHWJR93,US92204A6038,GLEIF,BBG000HX9TN0,BBG001SHVTX5,VIS,C000012225,ETF Shares,figi-ticker-join
S000004452,Vanguard Information Technology Index Fund,J2NTZGJBERBYMUMBIE74,US92204A7028,GLEIF,BBG000HSZQ76,BBG001SHTTR5,VGT,C000012227,ETF Shares,figi-ticker-join
S000004453,Vanguard International Growth Fund,XU56S9DGXUXG42DFRI34,US9219102046,GLEIF,BBG000BBZX83,BBG001S64WG1,VWIGX,C000012228,Investor Shares,figi-ticker-join
S000004462,Vanguard Federal Money Market Fund,NI8UG8EJBPTZ3Y6R3164,US9229063006,SEC-NPORT,BBG000BBQMY8,BBG001S62466,VMFXX,C000012238,Investor Shares,figi-ticker-join
S000004474,JPMorgan Growth Advantage Fund,549300WH8DD4YVIMGX89,US46640W1080,SEC-NPORT,BBG005GHD2P7,BBG005GHD375,JGVVX,C000133820,Class R6,figi-ticker-join
S000004474,JPMorgan Growth Advantage Fund,549300WH8DD4YVIMGX89,US48123X1081,GLEIF,BBG00HCY3PP8,BBG00HCY3PQ7,JGRJX,,,unresolved
S000004492,Commonwealth Japan Fund,549300D40ITKKZOB1811,US2030421067,GLEIF,BBG000BHS0R9,BBG001S7D8C6,CNJFX,C000012361,Commonwealth Japan Fund,unique-pairing
S000004506,Schwab Government Money Fund,549300622ITN50PWDE20,US8085154982,SEC-NPORT,BBG00XH5HDL7,BBG00XH5HDM6,SGUXX,,,unresolved
S000004507,Schwab U.S. Treasury Money Fund,549300NQWSHAVBWSDA36,US8085154727,SEC-NPORT,BBG00XH5HBL1,BBG00XH5HBM0,SUTXX,,,unresolved
S000004507,Schwab U.S. Treasury Money Fund,549300NQWSHAVBWSDA36,US8085155484,SEC-NPORT,BBG00JRGYT75,BBG00JRGYT84,SNSXX,,,unresolved
S000004514,"Prudential Jennison Blend Fund, Inc.",PEHZ3RMYI42RRMQ1F053,US74441T1088,GLEIF,BBG000BCN521,BBG001S67TK0,PBQAX,C000012396,Class A,figi-ticker-join
S000004514,"Prudential Jennison Blend Fund, Inc.",PEHZ3RMYI42RRMQ1F053,US74441T2078,GLEIF,,,,,,unresolved
S000004514,"Prudential Jennison Blend Fund, Inc.",PEHZ3RMYI42RRMQ1F053,US74441T3068,GLEIF,BBG000BNX5L5,BBG001S8V610,PRECX,C000012398,Class C,figi-ticker-join
S000004514,"Prudential Jennison Blend Fund, Inc.",PEHZ3RMYI42RRMQ1F053,US74441T4058,GLEIF,BBG000BK84H7,BBG001S7DP29,PEQZX,C000012399,Class Z,figi-ticker-join
S000004514,"Prudential Jennison Blend Fund, Inc.",PEHZ3RMYI42RRMQ1F053,US74441T6038,GLEIF,BBG00J0B8WT3,BBG00J0B8WV0,PBQQX,,,unresolved
S000004515,"Jennison Natural Resources Fund, Inc.",GZH8OOEW70J2A1DFJE03,US74441K1079,GLEIF,BBG000BN1WV0,BBG001S889L8,PGNAX,C000012400,Class A,figi-ticker-join
S000004515,"Jennison Natural Resources Fund, Inc.",GZH8OOEW70J2A1DFJE03,US74441K2069,GLEIF,,,,,,unresolved
S000004515,"Jennison Natural Resources Fund, Inc.",GZH8OOEW70J2A1DFJE03,US74441K3059,GLEIF,BBG000BTB8M9,BBG001SF0W02,PNRCX,C000012402,Class C,figi-ticker-join
S000004515,"Jennison Natural Resources Fund, Inc.",GZH8OOEW70J2A1DFJE03,US74441K4040,GLEIF,BBG000C2M6N8,BBG001SNVLC2,JNRRX,C000036077,Class R,figi-ticker-join
S000004515,"Jennison Natural Resources Fund, Inc.",GZH8OOEW70J2A1DFJE03,US74441K5039,GLEIF,BBG000BTB910,BBG001SF0W11,PNRZX,C000012403,Class Z,figi-ticker-join
S000004515,"Jennison Natural Resources Fund, Inc.",GZH8OOEW70J2A1DFJE03,US74441K6029,GLEIF,BBG001CK16Q6,BBG001TXMPG6,PJNQX,C000095379,Class Q,figi-ticker-join
S000004516,PRUDENTIAL HIGH YIELD FUND,MR0TVWFWKRYJ1Y3WRY72,US74440Y1082,GLEIF,BBG000BDPCX8,BBG001S6JV68,PBHAX,C000012405,Class A,figi-ticker-join
S000004519,"Sound Shore Fund, Inc.",2549001WSVJR9M15XI59,US8360831056,GLEIF,BBG000BCJ3B1,BBG001S66FF7,SSHFX,C000012417,Investor Class,figi-ticker-join
S000004519,"Sound Shore Fund, Inc.",2549001WSVJR9M15XI59,US8360832047,GLEIF,BBG005CZ23B6,BBG005CZ23F2,SSHVX,C000135035,Institutional Class,figi-ticker-join
S000004572,PRUDENTIAL CALIFORNIA MUNI INCOME FUND,0JS22JXEOKQOPYW5PO86,US74440X1000,GLEIF,BBG000BMQGZ6,BBG001S6P6B0,PBCAX,C000012498,Class A,figi-ticker-join
S000004643,Prudential Muni High Income Fund,XF4M2KJIB02007UI7B73,US74440M1045,GLEIF,BBG000BGWNS5,BBG001S71QV8,PRHAX,C000012651,Class A,figi-ticker-join
S000004657,"PRUDENTIAL JENNISON MID-CAP GROWTH FUND, INC.",8OLWWZM0OH7F6E3YSD23,US74441C1053,GLEIF,BBG000BN8HR1,BBG001S9GX89,PEEAX,C000012674,Class A,figi-ticker-join
S000004657,"PRUDENTIAL JENNISON MID-CAP GROWTH FUND, INC.",8OLWWZM0OH7F6E3YSD23,US74441C2044,GLEIF,,,,,,unresolved
S000004657,"PRUDENTIAL JENNISON MID-CAP GROWTH FUND, INC.",8OLWWZM0OH7F6E3YSD23,US74441C3034,GLEIF,BBG000C412V7,BBG001SD6LY8,PEGCX,C000012676,Class C,figi-ticker-join
S000004657,"PRUDENTIAL JENNISON MID-CAP GROWTH FUND, INC.",8OLWWZM0OH7F6E3YSD23,US74441C4024,GLEIF,,,,,,unresolved
S000004657,"PRUDENTIAL JENNISON MID-CAP GROWTH FUND, INC.",8OLWWZM0OH7F6E3YSD23,US74441C6003,GLEIF,BBG000DP48K5,BBG001SM74S2,JDERX,C000012673,Class R,figi-ticker-join
S000004657,"PRUDENTIAL JENNISON MID-CAP GROWTH FUND, INC.",8OLWWZM0OH7F6E3YSD23,US74441C8082,GLEIF,BBG000BMMLZ9,BBG001S9DT90,PEGZX,C000012677,Class Z,figi-ticker-join
S000004657,"PRUDENTIAL JENNISON MID-CAP GROWTH FUND, INC.",8OLWWZM0OH7F6E3YSD23,US74441C8579,GLEIF,BBG00JM9RDH8,BBG00JM9RDJ6,PEGGX,,,unresolved
S000004657,"PRUDENTIAL JENNISON MID-CAP GROWTH FUND, INC.",8OLWWZM0OH7F6E3YSD23,US74441C8652,GLEIF,BBG00JM9RDF0,BBG00JM9RDG9,PEGEX,,,unresolved
S000004657,"PRUDENTIAL JENNISON MID-CAP GROWTH FUND, INC.",8OLWWZM0OH7F6E3YSD23,US74441C8819,GLEIF,BBG001B1J4W8,BBG001THLN95,PJGQX,C000096302,Class Q,figi-ticker-join
S000004689,PRUDENTIAL QMA SMALL-CAP VALUE FUND,LVHKKHXKN2Y3LBGYPN19,US8759213064,GLEIF,BBG000BJ5VN6,BBG001S78CC3,TASVX,C000012754,Class Z,figi-ticker-join
S000004703,PRUDENTIAL INCOME BUILDER FUND,XYZMTQ00ME3ISOV4JP63,US74442X1081,GLEIF,BBG000C6B5N3,BBG001SDTP10,PCGAX,C000012793,Class A,figi-ticker-join
S000004718,PRUDENTIAL JENNISON CONSERVATIVE GROWTH FUND,GICRJJUN6QQN4HKZVY41,US74440V1044,GLEIF,BBG000BSXG21,BBG001SDM3S7,TBDAX,C000012847,Class A,figi-ticker-join
S000004756,Conestoga Small Cap Fund,54930035JMPSKAMH8V81,US2070191000,GLEIF,BBG000QCDVN6,BBG001SMLMX0,CCASX,C000012946,Investors Class,figi-ticker-join
S000004757,Frank Value Fund,549300U9M27MR0CAAZ91,US3520051026,GLEIF,BBG000QHT2D3,BBG001SS6VZ2,FRNKX,C000012947,INVESTOR CLASS,figi-ticker-join
S000004764,Adirondack Small Cap Fund,54930083FMYYVP37Z732,US00688P1030,GLEIF,BBG000R6GFM1,BBG001ST6989,ADKSX,C000012957,Adirondack Small Cap Fund,unique-pairing
S000004769,"PRUDENTIAL SHORT-TERM CORPORATE BOND FUND, INC.",GFJ5W14YU35E0I4FQC77,US74441R1023,GLEIF,BBG000BBXL72,BBG001S64JG0,PBSMX,C000012963,Class A,figi-ticker-join
S000004769,"PRUDENTIAL SHORT-TERM CORPORATE BOND FUND, INC.",GFJ5W14YU35E0I4FQC77,US74441R2013,GLEIF,,,,,,unresolved
S000004769,"PRUDENTIAL SHORT-TERM CORPORATE BOND FUND, INC.",GFJ5W14YU35E0I4FQC77,US74441R3003,GLEIF,BBG000BR6TB5,BBG001SBV640,PIFCX,C000012965,Class C,figi-ticker-join
S000004769,"PRUDENTIAL SHORT-TERM CORPORATE BOND FUND, INC.",GFJ5W14YU35E0I4FQC77,US74441R4092,GLEIF,BBG000C1SXB8,BBG001SM74V8,JDTRX,C000012967,Class R,figi-ticker-join
S000004769,"PRUDENTIAL SHORT-TERM CORPORATE BOND FUND, INC.",GFJ5W14YU35E0I4FQC77,US74441R5081,GLEIF,BBG000BP82B6,BBG001S92L71,PIFZX,C000012966,Class Z,figi-ticker-join
S000004769,"PRUDENTIAL SHORT-TERM CORPORATE BOND FUND, INC.",GFJ5W14YU35E0I4FQC77,US74441R6071,GLEIF,BBG002DSBVB6,BBG002DSBVC5,PSTQX,C000110772,Class Q,figi-ticker-join
S000004769,"PRUDENTIAL SHORT-TERM CORPORATE BOND FUND, INC.",GFJ5W14YU35E0I4FQC77,US74441R8051,GLEIF,BBG00JM9RCW3,BBG00JM9RCX2,PIFEX,,,unresolved
S000004769,"PRUDENTIAL SHORT-TERM CORPORATE BOND FUND, INC.",GFJ5W14YU35E0I4FQC77,US74441R8887,GLEIF,BBG00JM9RCZ0,BBG00JM9RD06,PIFGX,,,unresolved
S000004771,SEXTANT GROWTH FUND,54930026SAOIBUGQV545,US8040961059,GLEIF,BBG000BPCRL5,BBG001S9KWG7,SSGFX,C000012974,Sextant Growth Fund,unique-pairing
S000004772,AMANA INCOME FUND,549300FWI45VE0389R74,US0228651099,GLEIF,BBG000BH49C2,BBG001S79SQ2,AMANX,C000012979,Amana Income Fund Investor Shares,figi-ticker-join
S000004820,Government Portfolio,549300FQDFZGLUOCWN51,US31607A7037,SEC-NPORT,BBG006FCQ0S4,BBG006FCQ193,FRGXX,C000141704,Institutional Class,figi-ticker-join
S000004820,Government Portfolio,549300FQDFZGLUOCWN51,US3161751082,SEC-NPORT,BBG000BH5VR6,BBG001S72FW0,FIGXX,C000013039,Class I,figi-ticker-join
S000004820,Government Portfolio,549300FQDFZGLUOCWN51,US3161756032,SEC-NPORT,BBG000BP9D94,BBG001S93B36,FCGXX,C000013081,Class III,figi-ticker-join
S000004822,Money Market Portfolio,549300OFWVVLQMKDY256,US31607A1097,GLEIF,BBG000D61JV4,BBG001T10HR6,FNSXX,C000056571,Institutional Class,figi-ticker-join
S000004846,Eaton Vance National Municipal Income Fund,549300N2KPNEF2ERMT46,US27826L1089,GLEIF,,,,,,unresolved
S000004846,Eaton Vance National Municipal Income Fund,549300N2KPNEF2ERMT46,US27826L2491,SEC-NPORT,BBG000BVW976,BBG001SHD362,EIHMX,C000013126,Eaton Vance National Municipal Income Fund Class I,figi-ticker-join
S000004875,Fidelity Freedom 2040 Fund,76YUBFH7284ZS0A83S47,US3157921012,GLEIF,BBG000BVWGH9,BBG001SCHZ13,FFFFX,C000013197,Fidelity Freedom 2040 Fund,unique-pairing
S000004876,Fidelity Freedom Income Fund,HNXKQF1BUD7BD5QKW222,US31617R3084,GLEIF,BBG000BVS2F7,BBG001S9Z9D5,FFFAX,C000013198,Fidelity Freedom Income Fund,unique-pairing
S000004886,Berkshire Focus Fund,549300BD56ZHV7PSRS31,US0846491027,GLEIF,BBG000CQXHZ6,BBG001SCBZ55,BFOCX,C000013240,Berkshire Focus Fund,unique-pairing
S000004888,Pinnacle Value Fund,549300HGOX2RHMDP5044,US0858911094,GLEIF,BBG000HY02T0,BBG001SPB5L4,PVFIX,C000013242,Pinnacle Value Fund,unique-pairing
S000004906,Upright Growth Fund,5493001L3JS2SRVYKZ86,US9167051062,GLEIF,BBG000JLT395,BBG001SJ6XG9,UPUPX,C000013262,Upright Growth Fund,unique-pairing
S000004911,GMO Emerging Markets Fund,DOSKAMXF8YE41HIDZR39,US3620082780,SEC-NPORT,BBG000MVLT36,BBG001SG9PK4,GEMMX,C000013272,Class VI,figi-ticker-join
S000004913,GMO Tax-Managed International Equities Fund,549300KLH1QUHZ9NXR88,US3620141107,GLEIF,BBG01LN25GZ3,BBG01LPRP668,GMBCX,,,unresolved
S000004913,GMO Tax-Managed International Equities Fund,549300KLH1QUHZ9NXR88,US3620141289,GLEIF,BBG01HGKJJZ9,BBG01HGYM8P0,IOVFX,,,unresolved
S000004913,GMO Tax-Managed International Equities Fund,549300KLH1QUHZ9NXR88,US36262F5098,SEC-NPORT,BBG01J444LK1,BBG01J63N945,GMAZX,,,unresolved
S000004984,Eaton Vance Income Fund of Boston,549300SG4QXAFN8Y0697,US2779072006,SEC-NPORT,BBG000BVDLN2,BBG001SG29L6,EIBIX,C000013488,Eaton Vance Income Fund of Boston Class I,figi-ticker-join
S000004997,Nationwide International Index Fund,549300C2UDP2T2EO0449,US63867T8669,SEC-NPORT,BBG000JL9N66,BBG001SJ6M37,GIXIX,C000013560,Institutional Class,figi-ticker-join
S000004998,Nationwide Mid Cap Market Index Fund,549300TJ1SU3G7X7DV50,US63867U7809,SEC-NPORT,BBG000JLCHF5,BBG001SJ6MK8,GMXIX,C000013564,Institutional Class,figi-ticker-join
S000005000,Nationwide Small Cap Index Fund,549300SLO0VBUM94AK69,US63867V8616,SEC-NPORT,BBG000JLCM73,BBG001SJ6MR1,GMRIX,C000013575,Institutional Class,figi-ticker-join
S000005024,Ariel Fund,549300LWRXG3MUJT5B68,GB00BP37YS85,GLEIF,BBG011VMF9V3,BBG011XNXVC1,ARIEAGI,,,unresolved
S000005024,Ariel Fund,549300LWRXG3MUJT5B68,GB00BP37YT92,GLEIF,BBG011VMFP38,BBG011XNX360,ARIELGA,,,unresolved
S000005088,Growth Equity Fund,549300QS088Z3O8G7484,US87244V1044,GLEIF,BBG000P9M5J6,BBG001SL7869,TLGQX,C000013875,Growth Equity Fund,unique-pairing
S000005090,Growth & Income Fund,549300VJBCFKI3UO1854,US87244V3024,GLEIF,BBG000P9M7J2,BBG001SL7887,TLGWX,C000013877,Growth & Income Fund,unique-pairing
S000005091,International Equity Fund,549300CRUDR5NI8MIF30,US87244V2034,GLEIF,BBG000P9MBY6,BBG001SL78J5,TLINX,C000013878,International Equity Fund,unique-pairing
S000005092,Large-Cap Value Fund,549300B1LM5OF41D2Z76,US87244V6092,SEC-NPORT,BBG000P9MCS1,BBG001SL78K3,TLLVX,C000013879,Large-Cap Value Fund,figi-ticker-join
S000005093,Small-Cap Equity Fund,5493000Q0G0D3C3QE907,US87244V7082,SEC-NPORT,BBG000P9MDC6,BBG001SL78M1,TLEQX,C000013880,Small-Cap Equity Fund,figi-ticker-join
S000005094,Stock Index Fund,549300LXLZ3X4O13GX84,US87244V4014,SEC-NPORT,BBG000P9MGH4,BBG001SL78Q7,TLSTX,C000013881,Stock Index Fund,figi-ticker-join
S000005096,Real Estate Securities Fund,5493008JDGYWJJAE1T18,US87244V8072,SEC-NPORT,BBG000P9MD54,BBG001SL78L2,TLRSX,C000013883,Real Estate Securities Fund,figi-ticker-join
S000005097,Bond Fund,549300WGGR40FCSHJK14,US87244V8809,SEC-NPORT,BBG009BS6YD1,BBG009BS6YF9,TLBDX,C000013884,Bond Fund,figi-ticker-join
S000005145,Calvert U.S. Large Cap Core Responsible Index Fund,549300PO0F0AV64IR605,US1315822981,SEC-NPORT,BBG00HVYVMX4,BBG00HVYVMY3,CSXRX,,,unresolved
S000005150,Calvert Short Duration Income Fund,549300KRHGOWQEB8SR45,US1315822643,SEC-NPORT,BBG00N7YF8Z5,BBG00N7YF901,CDSRX,,,unresolved
S000005150,Calvert Short Duration Income Fund,549300KRHGOWQEB8SR45,US13161T1043,GLEIF,BBG000BD0DB7,BBG001S6NV54,CSDAX,C000014103,Class A,figi-ticker-join
S000005150,Calvert Short Duration Income Fund,549300KRHGOWQEB8SR45,US13161T2033,GLEIF,,,,,,unresolved
S000005150,Calvert Short Duration Income Fund,549300KRHGOWQEB8SR45,US13161T3023,GLEIF,BBG000PFQ9Z2,BBG001SLB4S9,CDICX,C000014104,Class C,figi-ticker-join
S000005150,Calvert Short Duration Income Fund,549300KRHGOWQEB8SR45,US13161T4013,GLEIF,BBG000CQXYG0,BBG001SFPJQ6,CDSIX,C000014105,Class I,figi-ticker-join
S000005151,Calvert Long-Term Income Fund,549300HEFY2HHDRM0E11,US1315823302,SEC-NPORT,BBG0081HZLX2,BBG0081HZM15,CLDIX,,,unresolved
S000005158,The Merger Fund,549300TXJCENVSEMYP88,US5895091081,SEC-NPORT,BBG000BB3GQ5,BBG001S5R639,MERFX,C000014124,The Merger Fund - Investor Class Shares,figi-ticker-join
S000005158,The Merger Fund,549300TXJCENVSEMYP88,US5895092071,SEC-NPORT,BBG004S5Y181,BBG004S5Y1B7,MERIX,C000129310,The Merger Fund - Institutional Class Shares,figi-ticker-join
S000005160,The Merger Fund VL,WL4YANUDQ0FQJ0MXSM49,US5895121029,GLEIF,BBG000Q3KT17,BBG001SM4N67,MERVX,C000014130,The Merger Fund VL,unique-pairing
S000005183,SSGA S&P 500 Index Fund,549300DVHE03OHCXRA65,US78472P1093,GLEIF,BBG000BHWPZ0,BBG001S772P2,SVSPX,C000014159,Class N,unique-pairing
S000005190,Iman Fund,549300DO39H6IHS4FO80,US0188661039,GLEIF,BBG000C38G87,BBG001SFWLQ3,IMANX,C000014168,Iman Fund Class K,figi-ticker-join
S000005190,Iman Fund,549300DO39H6IHS4FO80,US0188662029,GLEIF,,,,,,unresolved
S000005203,Eaton Vance VT Floating-Rate Income Fund,5493005VDH7VF7TWWX47,US27827E1038,GLEIF,BBG000F8Y1H7,BBG001T2HCW1,VEVFRIV,,,unresolved
S000005203,Eaton Vance VT Floating-Rate Income Fund,5493005VDH7VF7TWWX47,US27827E3018,GLEIF,BBG006BLQX24,BBG006BLQX33,VEVFRIA,,,unresolved
S000005288,Eaton Vance Government Obligations Fund,549300FGUNKHMTW51F25,US2779232808,SEC-NPORT,BBG0015KHL11,BBG001TC1V45,EGRAX,,,unresolved
S000005291,Eaton Vance Tax-Managed Global Dividend Income Fund,549300Z2BEI5EWNGNW76,US2779236866,SEC-NPORT,BBG000RR9590,BBG001T05606,EIDIX,C000054103,Eaton Vance Tax-Managed Global Dividend Income Fund Class I,figi-ticker-join
S000005301,Eaton Vance Short Duration Strategic Income Fund,TRR43XJWNSQTT4ZJ4373,US2779235793,SEC-NPORT,BBG000HF6D84,BBG001T4D903,ESIIX,C000077400,Eaton Vance Short Duration Strategic Income Fund Class I,figi-ticker-join
S000005312,Neiman Large Cap Value Fund,549300VJZMKII44H9B06,US6401931083,GLEIF,BBG000H21W13,BBG001SP2YP7,NEIMX,C000014503,No-Load Shares,figi-ticker-join
S000005314,Paradigm Value Fund,549300NPWLUY0KJ0VJ69,US69901E1047,GLEIF,BBG000N9L6B5,BBG001SKPKM6,PVFAX,C000014505,Paradigm Value Fund,unique-pairing
S000005316,Paradigm Select Fund,549300MOWYRO1YRYAC56,US69901E3027,GLEIF,BBG000C7CFB1,BBG001SF4PL0,PFSLX,C000014507,Paradigm Select Fund,unique-pairing
S000005360,TIAA-CREF Equity Index Fund,5493008XKF5QLPMT8X42,US87245P2965,SEC-NPORT,BBG00L1CCTJ8,BBG00L1CCTM4,TEQWX,,,unresolved
S000005368,TIAA-CREF International Equity Index Fund,5493007QRNHFHVDGR653,US87245P2395,SEC-NPORT,BBG00L1CDBL3,BBG00L1CDBP9,TCIWX,,,unresolved
S000005370,TIAA-CREF Growth & Income Fund,549300H2QF6W68HZGC62,US87244W4096,SEC-NPORT,BBG000CMVJV7,BBG001SFLH75,TIGRX,C000014631,Institutional Class,figi-ticker-join
S000005370,TIAA-CREF Growth & Income Fund,549300H2QF6W68HZGC62,US87245M1036,GLEIF,BBG000T2VFP8,BBG001T5N5M3,TRPGX,C000079554,Premier Class,figi-ticker-join
S000005370,TIAA-CREF Growth & Income Fund,549300H2QF6W68HZGC62,US87245P1975,SEC-NPORT,BBG00L1CCZM0,BBG00L1CCZS4,TGIWX,,,unresolved
S000005372,TIAA-CREF Bond Fund,YWIZ7MJ37MMDNKLMSJ20,US87244W6075,SEC-NPORT,BBG000CK4NC3,BBG001SFHJV9,TIBDX,C000014635,Institutional Class,figi-ticker-join
S000005372,TIAA-CREF Bond Fund,YWIZ7MJ37MMDNKLMSJ20,US87245P4292,SEC-NPORT,BBG00L1CCSM6,BBG00L1CCSN5,TBBWX,,,unresolved
S000005373,TIAA-CREF Inflation-Linked Bond Fund,549300IMCW5W9RAP7S77,US87245P3799,SEC-NPORT,BBG00L1CDDX6,BBG00L1CDDY5,TIIWX,,,unresolved
S000005381,TIAA-CREF International Equity Fund,5493008RRTKJOPRQXQ17,US87244W1027,SEC-NPORT,BBG000CMVKB6,BBG001SFLH93,TIIEX,C000014645,Institutional Class,figi-ticker-join
S000005381,TIAA-CREF International Equity Fund,5493008RRTKJOPRQXQ17,US87249N3052,SEC-NPORT,BBG00L1CD5P2,BBG00L1CD5X3,TIEWX,,,unresolved
S000005383,TIAA-CREF Large-Cap Value Fund,5493000JPMJ0WJUSV611,US87244W7305,SEC-NPORT,BBG000P9KP22,BBG001SL77F1,TRLIX,C000014648,Institutional Class,figi-ticker-join
S000005383,TIAA-CREF Large-Cap Value Fund,5493000JPMJ0WJUSV611,US87245P1710,SEC-NPORT,BBG00L1CDKY9,BBG00L1CDKZ8,TRLWX,,,unresolved
S000005386,TIAA-CREF Small-Cap Equity Fund,5493008H8U7UF8JZVG45,US87244W8394,SEC-NPORT,BBG000P9KHR3,BBG001SL7752,TISEX,C000014657,Institutional Class,figi-ticker-join
S000005386,TIAA-CREF Small-Cap Equity Fund,5493008H8U7UF8JZVG45,US87245P1488,SEC-NPORT,BBG00L1CF213,BBG00L1CF222,TSCWX,,,unresolved
S000005387,TIAA-CREF Large-Cap Growth Index Fund,549300JBY486SSZLNW78,US87244W6802,SEC-NPORT,BBG000P9KJ08,BBG001SL7761,TILIX,C000014660,Institutional Class,figi-ticker-join
S000005425,NVIT Emerging Markets Fund,5493002UNR3UFZ70VL08,US63868M4649,SEC-NPORT,,,,,,unresolved
S000005450,Fidelity Capital Appreciation Fund,TRGFDH1RJ5Y5V0PPH479,US3160661092,GLEIF,BBG000BC3RP0,BBG001S659Y1,FDCAX,C000014851,Fidelity Capital Appreciation Fund,figi-ticker-join
S000005451,Fidelity Disciplined Equity Fund,0K3XL4XT51O2YLVWP839,US3160662082,GLEIF,BBG000B9X7L2,BBG001S5NMD7,FDEQX,C000014852,Fidelity Disciplined Equity Fund,figi-ticker-join
S000005452,Fidelity Focused Stock Fund,OADHEP9E1VEPLLH6CD31,US3160664062,GLEIF,BBG000BGXPN4,BBG001S9HWF2,FTQGX,C000014853,Fidelity Focused Stock Fund,unique-pairing
S000005454,Fidelity Stock Selector All Cap Fund,KZNVJPK84DYQ5URWYM45,US3160663072,GLEIF,BBG000BFMQG4,BBG001S6PXR4,FDSSX,C000014855,Fidelity Stock Selector All Cap Fund,figi-ticker-join
S000005466,Deutsche Enhanced Emerging Markets Fixed Income Fund,LBPF8NSCNKWC3WP4IN32,US25156A8412,SEC-NPORT,BBG000GKBNG7,BBG001STGT02,SZEIX,C000063958,Institutional Class,figi-ticker-join
S000005485,GMO Benchmark-Free Allocation Fund,JROIJZODPR8PSX12FZ19,US3620146072,SEC-NPORT,BBG003Q8MYT7,BBG003Q8MYV4,GBMBX,C000109350,Class IV,figi-ticker-join
S000005493,Fidelity California AMT Tax-Free Money Market Fund,549300WDOGPZUM1LZ186,US31606Y1082,GLEIF,BBG000C50H42,BBG001ST8L44,FSBXX,C000047918,Fidelity California AMT Tax-Free Money Market Fund: Institutional Class,figi-ticker-join
S000005498,PUTNAM CALIFORNIA TAX EXEMPT INCOME TRUST,25FMNUC4AQ8P07BF5K25,US7464492062,GLEIF,,,,,,unresolved
S000005498,PUTNAM CALIFORNIA TAX EXEMPT INCOME TRUST,25FMNUC4AQ8P07BF5K25,US7464494043,GLEIF,,,,,,unresolved
S000005511,PUTNAM CONVERTIBLE SECURITIES FUND,MFUGQW3FOQNH8167YS65,US7464761003,GLEIF,BBG000BBY4L3,BBG001S64MX4,PCONX,C000015004,Class A Shares,figi-ticker-join
S000005511,PUTNAM CONVERTIBLE SECURITIES FUND,MFUGQW3FOQNH8167YS65,US7464763082,GLEIF,,,,,,unresolved
S000005511,PUTNAM CONVERTIBLE SECURITIES FUND,MFUGQW3FOQNH8167YS65,US7464764072,GLEIF,BBG000BRWHR5,BBG001SCS0L6,PCGYX,C000015008,Class Y Shares,figi-ticker-join
S000005511,PUTNAM CONVERTIBLE SECURITIES FUND,MFUGQW3FOQNH8167YS65,US7464765061,GLEIF,BBG000D7VRW0,BBG001T1YKD7,PRCCX,,,unresolved
S000005511,PUTNAM CONVERTIBLE SECURITIES FUND,MFUGQW3FOQNH8167YS65,US7464766051,GLEIF,BBG000BWYW62,BBG001SHTV54,PCVRX,C000015007,Class R Shares,figi-ticker-join
S000005511,PUTNAM CONVERTIBLE SECURITIES FUND,MFUGQW3FOQNH8167YS65,US7464767042,GLEIF,BBG0087HXJW4,BBG0087HXJX3,PCNIX,,,unresolved
S000005511,PUTNAM CONVERTIBLE SECURITIES FUND,MFUGQW3FOQNH8167YS65,US7464768032,GLEIF,,,,,,unresolved
S000005511,PUTNAM CONVERTIBLE SECURITIES FUND,MFUGQW3FOQNH8167YS65,US7464768867,GLEIF,BBG00GXFY6P6,BBG00GXFY6Q5,PCNTX,,,unresolved
S000005514,Schwab Core Equity Fund,549300L2MFZ33S0CO521,US8085098064,SEC-NPORT,BBG000GZKWP4,BBG001S92RF9,SWANX,C000015013,Investor Shares,figi-ticker-join
S000005516,Schwab Small-Cap Equity Fund,54930086LYMXICNS1162,US8085096738,SEC-NPORT,BBG000PVPHN3,BBG001SLTJ98,SWSCX,C000015017,Select Shares,figi-ticker-join
S000005529,PUTNAM DIVERSIFIED INCOME TRUST,BEV01UAW1ZICRL6JHE75,US7467041056,GLEIF,BBG000BBY736,BBG001S64N26,PDINX,C000015036,Class A Shares,figi-ticker-join
S000005529,PUTNAM DIVERSIFIED INCOME TRUST,BEV01UAW1ZICRL6JHE75,US7467043037,GLEIF,BBG000BZV1S2,BBG001SKQ1G4,PDVCX,C000015038,Class C Shares,figi-ticker-join
S000005529,PUTNAM DIVERSIFIED INCOME TRUST,BEV01UAW1ZICRL6JHE75,US7467044027,GLEIF,BBG000BM5QP8,BBG001S7LX50,PDVMX,C000015039,Class M Shares,figi-ticker-join
S000005529,PUTNAM DIVERSIFIED INCOME TRUST,BEV01UAW1ZICRL6JHE75,US7467045016,GLEIF,BBG000BRFFG0,BBG001SC5PX3,PDVYX,C000015041,Class Y Shares,figi-ticker-join
S000005529,PUTNAM DIVERSIFIED INCOME TRUST,BEV01UAW1ZICRL6JHE75,US7467046006,GLEIF,BBG000BWZBX7,BBG001SHVT47,PDVRX,C000015040,Class R Shares,figi-ticker-join
S000005529,PUTNAM DIVERSIFIED INCOME TRUST,BEV01UAW1ZICRL6JHE75,US7467047095,GLEIF,,,,,,unresolved
S000005529,PUTNAM DIVERSIFIED INCOME TRUST,BEV01UAW1ZICRL6JHE75,US7467048085,GLEIF,BBG005P1T9Z9,BBG005P1TB11,PDVGX,,,unresolved
S000005529,PUTNAM DIVERSIFIED INCOME TRUST,BEV01UAW1ZICRL6JHE75,US7467048812,GLEIF,BBG00GXFY6X7,BBG00GXFY6Y6,PDVTX,,,unresolved
S000005539,PRIMECAP Odyssey Stock Fund,254900B5NUO3LN4OWQ88,US74160Q3011,GLEIF,BBG000QPWH66,BBG001SNCZV1,POSKX,C000015069,PRIMECAP Odyssey Stock Fund,unique-pairing
S000005540,PRIMECAP Odyssey Growth Fund,254900D4M5B1SCROVT11,US74160Q1031,GLEIF,BBG000QPWGX8,BBG001SNCZT4,POGRX,C000015070,PRIMECAP Odyssey Growth Fund,unique-pairing
S000005541,PRIMECAP Odyssey Aggressive Growth Fund,2549009N8YAO12OLQN38,US74160Q2021,GLEIF,BBG000QPWDZ3,BBG001SNCZH7,POAGX,C000015071,PRIMECAP Odyssey Aggressive Growth Fund,unique-pairing
S000005569,Nuveen Small Cap Select Fund,549300EL862DX4ZV4125,US6706935631,SEC-NPORT,BBG00JZ5RRD5,BBG00JZ5RRF3,ASEFX,,,unresolved
S000005579,Nuveen Dividend Value Fund,549300W2PEK6JFFS9G96,US6706901302,SEC-NPORT,BBG0042G0LQ8,BBG0042G0LR7,FFEFX,C000123980,Class R6,figi-ticker-join
S000005581,PUTNAM EQUITY INCOME FUND,CZH3VR3I6CWL6QA8GG38,US7467451081,GLEIF,BBG000BK81Q3,BBG001S7DND2,PEYAX,C000015218,Class A Shares,figi-ticker-join
S000005581,PUTNAM EQUITY INCOME FUND,CZH3VR3I6CWL6QA8GG38,US7467453061,GLEIF,,,,,,unresolved
S000005581,PUTNAM EQUITY INCOME FUND,CZH3VR3I6CWL6QA8GG38,US7467454051,GLEIF,BBG000BNQGF6,BBG001S8QSP2,PEIYX,C000015223,Class Y Shares,figi-ticker-join
S000005581,PUTNAM EQUITY INCOME FUND,CZH3VR3I6CWL6QA8GG38,US7467455041,GLEIF,BBG000BYLD64,BBG001SJH7P4,PEQCX,C000015220,Class C Shares,figi-ticker-join
S000005581,PUTNAM EQUITY INCOME FUND,CZH3VR3I6CWL6QA8GG38,US7467456031,GLEIF,BBG000C0Q2R3,BBG001SLW790,PEQRX,C000015222,Class R Shares,figi-ticker-join
S000005581,PUTNAM EQUITY INCOME FUND,CZH3VR3I6CWL6QA8GG38,US7467457021,GLEIF,BBG00351D0J0,BBG00351D0K8,PEQLX,,,unresolved
S000005581,PUTNAM EQUITY INCOME FUND,CZH3VR3I6CWL6QA8GG38,US7467458011,GLEIF,BBG00351D0Q2,BBG00351D0R1,PEQSX,,,unresolved
S000005581,PUTNAM EQUITY INCOME FUND,CZH3VR3I6CWL6QA8GG38,US7467458847,GLEIF,,,,,,unresolved
S000005593,Litman Gregory Masters Equity Fund,54930063RDJK1Y781K15,US53700T1088,GLEIF,BBG000BN1M06,BBG001S9FRQ3,MSEFX,C000015260,Institutional Class,figi-ticker-join
S000005597,GEORGE PUTNAM FUND OF BOSTON,UXP1ED8ZRKQ0D2W0Y977,US37252M1080,GLEIF,BBG000BBY8C4,BBG001S64N44,PGEOX,C000015264,Class A Shares,figi-ticker-join
S000005597,GEORGE PUTNAM FUND OF BOSTON,UXP1ED8ZRKQ0D2W0Y977,US37252M3060,GLEIF,BBG000BPB6L2,BBG001S95DF7,PGPCX,C000015266,Class C Shares,figi-ticker-join
S000005597,GEORGE PUTNAM FUND OF BOSTON,UXP1ED8ZRKQ0D2W0Y977,US37252M4050,GLEIF,BBG000BN9F03,BBG001S8H625,PGEMX,C000015267,Class M Shares,figi-ticker-join
S000005597,GEORGE PUTNAM FUND OF BOSTON,UXP1ED8ZRKQ0D2W0Y977,US37252M5040,GLEIF,BBG000C0Q480,BBG001SLW7C6,PGPRX,C000015268,Class R Shares,figi-ticker-join
S000005597,GEORGE PUTNAM FUND OF BOSTON,UXP1ED8ZRKQ0D2W0Y977,US37252M6030,GLEIF,BBG000BRFGF9,BBG001SC5PZ1,PGEYX,C000015269,Class Y Shares,figi-ticker-join
S000005597,GEORGE PUTNAM FUND OF BOSTON,UXP1ED8ZRKQ0D2W0Y977,US37252M7020,GLEIF,BBG005P1T5G8,BBG005P1T5H7,PGELX,,,unresolved
S000005597,GEORGE PUTNAM FUND OF BOSTON,UXP1ED8ZRKQ0D2W0Y977,US37252M8010,GLEIF,BBG005P1T6V9,BBG005P1T6W8,PGEJX,,,unresolved
S000005597,GEORGE PUTNAM FUND OF BOSTON,UXP1ED8ZRKQ0D2W0Y977,US37252M8846,GLEIF,BBG00GFPYKT9,BBG00GFPYKV6,PGPTX,,,unresolved
S000005651,PUTNAM GLOBAL EQUITY FUND,549300FV316LC0KMW630,US7467701063,GLEIF,,,,,,unresolved
S000005651,PUTNAM GLOBAL EQUITY FUND,549300FV316LC0KMW630,US7467702053,GLEIF,,,,,,unresolved
S000005651,PUTNAM GLOBAL EQUITY FUND,549300FV316LC0KMW630,US7467703044,GLEIF,,,,,,unresolved
S000005651,PUTNAM GLOBAL EQUITY FUND,549300FV316LC0KMW630,US7467704034,GLEIF,,,,,,unresolved
S000005651,PUTNAM GLOBAL EQUITY FUND,549300FV316LC0KMW630,US7467721020,GLEIF,BBG000BBY7R0,BBG001S64N35,PEQUX,C000015432,Class A Shares,figi-ticker-join
S000005651,PUTNAM GLOBAL EQUITY FUND,549300FV316LC0KMW630,US7467723000,GLEIF,BBG000BT6XH6,BBG001SDYH30,PUGCX,C000015434,Class C Shares,figi-ticker-join
S000005651,PUTNAM GLOBAL EQUITY FUND,549300FV316LC0KMW630,US7467724099,GLEIF,BBG000BRFG50,BBG001SC5PY2,PEQYX,C000015437,Class Y Shares,figi-ticker-join
S000005651,PUTNAM GLOBAL EQUITY FUND,549300FV316LC0KMW630,US7467725088,GLEIF,,,,,,unresolved
S000005651,PUTNAM GLOBAL EQUITY FUND,549300FV316LC0KMW630,US7467726078,GLEIF,BBG000C0Q4H0,BBG001SLW7D5,PGLRX,C000015436,Class R Shares,figi-ticker-join
S000005651,PUTNAM GLOBAL EQUITY FUND,549300FV316LC0KMW630,US7467728058,GLEIF,BBG00351H3K8,BBG00351H3L7,PGLEX,,,unresolved
S000005651,PUTNAM GLOBAL EQUITY FUND,549300FV316LC0KMW630,US7467728884,GLEIF,BBG00GXFY765,BBG00GXFY774,PGLTX,,,unresolved
S000005653,PUTNAM GLOBAL INCOME TRUST,YG36PGJJVUMHC9JGGU34,US74677Q1094,GLEIF,BBG000BBY8V3,BBG001S64N53,PGGIX,C000015448,Class A Shares,figi-ticker-join
S000005653,PUTNAM GLOBAL INCOME TRUST,YG36PGJJVUMHC9JGGU34,US74677Q3074,GLEIF,BBG001QQF9W0,BBG001V1J615,PGGLX,,,unresolved
S000005653,PUTNAM GLOBAL INCOME TRUST,YG36PGJJVUMHC9JGGU34,US74677Q4064,GLEIF,,,,,,unresolved
S000005653,PUTNAM GLOBAL INCOME TRUST,YG36PGJJVUMHC9JGGU34,US74677Q5053,GLEIF,BBG000BWZC29,BBG001SHVT65,PGBRX,C000015451,Class R Shares,figi-ticker-join
S000005653,PUTNAM GLOBAL INCOME TRUST,YG36PGJJVUMHC9JGGU34,US74677Q6044,GLEIF,BBG001711096,BBG001TCNMW0,PGGYX,,,unresolved
S000005653,PUTNAM GLOBAL INCOME TRUST,YG36PGJJVUMHC9JGGU34,US74677Q7034,GLEIF,BBG00351HK66,BBG00351HK75,PGGDX,,,unresolved
S000005653,PUTNAM GLOBAL INCOME TRUST,YG36PGJJVUMHC9JGGU34,US74677Q8024,GLEIF,BBG00351HQW4,BBG00351HQX3,PGGEX,,,unresolved
S000005653,PUTNAM GLOBAL INCOME TRUST,YG36PGJJVUMHC9JGGU34,US74677Q8859,GLEIF,BBG00GXFY738,BBG00GXFY747,PGGTX,,,unresolved
S000005666,PUTNAM GLOBAL HEALTH CARE FUND,549300O4L9RZ8L6RDS91,US7467781099,GLEIF,BBG000BBK4V7,BBG001S5YYT2,PHSTX,C000015515,Class A Shares,figi-ticker-join
S000005666,PUTNAM GLOBAL HEALTH CARE FUND,549300O4L9RZ8L6RDS91,US7467783079,GLEIF,BBG000BTKD20,BBG001SF9343,PCHSX,C000015517,Class C Shares,figi-ticker-join
S000005666,PUTNAM GLOBAL HEALTH CARE FUND,549300O4L9RZ8L6RDS91,US7467784069,GLEIF,,,,,,unresolved
S000005666,PUTNAM GLOBAL HEALTH CARE FUND,549300O4L9RZ8L6RDS91,US7467785058,GLEIF,BBG000BSTRK2,BBG001SDJTN9,PHSYX,C000015520,Class Y Shares,figi-ticker-join
S000005666,PUTNAM GLOBAL HEALTH CARE FUND,549300O4L9RZ8L6RDS91,US7467786049,GLEIF,BBG000C0Q4P1,BBG001SLW7H1,PHSRX,C000015519,Class R Shares,figi-ticker-join
S000005666,PUTNAM GLOBAL HEALTH CARE FUND,549300O4L9RZ8L6RDS91,US7467787039,GLEIF,BBG00GXFY783,BBG00GXFY792,PCHTX,,,unresolved
S000005666,PUTNAM GLOBAL HEALTH CARE FUND,549300O4L9RZ8L6RDS91,US7467788029,GLEIF,BBG00THYTJC7,BBG00THYTJD6,PGHAX,,,unresolved
S000005709,Deutsche Small Cap Core Fund,KKQKEDL2J9UGWEWMX474,US25157M8102,SEC-NPORT,BBG000CFQ0D9,BBG001SFP657,SSLCX,C000015700,Class S,figi-ticker-join
S000005762,PUTNAM HIGH YIELD ADVANTAGE FUND,11NLY04Z5B03ML7T7342,US74678J1043,GLEIF,BBG000BBYBP3,BBG001S64NF2,PHYIX,C000015836,Class A Shares,figi-ticker-join
S000005762,PUTNAM HIGH YIELD ADVANTAGE FUND,11NLY04Z5B03ML7T7342,US74678J3023,GLEIF,BBG000BN9DQ0,BBG001S8H616,PHYMX,C000015838,Class M Shares,figi-ticker-join
S000005762,PUTNAM HIGH YIELD ADVANTAGE FUND,11NLY04Z5B03ML7T7342,US74678J4013,GLEIF,BBG000C4YFC3,BBG001ST4GV9,PHAYX,,,unresolved
S000005762,PUTNAM HIGH YIELD ADVANTAGE FUND,11NLY04Z5B03ML7T7342,US74678J5002,GLEIF,BBG001F4SQP7,BBG001V08405,PHYLX,,,unresolved
S000005762,PUTNAM HIGH YIELD ADVANTAGE FUND,11NLY04Z5B03ML7T7342,US74678J6091,GLEIF,BBG000DJ5VP2,BBG001T45W65,PFJAX,,,unresolved
S000005762,PUTNAM HIGH YIELD ADVANTAGE FUND,11NLY04Z5B03ML7T7342,US74678J7081,GLEIF,BBG00GXFY7B9,BBG00GXFY7C8,PHATX,,,unresolved
S000005762,PUTNAM HIGH YIELD ADVANTAGE FUND,11NLY04Z5B03ML7T7342,US74678J8071,GLEIF,BBG00KVYS4K5,BBG00KVYS4L4,PHYUX,,,unresolved
S000005778,LARGE COMPANY VALUE FUND,JE7YO7NR1CHX48R50V27,US0250767953,SEC-NPORT,BBG000GPC7Y0,BBG001SHBVY1,ALVIX,C000015871,INVESTOR CLASS,figi-ticker-join
S000005778,LARGE COMPANY VALUE FUND,JE7YO7NR1CHX48R50V27,US02508F5961,SEC-NPORT,BBG015LH9D71,BBG015LH9D80,ACFLX,,,unresolved
S000005779,MID CAP VALUE FUND,EJWSPPM3JS2TXIBHG537,US0250766542,SEC-NPORT,BBG000N90ST1,BBG001SKPCF2,ACMVX,C000015878,INVESTOR CLASS,figi-ticker-join
S000005779,MID CAP VALUE FUND,EJWSPPM3JS2TXIBHG537,US02508F5888,SEC-NPORT,BBG015LH9DY1,BBG015LH9DZ0,ACIPX,,,unresolved
S000005781,SMALL CAP VALUE FUND,6751W2ALQ24VEE6GDT32,US0250768522,SEC-NPORT,BBG000CRK9Z6,BBG001SCD3J9,ASVIX,C000015885,INVESTOR CLASS,figi-ticker-join
S000005781,SMALL CAP VALUE FUND,6751W2ALQ24VEE6GDT32,US02508F6951,SEC-NPORT,BBG00NPL8X13,BBG00NPL8X22,ASVHX,,,unresolved
S000005786,Vanguard Emerging Markets Stock Index Fund,YNHDFX2L9SSID3XIIE57,US9220426012,SEC-NPORT,BBG000BVCHR8,BBG001SGTCS3,VEMIX,C000015901,Institutional Shares,figi-ticker-join
S000005786,Vanguard Emerging Markets Stock Index Fund,YNHDFX2L9SSID3XIIE57,US9220428414,SEC-NPORT,BBG000DR28H7,BBG001SR5ZD0,VEMAX,C000035633,Admiral Shares,figi-ticker-join
S000005786,Vanguard Emerging Markets Stock Index Fund,YNHDFX2L9SSID3XIIE57,US9220428588,SEC-NPORT,BBG000HT88C8,BBG001SHTTZ6,VWO,C000015902,ETF Shares,figi-ticker-join
S000005787,Vanguard European Stock Index Fund,361APDRO23LM07VQYX32,US9220428091,SEC-NPORT,BBG000BYKW63,BBG001SJGFN9,VEUSX,C000015904,Admiral Shares,figi-ticker-join
S000005788,Vanguard Pacific Stock Index Fund,ED02VSDTO31027T3CH59,US9220421062,GLEIF,BBG000BDDF28,BBG001S6HB37,VPACX,C000015907,Investor Shares,figi-ticker-join
S000005788,Vanguard Pacific Stock Index Fund,ED02VSDTO31027T3CH59,US9220427002,SEC-NPORT,BBG000BYKWR0,BBG001SJGFP7,VPADX,C000015908,Admiral Shares,figi-ticker-join
S000005893,Guinness Atkinson Asia Focus Fund,549300B83EIJXRDORS90,US4020311084,GLEIF,BBG000DTL2Y6,BBG001SGK1T5,IASMX,C000016117,Guinness Atkinson Asia Focus Fund,unique-pairing
S000005894,Guinness Atkinson China & Hong Kong Fund,549300DM0YHA9DTLSY91,US4020312074,GLEIF,BBG000DTMFH5,BBG001SGK2H6,ICHKX,C000016118,Guinness Atkinson China & Hong Kong Fund,unique-pairing
S000005895,Guinness Atkinson Global Innovators Fund,5493002JATDIWELU2P62,US4020313064,GLEIF,BBG000DTNWC2,BBG001SGK3D8,IWIRX,C000016119,Guinness Atkinson Global Innovators Fund - Investor Class,figi-ticker-join
S000005896,Guinness Atkinson Global Energy Fund,5493008FBP33QJVDNN54,US4020314054,GLEIF,BBG000Q3R317,BBG001SM4VJ5,GAGEX,C000016120,Guinness Atkinson Global Energy Fund,unique-pairing
S000005911,Schwab S&P 500 Index Fund,549300QXTQYX6BJFPP75,US8085098551,SEC-NPORT,BBG000J9ZH30,BBG001SB1HM9,SWPPX,C000016166,Select Shares,figi-ticker-join
S000005912,Schwab Small-Cap Index Fund,549300NW8EGLMGENT187,US8085098486,SEC-NPORT,BBG000BQHCP7,BBG001SB2XL4,SWSSX,C000016169,Select Shares,figi-ticker-join
S000005914,Schwab International Index Fund,5493004ZLP0I277VGM54,US8085098304,SEC-NPORT,BBG000BQJP49,BBG001SB3WB6,SWISX,C000016173,Select Shares,figi-ticker-join
S000005937,MATTHEW 25 FUND,549300EWCE5Z2PJUEI39,US5771191005,GLEIF,BBG000C0NY78,BBG001SD3RG8,MXXVX,C000016367,MATTHEW 25 FUND,unique-pairing
S000005959,Deutsche Equity 500 Index Fund,BSFDGTJIOB5CFE60ND57,US25159R1068,GLEIF,BBG000BK8WJ3,BBG001S7DYG5,BTIIX,C000016414,Institutional Class,figi-ticker-join
S000006015,PACE High Yield Investments,54930077W0HZFCY95U61,US69375U6001,SEC-NPORT,BBG011MPNPX9,BBG011MPNPY8,PHDTX,,,unresolved
S000006027,Fidelity 500 Index Fund,VNHOOHES3TKXOTQ3FS51,US3159117502,SEC-NPORT,BBG001P8F023,BBG001TX1Z13,FXAIX,C000100045,Institutional Premium Class,figi-ticker-join
S000006028,Deutsche Emerging Markets Equity Fund,549300V295OG0NZ7UA89,US25156G1031,GLEIF,BBG000M7RWN4,BBG001SFMLB0,SEKAX,C000016557,Class A,figi-ticker-join
S000006028,Deutsche Emerging Markets Equity Fund,549300V295OG0NZ7UA89,US25156G7806,SEC-NPORT,BBG000QG9M07,BBG001STGSN9,SEKIX,C000063926,Institutional Class,figi-ticker-join
S000006038,Fidelity Connecticut Municipal Income Fund,K656D7PNR04E9RPF5O14,US3160891012,GLEIF,BBG000BBWX59,BBG001S64GJ3,FICNX,C000016602,Fidelity Connecticut Municipal Income Fund,unique-pairing
S000006076,Deutsche Government Money Market Series,549300CN99USSS74NL68,US25160K2078,SEC-NPORT,BBG000BB2D83,BBG001S5R0B3,ICAXX,C000016694,Institutional Shares,figi-ticker-join
S000006155,PUTNAM INCOME FUND,3TKDW1UO376UZIMY9G60,US7467921000,GLEIF,BBG000BBYDQ8,BBG001S64P85,PINCX,C000016962,Class A Shares,figi-ticker-join
S000006155,PUTNAM INCOME FUND,3TKDW1UO376UZIMY9G60,US7467923089,GLEIF,BBG000BTRLN2,BBG001SFFJH7,PUICX,C000016964,Class C Shares,figi-ticker-join
S000006155,PUTNAM INCOME FUND,3TKDW1UO376UZIMY9G60,US7467924079,GLEIF,BBG000BRFKL3,BBG001SC5Q52,PNCYX,C000016967,Class Y Shares,figi-ticker-join
S000006155,PUTNAM INCOME FUND,3TKDW1UO376UZIMY9G60,US7467925068,GLEIF,,,,,,unresolved
S000006155,PUTNAM INCOME FUND,3TKDW1UO376UZIMY9G60,US7467926058,GLEIF,BBG000C0Q6K1,BBG001SLW7K7,PIFRX,C000016966,Class R Shares,figi-ticker-join
S000006155,PUTNAM INCOME FUND,3TKDW1UO376UZIMY9G60,US7467927049,GLEIF,BBG00351J3Q0,BBG00351J3R9,PINFX,,,unresolved
S000006155,PUTNAM INCOME FUND,3TKDW1UO376UZIMY9G60,US7467928039,GLEIF,BBG00351J987,BBG00351J996,PINHX,,,unresolved
S000006155,PUTNAM INCOME FUND,3TKDW1UO376UZIMY9G60,US7467928864,GLEIF,BBG00GXFY7H3,BBG00GXFY7J1,PNCTX,,,unresolved
S000006181,PUTNAM INTERNATIONAL EQUITY FUND /MA/,5493004QXQOL0TPY3984,US74680E1010,GLEIF,BBG000BL0RQ2,BBG001S88JT8,POVSX,C000017024,Class A Shares,figi-ticker-join
S000006181,PUTNAM INTERNATIONAL EQUITY FUND /MA/,5493004QXQOL0TPY3984,US74680E3099,GLEIF,BBG000BQSD19,BBG001SDDJ84,PIGCX,C000017026,Class C Shares,figi-ticker-join
S000006181,PUTNAM INTERNATIONAL EQUITY FUND /MA/,5493004QXQOL0TPY3984,US74680E4089,GLEIF,,,,,,unresolved
S000006181,PUTNAM INTERNATIONAL EQUITY FUND /MA/,5493004QXQOL0TPY3984,US74680E5078,GLEIF,BBG000BP5XQ5,BBG001SC5Q70,POVYX,C000017029,Class Y Shares,figi-ticker-join
S000006181,PUTNAM INTERNATIONAL EQUITY FUND /MA/,5493004QXQOL0TPY3984,US74680E6068,GLEIF,BBG000C36814,BBG001SLW7M5,PIERX,C000017028,Class R Shares,figi-ticker-join
S000006181,PUTNAM INTERNATIONAL EQUITY FUND /MA/,5493004QXQOL0TPY3984,US74680E7058,GLEIF,BBG00351D2H8,BBG00351D2J6,POVDX,,,unresolved
S000006181,PUTNAM INTERNATIONAL EQUITY FUND /MA/,5493004QXQOL0TPY3984,US74680E8049,GLEIF,BBG00351D304,BBG00351D313,POVEX,,,unresolved
S000006181,PUTNAM INTERNATIONAL EQUITY FUND /MA/,5493004QXQOL0TPY3984,US74680E8874,GLEIF,BBG00GXFYBM8,BBG00GXFYBN7,POVTX,,,unresolved
S000006193,SMALL CAP GROWTH FUND,Q68CQ4I0XKGZWJ8GYU12,US0250833201,SEC-NPORT,BBG000RLCSS8,BBG001STN6Y7,ANONX,C000017048,INSTITUTIONAL CLASS,figi-ticker-join
S000006193,SMALL CAP GROWTH FUND,Q68CQ4I0XKGZWJ8GYU12,US0250833383,SEC-NPORT,BBG000DVJ782,BBG001SGKRK7,ANOIX,C000017049,INVESTOR CLASS,figi-ticker-join
S000006193,SMALL CAP GROWTH FUND,Q68CQ4I0XKGZWJ8GYU12,US02508H2537,SEC-NPORT,BBG00NPL8X31,BBG00NPL8X40,ANOHX,,,unresolved
S000006194,SELECT FUND,YBV2RHBLCMLT5C6UGK81,US0250835024,SEC-NPORT,BBG000BBR994,BBG001S64K77,TWCIX,C000017053,INVESTOR CLASS,figi-ticker-join
S000006194,SELECT FUND,YBV2RHBLCMLT5C6UGK81,US02508H1885,SEC-NPORT,BBG01JPCT831,BBG01JPH2QP5,ASLDX,,,unresolved
S000006203,SUSTAINABLE EQUITY FUND,90UIHXL6GP381WUEP655,US02508H2461,SEC-NPORT,BBG00NPL8X59,BBG00NPL8X68,AFEGX,,,unresolved
S000006203,SUSTAINABLE EQUITY FUND,90UIHXL6GP381WUEP655,US02508H6009,SEC-NPORT,BBG000QYLRY6,BBG001SPB4R1,AFDIX,C000017094,INVESTOR CLASS,figi-ticker-join
S000006206,HERITAGE FUND,YRIFZJY5F41ZG438VU07,US0250837913,SEC-NPORT,BBG000BBXS13,BBG001S64LJ2,TWHIX,C000017106,INVESTOR CLASS,figi-ticker-join
S000006206,HERITAGE FUND,YRIFZJY5F41ZG438VU07,US02508H1968,SEC-NPORT,BBG015LH9CN5,BBG015LH9CP3,ACILX,,,unresolved
S000006213,Hotchkis & Wiley Large Cap Value Fund,549300HNN8YC6W6I7M17,US44134R1077,GLEIF,BBG000BZGRY5,BBG001SK8H33,HWLAX,C000017127,Class A,figi-ticker-join
S000006214,Hotchkis & Wiley Mid-Cap Value Fund,549300PGCC6GLQ6KJM85,US44134R2067,GLEIF,BBG000D0GW42,BBG001SFXQQ1,HWMAX,C000017131,Class A,figi-ticker-join
S000006215,Hotchkis & Wiley Small Cap Value Fund,549300C1B9DFFEPN4U41,US44134R3057,GLEIF,BBG000MGLQ35,BBG001SFXKC9,HWSAX,C000017135,Class A,figi-ticker-join
S000006224,Ivy Funds VIP Asset Strategy,LR584WSYBGBM65CJ2268,US46600H1095,GLEIF,BBG01G0CG2K2,BBG01G0CG2M0,IVYAST2,C000017158,SAME,unique-pairing
S000006251,PUTNAM MONEY MARKET FUND,549300CD7M5BMG8O8D37,US7469231010,GLEIF,BBG000BBNX95,BBG001S618Z6,PDDXX,C000017192,Class A Shares,figi-ticker-join
S000006251,PUTNAM MONEY MARKET FUND,549300CD7M5BMG8O8D37,US7469233099,GLEIF,BBG000BYLDF4,BBG001SJH7S1,PFCXX,C000017194,Class C Shares,figi-ticker-join
S000006251,PUTNAM MONEY MARKET FUND,549300CD7M5BMG8O8D37,US7469234089,GLEIF,,,,,,unresolved
S000006251,PUTNAM MONEY MARKET FUND,549300CD7M5BMG8O8D37,US7469235078,GLEIF,,,,,,unresolved
S000006251,PUTNAM MONEY MARKET FUND,549300CD7M5BMG8O8D37,US7469236068,GLEIF,BBG000C0Q7V7,BBG001SLW7W4,PURXX,C000017196,Class R Shares,figi-ticker-join
S000006286,Ivy Small Cap Growth Fund,E84UK33D68IU4QQ6WU59,US4660011044,GLEIF,,,,,,unresolved
S000006286,Ivy Small Cap Growth Fund,E84UK33D68IU4QQ6WU59,US4660012034,GLEIF,BBG000RJPL04,BBG001ST11T8,IYGIX,,,unresolved
S000006286,Ivy Small Cap Growth Fund,E84UK33D68IU4QQ6WU59,US4660013024,GLEIF,,,,,,unresolved
S000006286,Ivy Small Cap Growth Fund,E84UK33D68IU4QQ6WU59,US4660014014,GLEIF,,,,,,unresolved
S000006286,Ivy Small Cap Growth Fund,E84UK33D68IU4QQ6WU59,US4660015003,GLEIF,,,,,,unresolved
S000006286,Ivy Small Cap Growth Fund,E84UK33D68IU4QQ6WU59,US4660016092,GLEIF,BBG000RJPN28,BBG001ST1216,IYMIX,,,unresolved
S000006286,Ivy Small Cap Growth Fund,E84UK33D68IU4QQ6WU59,US4660016662,GLEIF,,,,,,unresolved
S000006286,Ivy Small Cap Growth Fund,E84UK33D68IU4QQ6WU59,US4660016746,GLEIF,,,,,,unresolved
S000006286,Ivy Small Cap Growth Fund,E84UK33D68IU4QQ6WU59,US4660016829,GLEIF,,,,,,unresolved
S000006286,Ivy Small Cap Growth Fund,E84UK33D68IU4QQ6WU59,US4660016902,GLEIF,,,,,,unresolved
S000006286,Ivy Small Cap Growth Fund,E84UK33D68IU4QQ6WU59,US4660017082,GLEIF,,,,,,unresolved
S000006286,Ivy Small Cap Growth Fund,E84UK33D68IU4QQ6WU59,US4660017165,GLEIF,,,,,,unresolved
S000006286,Ivy Small Cap Growth Fund,E84UK33D68IU4QQ6WU59,US4660017249,GLEIF,,,,,,unresolved
S000006286,Ivy Small Cap Growth Fund,E84UK33D68IU4QQ6WU59,US4660017322,GLEIF,,,,,,unresolved
S000006286,Ivy Small Cap Growth Fund,E84UK33D68IU4QQ6WU59,US4660017736,GLEIF,,,,,,unresolved
S000006286,Ivy Small Cap Growth Fund,E84UK33D68IU4QQ6WU59,US4660018072,GLEIF,BBG000HGYV27,BBG001ST1FZ0,ISTIX,,,unresolved
S000006286,Ivy Small Cap Growth Fund,E84UK33D68IU4QQ6WU59,US4660018643,GLEIF,BBG000QDVQ64,BBG001ST0LD2,IVAEX,,,unresolved
S000006286,Ivy Small Cap Growth Fund,E84UK33D68IU4QQ6WU59,US4660018726,GLEIF,BBG000C4T1Y6,BBG001ST1GP9,IYSIX,C000045543,Class I,figi-ticker-join
S000006286,Ivy Small Cap Growth Fund,E84UK33D68IU4QQ6WU59,US4660018809,GLEIF,,,,,,unresolved
S000006288,Ivy Core Equity Fund,W3XFT5PC8KN6APIOIR50,US4660001060,GLEIF,BBG000BVWW66,BBG001SGGQG9,WCEAX,C000017277,Class A,figi-ticker-join
S000006289,Ivy High Income Fund,8Z7EZWQ148SYLG6G1226,US3206001097,GLEIF,,,,,,unresolved
S000006295,PUTNAM MULTI-CAP GROWTH FUND,DDMFQBZJICNCDITG4018,US74684E1073,GLEIF,,,,,,unresolved
S000006325,TCW Select Equities Fund,549300RGHXB227I79431,US87234N3026,SEC-NPORT,BBG000BY2027,BBG001SB4VQ1,TGCEX,C000017399,I Class,figi-ticker-join
S000006325,TCW Select Equities Fund,549300RGHXB227I79431,US87234N3513,SEC-NPORT,BBG000CMZLL9,BBG001SGFT83,TGINX,,,unresolved
S000006330,TCW Total Return Bond Fund,549300Y1Y22MX8MB2328,US87234N8801,SEC-NPORT,BBG000BY2170,BBG001SB4VT8,TGLMX,C000017410,I Class,figi-ticker-join
S000006332,TCW Relative Value Mid Cap Fund,549300HXP70OHMZG8D64,US87234N7993,SEC-NPORT,BBG000BGSPQ7,BBG001S7F932,TGVOX,C000017415,I Class,figi-ticker-join
S000006335,TCW Relative Value Large Cap Fund,549300VU707TWDZLN610,US87234N3851,SEC-NPORT,BBG000GYR0Y0,BBG001SHH411,TGDIX,C000017421,I Class,figi-ticker-join
S000006338,TCW Emerging Markets Income Fund,549300TJW8MTVSLYJW58,US87234N7654,SEC-NPORT,BBG000BRK3S8,BBG001S9SCM6,TGEIX,C000017426,I Class,figi-ticker-join
S000006392,SPDR(R) EURO STOXX 50(R) ETF,549300FS6B2JRJXYB418,US78463X2027,SEC-NPORT,BBG000PG8230,BBG001SLBK12,FEZ,C000017550,SPDR(R) EURO STOXX 50(R) ETF,figi-ticker-join
S000006408,The Consumer Discretionary Select Sector SPDR Fund,549300CD2I087Y919K79,US81369Y4070,GLEIF,BBG000BJ1MF9,BBG001S7T1Q9,XLY,C000017594,The Consumer Discretionary Select Sector SPDR Fund,unique-pairing
S000006409,The Consumer Staples Select Sector SPDR Fund,549300Z52QUV3UXHLA68,US81369Y3080,GLEIF,BBG000BJ10N8,BBG001S7T107,XLP,C000017595,The Consumer Staples Select Sector SPDR Fund,unique-pairing
S000006410,The Energy Select Sector SPDR Fund,54930064FLK0RD4TRU75,US81369Y5069,GLEIF,BBG000BJ20S2,BBG001S7T1S7,XLE,C000017596,The Energy Select Sector SPDR Fund,unique-pairing
S000006411,The Financial Select Sector SPDR Fund,549300Y12KQ6ZG08NY28,US81369Y6059,GLEIF,BBG000BJ29X7,BBG001S7T223,XLF,C000017597,The Financial Select Sector SPDR Fund,unique-pairing
S000006412,The Health Care Select Sector SPDR Fund,549300EJNY3KKJHPOY44,US81369Y2090,GLEIF,BBG000BHVSG6,BBG001S7SCQ6,XLV,C000017598,The Health Care Select Sector SPDR Fund,unique-pairing
S000006413,The Industrial Select Sector SPDR Fund,549300HQI51T8KP6U325,US81369Y7040,SEC-NPORT,BBG000BJ2RF7,BBG001S7T232,XLI,C000017599,The Industrial Select Sector SPDR Fund,figi-ticker-join
S000006414,The Materials Select Sector SPDR Fund,549300N81BAQ1XPGBT65,US81369Y1001,GLEIF,BBG000BHNNF7,BBG001S7R733,XLB,C000017600,The Materials Select Sector SPDR Fund,unique-pairing
S000006415,The Technology Select Sector SPDR Fund,549300BR5T0JNM2MW070,US81369Y8030,SEC-NPORT,BBG000BJ7007,BBG001S7TCZ5,XLK,C000017601,The Technology Select Sector SPDR Fund,figi-ticker-join
S000006416,The Utilities Select Sector SPDR Fund,549300ERQDM80PRYUH21,US81369Y8865,SEC-NPORT,BBG000BJ7G75,BBG001S7TD56,XLU,C000017602,The Utilities Select Sector SPDR Fund,figi-ticker-join
S000006418,SIT INTERNATIONAL EQUITY FUND,2KJ48EJJQTGC3CGNNK08,US78411R1095,GLEIF,BBG000BF7K74,BBG001S6MGV9,SEITX,C000017607,SIT INTERNATIONAL EQUITY FUND - CLASS A,figi-ticker-join
S000006498,Artisan Small Cap Fund,549300QY9C2JZ6CCJQ17,US04314H6264,SEC-NPORT,BBG008H45410,BBG008H45401,ARTYX,,,unresolved
S000006498,Artisan Small Cap Fund,549300QY9C2JZ6CCJQ17,US04314H7254,SEC-NPORT,BBG005WW78Q9,BBG005WW78R8,ARTFX,,,unresolved
S000006498,Artisan Small Cap Fund,549300QY9C2JZ6CCJQ17,US04314H8815,SEC-NPORT,BBG000P8N8B9,BBG001SL6DN0,ARTKX,,,unresolved
S000006500,Frontier Mid Cap Growth Portfolio,5493005OO6UF3KP3I577,US10923P7353,GLEIF,,,,,,unresolved
S000006500,Frontier Mid Cap Growth Portfolio,5493005OO6UF3KP3I577,US10923P7437,GLEIF,,,,,,unresolved
S000006500,Frontier Mid Cap Growth Portfolio,5493005OO6UF3KP3I577,US10923P7502,GLEIF,,,,,,unresolved
S000006500,Frontier Mid Cap Growth Portfolio,5493005OO6UF3KP3I577,US10923P7684,GLEIF,,,,,,unresolved
S000006501,Met/Wellington Core Equity Opportunities Portfolio,549300RMBDUQCGNCEW28,US10923R7807,GLEIF,,,,,,unresolved
S000006501,Met/Wellington Core Equity Opportunities Portfolio,549300RMBDUQCGNCEW28,US10923R7989,GLEIF,,,,,,unresolved
S000006501,Met/Wellington Core Equity Opportunities Portfolio,549300RMBDUQCGNCEW28,US10923R8144,GLEIF,,,,,,unresolved
S000006502,Baillie Gifford International Stock Portfolio,549300EXGFFCPABDPG67,US10923P1075,GLEIF,,,,,,unresolved
S000006502,Baillie Gifford International Stock Portfolio,549300EXGFFCPABDPG67,US10923P2065,GLEIF,,,,,,unresolved
S000006502,Baillie Gifford International Stock Portfolio,549300EXGFFCPABDPG67,US10923P3055,GLEIF,,,,,,unresolved
S000006505,Loomis Sayles Small Cap Growth Portfolio,549300Y2C11SQV0UMQ36,US10923P6363,GLEIF,,,,,,unresolved
S000006505,Loomis Sayles Small Cap Growth Portfolio,549300Y2C11SQV0UMQ36,US10923P6447,GLEIF,,,,,,unresolved
S000006505,Loomis Sayles Small Cap Growth Portfolio,549300Y2C11SQV0UMQ36,US10923P6512,GLEIF,,,,,,unresolved
S000006506,Met/Artisan Mid Cap Value Portfolio,549300CV1PQXITIUR832,US10923P5944,GLEIF,,,,,,unresolved
S000006506,Met/Artisan Mid Cap Value Portfolio,549300CV1PQXITIUR832,US10923P6108,GLEIF,,,,,,unresolved
S000006506,Met/Artisan Mid Cap Value Portfolio,549300CV1PQXITIUR832,US10923P6280,GLEIF,,,,,,unresolved
S000006507,MFS Value Portfolio,549300CWENUJR9J33L67,US10923P2974,GLEIF,,,,,,unresolved
S000006507,MFS Value Portfolio,549300CWENUJR9J33L67,US10923P3139,GLEIF,,,,,,unresolved
S000006507,MFS Value Portfolio,549300CWENUJR9J33L67,US10923P3212,GLEIF,,,,,,unresolved
S000006507,MFS Value Portfolio,549300CWENUJR9J33L67,US10923P3394,GLEIF,,,,,,unresolved
S000006508,Jennison Growth Portfolio,549300N8ZTY0RIVN0V71,US10923P6934,GLEIF,,,,,,unresolved
S000006508,Jennison Growth Portfolio,549300N8ZTY0RIVN0V71,US10923P7197,GLEIF,,,,,,unresolved
S000006508,Jennison Growth Portfolio,549300N8ZTY0RIVN0V71,US10923P7270,GLEIF,,,,,,unresolved
S000006509,Barclays Aggregate Bond Index Portfolio,549300NRL8B3H8T0W741,US10923P4046,GLEIF,,,,,,unresolved
S000006509,Barclays Aggregate Bond Index Portfolio,549300NRL8B3H8T0W741,US10923P5035,GLEIF,,,,,,unresolved
S000006509,Barclays Aggregate Bond Index Portfolio,549300NRL8B3H8T0W741,US10923P6025,GLEIF,,,,,,unresolved
S000006509,Barclays Aggregate Bond Index Portfolio,549300NRL8B3H8T0W741,US10923P7015,GLEIF,,,,,,unresolved
S000006510,Loomis Sayles Small Cap Core Portfolio,549300WOFRTKHYY5PI50,US10923P6694,GLEIF,,,,,,unresolved
S000006510,Loomis Sayles Small Cap Core Portfolio,549300WOFRTKHYY5PI50,US10923P6777,GLEIF,,,,,,unresolved
S000006510,Loomis Sayles Small Cap Core Portfolio,549300WOFRTKHYY5PI50,US10923P6850,GLEIF,,,,,,unresolved
S000006511,BlackRock Bond Income Portfolio,RQ2HPSR0HMOOPNZQJY98,US10923P8005,GLEIF,,,,,,unresolved
S000006513,MetLife Asset Allocation 20 Portfolio,549300XACYLCB483JV87,US10923P5522,GLEIF,,,,,,unresolved
S000006513,MetLife Asset Allocation 20 Portfolio,549300XACYLCB483JV87,US10923P5605,GLEIF,,,,,,unresolved
S000006514,MetLife Asset Allocation 40 Portfolio,5493006I881CWSY5KC46,US10923P5373,GLEIF,,,,,,unresolved
S000006514,MetLife Asset Allocation 40 Portfolio,5493006I881CWSY5KC46,US10923P5456,GLEIF,,,,,,unresolved
S000006515,MetLife Mid Cap Stock Index Portfolio,549300J2UIY0PEHLL365,US10923P4467,GLEIF,,,,,,unresolved
S000006515,MetLife Mid Cap Stock Index Portfolio,549300J2UIY0PEHLL365,US10923P4533,GLEIF,,,,,,unresolved
S000006515,MetLife Mid Cap Stock Index Portfolio,549300J2UIY0PEHLL365,US10923P4616,GLEIF,,,,,,unresolved
S000006515,MetLife Mid Cap Stock Index Portfolio,549300J2UIY0PEHLL365,US10923P4798,GLEIF,,,,,,unresolved
S000006516,MetLife Asset Allocation 60 Portfolio,549300NAJKSUH3BJEC19,US10923P5118,GLEIF,,,,,,unresolved
S000006516,MetLife Asset Allocation 60 Portfolio,549300NAJKSUH3BJEC19,US10923P5290,GLEIF,,,,,,unresolved
S000006517,MetLife Asset Allocation 80 Portfolio,549300RBQHI0201U0L16,US10923P4871,GLEIF,,,,,,unresolved
S000006517,MetLife Asset Allocation 80 Portfolio,549300RBQHI0201U0L16,US10923P4954,GLEIF,,,,,,unresolved
S000006518,MetLife Stock Index Portfolio,549300CG70DQZXWOFG62,US10923P3881,GLEIF,,,,,,unresolved
S000006518,MetLife Stock Index Portfolio,549300CG70DQZXWOFG62,US10923P3964,GLEIF,,,,,,unresolved
S000006518,MetLife Stock Index Portfolio,549300CG70DQZXWOFG62,US10923P4129,GLEIF,,,,,,unresolved
S000006518,MetLife Stock Index Portfolio,549300CG70DQZXWOFG62,US10923P4202,GLEIF,,,,,,unresolved
S000006518,MetLife Stock Index Portfolio,549300CG70DQZXWOFG62,US10923P4384,GLEIF,,,,,,unresolved
S000006520,MFS Total Return Portfolio,549300GAG4Y8Q4D11K79,US10923P3477,GLEIF,,,,,,unresolved
S000006520,MFS Total Return Portfolio,549300GAG4Y8Q4D11K79,US10923P3543,GLEIF,,,,,,unresolved
S000006520,MFS Total Return Portfolio,549300GAG4Y8Q4D11K79,US10923P3626,GLEIF,,,,,,unresolved
S000006520,MFS Total Return Portfolio,549300GAG4Y8Q4D11K79,US10923P3709,GLEIF,,,,,,unresolved
S000006521,MSCI EAFE Index Portfolio,549300NQ7X2WD9TI7013,US10923P2552,GLEIF,,,,,,unresolved
S000006521,MSCI EAFE Index Portfolio,549300NQ7X2WD9TI7013,US10923P2636,GLEIF,,,,,,unresolved
S000006521,MSCI EAFE Index Portfolio,549300NQ7X2WD9TI7013,US10923P2719,GLEIF,,,,,,unresolved
S000006521,MSCI EAFE Index Portfolio,549300NQ7X2WD9TI7013,US10923P2891,GLEIF,,,,,,unresolved
S000006522,Met/Wellington Balanced Portfolio,NXBVDGYPUHFPZAEIGB14,US10923R8227,GLEIF,,,,,,unresolved
S000006522,Met/Wellington Balanced Portfolio,NXBVDGYPUHFPZAEIGB14,US10923R8300,GLEIF,,,,,,unresolved
S000006522,Met/Wellington Balanced Portfolio,NXBVDGYPUHFPZAEIGB14,US10923R8482,GLEIF,,,,,,unresolved
S000006525,Russell 2000 Index Portfolio,549300150CXK26R8Z865,US10923P1729,GLEIF,,,,,,unresolved
S000006525,Russell 2000 Index Portfolio,549300150CXK26R8Z865,US10923P1802,GLEIF,,,,,,unresolved
S000006525,Russell 2000 Index Portfolio,549300150CXK26R8Z865,US10923P1984,GLEIF,,,,,,unresolved
S000006525,Russell 2000 Index Portfolio,549300150CXK26R8Z865,US10923P2149,GLEIF,,,,,,unresolved
S000006526,Western Asset Management Strategic Bond Opportunities Portfolio,549300FA3RFIWG5VDH47,US10923R7070,GLEIF,,,,,,unresolved
S000006526,Western Asset Management Strategic Bond Opportunities Portfolio,549300FA3RFIWG5VDH47,US10923R8060,GLEIF,,,,,,unresolved
S000006526,Western Asset Management Strategic Bond Opportunities Portfolio,549300FA3RFIWG5VDH47,US10923R8896,GLEIF,,,,,,unresolved
S000006527,Western Asset Management U.S. Government Portfolio,549300EGJ01DADX3JK13,US10923R8557,GLEIF,,,,,,unresolved
S000006527,Western Asset Management U.S. Government Portfolio,549300EGJ01DADX3JK13,US10923R8631,GLEIF,,,,,,unresolved
S000006527,Western Asset Management U.S. Government Portfolio,549300EGJ01DADX3JK13,US10923R8714,GLEIF,,,,,,unresolved
S000006528,T.Rowe Price Large Cap Growth Portfolio,5493008USKNDLS52EC82,US10923P1497,GLEIF,,,,,,unresolved
S000006528,T.Rowe Price Large Cap Growth Portfolio,5493008USKNDLS52EC82,US10923P1562,GLEIF,,,,,,unresolved
S000006528,T.Rowe Price Large Cap Growth Portfolio,5493008USKNDLS52EC82,US10923P1646,GLEIF,,,,,,unresolved
S000006529,T.Rowe Price Small Cap Growth Portfolio,5493001UT31CDHICVF53,US10923R1032,GLEIF,,,,,,unresolved
S000006529,T.Rowe Price Small Cap Growth Portfolio,5493001UT31CDHICVF53,US10923R2022,GLEIF,,,,,,unresolved
S000006529,T.Rowe Price Small Cap Growth Portfolio,5493001UT31CDHICVF53,US10923R3012,GLEIF,,,,,,unresolved
S000006529,T.Rowe Price Small Cap Growth Portfolio,5493001UT31CDHICVF53,US10923R4002,GLEIF,,,,,,unresolved
S000006533,BlackRock Capital Appreciation Portfolio,549300YBSHKU56M30Y77,US10923P8674,SEC-NPORT,,,,,,unresolved
S000006534,BlackRock Ultra-Short Term Bond Portfolio,549300R0KOSFOUV70B78,US10923P7767,GLEIF,,,,,,unresolved
S000006534,BlackRock Ultra-Short Term Bond Portfolio,549300R0KOSFOUV70B78,US10923P7841,GLEIF,,,,,,unresolved
S000006534,BlackRock Ultra-Short Term Bond Portfolio,549300R0KOSFOUV70B78,US10923P7924,GLEIF,,,,,,unresolved
S000006535,Neuberger Berman Genesis Portfolio,549300P60W9GNQRTUW28,US10923P2222,GLEIF,,,,,,unresolved
S000006535,Neuberger Berman Genesis Portfolio,549300P60W9GNQRTUW28,US10923P2305,GLEIF,,,,,,unresolved
S000006535,Neuberger Berman Genesis Portfolio,549300P60W9GNQRTUW28,US10923P2487,GLEIF,,,,,,unresolved
S000006538,WHITE OAK SELECT GROWTH FUND,549300KQ8CF1SBQ7TP82,US6710811075,GLEIF,BBG000BLK6T3,BBG001S99R08,WOGSX,C000017873,WHITE OAK SELECT GROWTH FUND,unique-pairing
S000006539,PIN OAK EQUITY FUND,549300T2HQ5J5US3GD96,US6710812065,GLEIF,BBG000BH4FJ1,BBG001S67FQ4,POGSX,C000017874,PIN OAK EQUITY FUND,unique-pairing
S000006551,Laudus International MarketMasters Fund,5493000Y9R7KH3YK4711,US8085096407,SEC-NPORT,BBG000PL3902,BBG001SKSSH2,SWMIX,C000017890,Select Shares,figi-ticker-join
S000006570,PUTNAM U S GOVERNMENT INCOME TRUST,V36NQTUWG8SKLKSHZZ27,US7468851024,GLEIF,BBG000BBYB28,BBG001S64N99,PGSIX,C000017922,Class A Shares,figi-ticker-join
S000006570,PUTNAM U S GOVERNMENT INCOME TRUST,V36NQTUWG8SKLKSHZZ27,US7468853004,GLEIF,BBG000BTRLD3,BBG001SFFHP2,PGVCX,C000017924,Class C Shares,figi-ticker-join
S000006570,PUTNAM U S GOVERNMENT INCOME TRUST,V36NQTUWG8SKLKSHZZ27,US7468854093,GLEIF,BBG000BRFKB4,BBG001SC5Q25,PUSYX,C000017927,Class Y Shares,figi-ticker-join
S000006570,PUTNAM U S GOVERNMENT INCOME TRUST,V36NQTUWG8SKLKSHZZ27,US7468855082,GLEIF,,,,,,unresolved
S000006570,PUTNAM U S GOVERNMENT INCOME TRUST,V36NQTUWG8SKLKSHZZ27,US7468856072,GLEIF,BBG000C0Q8X3,BBG001SLW825,PGVRX,C000017926,Class R Shares,figi-ticker-join
S000006570,PUTNAM U S GOVERNMENT INCOME TRUST,V36NQTUWG8SKLKSHZZ27,US7468857062,GLEIF,BBG00GXFY8Y2,BBG00GXFY8Z1,PSUTX,,,unresolved
S000006570,PUTNAM U S GOVERNMENT INCOME TRUST,V36NQTUWG8SKLKSHZZ27,US7468858052,GLEIF,BBG00KVYSBX5,BBG00KVYSBY4,POLYX,,,unresolved
S000006579,DIVERSIFIED BOND FUND,W0XXXFJP1KT9YQTPLU26,US0249324023,SEC-NPORT,BBG000C9BD78,BBG001SF6T30,ADFIX,C000017955,INVESTOR CLASS,figi-ticker-join
S000006579,DIVERSIFIED BOND FUND,W0XXXFJP1KT9YQTPLU26,US0249326002,SEC-NPORT,BBG000BWFYJ5,BBG001SB0W83,ACBPX,C000017957,INSTITUTIONAL CLASS,figi-ticker-join
S000006581,SHORT DURATION INFLATION PROTECTION BOND FUND,32BUGDDLPB55T5COV394,US0249327745,SEC-NPORT,BBG000BYJJ64,BBG001SJS077,APOIX,C000017969,INVESTOR CLASS,figi-ticker-join
S000006582,U.S. GOVERNMENT MONEY MARKET FUND,549300BXGFA3RR423124,US0249327091,SEC-NPORT,BBG000BKS118,BBG001S7GJ84,TCRXX,C000017975,INVESTOR CLASS,figi-ticker-join
S000006602,EMERGING MARKETS FUND,OJSP27GKQDID6RYXOW18,US0250868850,SEC-NPORT,BBG000BGHWF6,BBG001S79MM9,TWMIX,C000018021,INVESTOR CLASS,figi-ticker-join
S000006602,EMERGING MARKETS FUND,OJSP27GKQDID6RYXOW18,US02509A7292,SEC-NPORT,BBG01637J5P7,BBG01637J5Q6,ACADX,,,unresolved
S000006605,INTERNATIONAL GROWTH FUND,E3GA74QRD5B5ZB3R9U69,US0250861095,SEC-NPORT,BBG000BFV785,BBG001S6SR30,TWIEX,C000018035,INVESTOR CLASS,figi-ticker-join
S000006605,INTERNATIONAL GROWTH FUND,E3GA74QRD5B5ZB3R9U69,US02509A7375,SEC-NPORT,BBG01637J434,BBG01637J443,ACAEX,,,unresolved
S000006610,INTERNATIONAL VALUE FUND,RNIC2PFJLR0FKTMMJ489,US0250865880,SEC-NPORT,BBG000NKYFD4,BBG001SQNGZ0,ACEVX,C000018052,INVESTOR CLASS,figi-ticker-join
S000006610,INTERNATIONAL VALUE FUND,RNIC2PFJLR0FKTMMJ489,US02509A7458,SEC-NPORT,BBG01637J8V4,BBG01637J8W3,ACAFX,,,unresolved
S000006698,Loomis Sayles Global Equity and Income Fund,549300FX8N6EEUB2RZ68,US5434878709,SEC-NPORT,BBG000C55W44,BBG001SLJQF6,LSWWX,C000018226,Class Y,figi-ticker-join
S000006701,Loomis Sayles Investment Grade Bond Fund,LXBMZ6T88WCKRZUWOE84,US5434871365,SEC-NPORT,BBG000DJ0HX9,BBG001SLJPQ6,LSIIX,C000018238,Class Y,figi-ticker-join
S000006735,Penn Series International Equity Fund,1M74GDLH06HJWJRYBR07,US7075992054,GLEIF,,,,C000018298,International Equity Fund,unique-pairing
S000006755,FRANKLIN GROWTH FUND,549300HNBBCTK2YQED48,US3534966490,SEC-NPORT,BBG004QJ77F2,BBG004QJ77J8,FIFRX,C000128786,Class R6,figi-ticker-join
S000006757,FRANKLIN U.S. GOVERNMENT SECURITIES FUND,54930004V2YVWZM45R57,US3534966235,SEC-NPORT,BBG004QJ7F73,BBG004QJ7F82,FGORX,C000128788,Class R6,figi-ticker-join
S000006760,FRANKLIN FEDERAL TAX-FREE INCOME FUND,549300KM3Z73TQ4XVL24,US3535191015,GLEIF,BBG000BBXWP8,BBG001S64M55,FKTIX,C000018346,CLASS A,figi-ticker-join
S000006760,FRANKLIN FEDERAL TAX-FREE INCOME FUND,549300KM3Z73TQ4XVL24,US3535192005,GLEIF,BBG000BNQ8R1,BBG001S8QHJ3,FRFTX,C000018348,CLASS C,figi-ticker-join
S000006760,FRANKLIN FEDERAL TAX-FREE INCOME FUND,549300KM3Z73TQ4XVL24,US3535193094,GLEIF,,,,,,unresolved
S000006760,FRANKLIN FEDERAL TAX-FREE INCOME FUND,549300KM3Z73TQ4XVL24,US3535194084,GLEIF,BBG000BZSVJ0,BBG001SKML01,FAFTX,C000018349,ADVISOR CLASS,figi-ticker-join
S000006760,FRANKLIN FEDERAL TAX-FREE INCOME FUND,549300KM3Z73TQ4XVL24,US3535195073,GLEIF,,,,,,unresolved
S000006760,FRANKLIN FEDERAL TAX-FREE INCOME FUND,549300KM3Z73TQ4XVL24,US3535196063,GLEIF,BBG00HG8ZD55,BBG00HG8ZD64,FFTQX,,,unresolved
S000006760,FRANKLIN FEDERAL TAX-FREE INCOME FUND,549300KM3Z73TQ4XVL24,US3535197053,GLEIF,,,,,,unresolved
S000006760,FRANKLIN FEDERAL TAX-FREE INCOME FUND,549300KM3Z73TQ4XVL24,US3535198044,GLEIF,BBG00LYF4828,BBG00LYF4837,FFQAX,,,unresolved
S000006767,SIIT LARGE CAP FUND,XR2L2AY8X1CXOIM1RU36,US7839801054,GLEIF,BBG000RFDL05,BBG001STJX55,SLCAX,C000018356,SIIT LARGE CAP FUND - CLASS A,unique-pairing
S000006773,SDIT GOVERNMENT FUND,549300NAA3S75Z454511,US7839655930,SEC-NPORT,BBG000H76QL8,BBG001S96CZ6,SEOXX,C000018365,SDIT GOVERNMENT FUND - CLASS A,figi-ticker-join
S000006806,LORD ABBETT AFFILIATED FUND INC,549300DFRLHRH3RUMW32,US5440011006,GLEIF,BBG000BC8JT9,BBG001S65QK8,LAFFX,C000018428,Class A,figi-ticker-join
S000006806,LORD ABBETT AFFILIATED FUND INC,549300DFRLHRH3RUMW32,US5440012095,GLEIF,,,,,,unresolved
S000006806,LORD ABBETT AFFILIATED FUND INC,549300DFRLHRH3RUMW32,US5440013085,GLEIF,BBG000BPV042,BBG001S9HSF1,LAFCX,C000018430,Class C,figi-ticker-join
S000006806,LORD ABBETT AFFILIATED FUND INC,549300DFRLHRH3RUMW32,US5440014075,GLEIF,BBG000BT20B8,BBG001SDSVY2,LAFPX,C000018431,Class P,figi-ticker-join
S000006806,LORD ABBETT AFFILIATED FUND INC,549300DFRLHRH3RUMW32,US5440015064,GLEIF,BBG000BRS328,BBG001SCN9T4,LAFYX,C000018432,Class I,figi-ticker-join
S000006806,LORD ABBETT AFFILIATED FUND INC,549300DFRLHRH3RUMW32,US5440016054,GLEIF,BBG000C8D6J0,BBG001T04NN5,LAAFX,C000054699,Class F,figi-ticker-join
S000006806,LORD ABBETT AFFILIATED FUND INC,549300DFRLHRH3RUMW32,US5440017045,GLEIF,BBG000C8D6Z2,BBG001T04NP3,LAFQX,C000054700,Class R2,figi-ticker-join
S000006806,LORD ABBETT AFFILIATED FUND INC,549300DFRLHRH3RUMW32,US5440018035,GLEIF,BBG000C392B3,BBG001SQF7N2,LAFRX,C000054701,Class R3,figi-ticker-join
S000006806,LORD ABBETT AFFILIATED FUND INC,549300DFRLHRH3RUMW32,US5440018456,GLEIF,BBG00GFCCJN1,BBG00GFCCJP9,LTFOX,,,unresolved
S000006806,LORD ABBETT AFFILIATED FUND INC,549300DFRLHRH3RUMW32,US5440018522,GLEIF,,,,,,unresolved
S000006806,LORD ABBETT AFFILIATED FUND INC,549300DFRLHRH3RUMW32,US5440018605,GLEIF,BBG009BDQZ94,BBG009BDQZB1,LAFVX,C000155437,Class R6,figi-ticker-join
S000006806,LORD ABBETT AFFILIATED FUND INC,549300DFRLHRH3RUMW32,US5440018787,GLEIF,BBG009BDQYS6,BBG009BDQYT5,LAFTX,C000155436,Class R5,figi-ticker-join
S000006806,LORD ABBETT AFFILIATED FUND INC,549300DFRLHRH3RUMW32,US5440018860,GLEIF,BBG009BDNMS5,BBG009BDNMV1,LAFSX,C000155435,Class R4,figi-ticker-join
S000006807,Schwab 1000 Index Fund,549300POUDZNU374H849,US8085171069,GLEIF,BBG000BFP7S0,BBG001S6QM06,SNXFX,C000018433,Investor Shares,unique-pairing
S000006815,Schwab Tax-Free Bond Fund,5493006ICKPPSTLTJ421,US8085174030,GLEIF,BBG000BHCDV3,BBG001S73T77,SWNTX,C000018447,Schwab Tax-Free Bond Fund,unique-pairing
S000006818,Schwab California Tax-Free Bond Fund,549300IO883LGHG5V969,US8085173040,GLEIF,BBG000BGS082,BBG001S71D01,SWCAX,C000018451,Schwab California Tax-Free Bond Fund,unique-pairing
S000006819,Schwab Treasury Inflation Protected Securities Index Fund,5493000LZN1FM8F1C238,US8085178171,SEC-NPORT,BBG000NR84S7,BBG001SQPVQ5,SWRSX,C000018453,Schwab Treasury Inflation Protected Securities Index Fund,figi-ticker-join
S000006820,LORD ABBETT BOND DEBENTURE FUND INC,W528K4KWQL50R13TDZ14,US5440041045,GLEIF,BBG000BC8R75,BBG001S65QX4,LBNDX,C000018454,Class A,figi-ticker-join
S000006820,LORD ABBETT BOND DEBENTURE FUND INC,W528K4KWQL50R13TDZ14,US5440042035,GLEIF,,,,,,unresolved
S000006820,LORD ABBETT BOND DEBENTURE FUND INC,W528K4KWQL50R13TDZ14,US5440043025,GLEIF,BBG000BMPYV2,BBG001S7WCK7,BDLAX,C000018456,Class C,figi-ticker-join
S000006820,LORD ABBETT BOND DEBENTURE FUND INC,W528K4KWQL50R13TDZ14,US5440044015,GLEIF,BBG000BRS2B0,BBG001SCN9Q7,LBNYX,C000018458,Class I,figi-ticker-join
S000006820,LORD ABBETT BOND DEBENTURE FUND INC,W528K4KWQL50R13TDZ14,US5440045004,GLEIF,BBG000BVFS55,BBG001SG3YC0,LBNPX,C000018457,Class P,figi-ticker-join
S000006820,LORD ABBETT BOND DEBENTURE FUND INC,W528K4KWQL50R13TDZ14,US5440046093,GLEIF,BBG000C495R7,BBG001SS31G2,LBDFX,C000052177,Class F,figi-ticker-join
S000006820,LORD ABBETT BOND DEBENTURE FUND INC,W528K4KWQL50R13TDZ14,US5440047083,GLEIF,BBG000C49622,BBG001SS31N4,LBNQX,C000052178,Class R2,figi-ticker-join
S000006820,LORD ABBETT BOND DEBENTURE FUND INC,W528K4KWQL50R13TDZ14,US5440048073,GLEIF,BBG000C496Q6,BBG001SS31P2,LBNRX,C000052179,Class R3,figi-ticker-join
S000006820,LORD ABBETT BOND DEBENTURE FUND INC,W528K4KWQL50R13TDZ14,US5440048495,GLEIF,BBG00GFCCQ46,BBG00GFCCQ55,LBNOX,,,unresolved
S000006820,LORD ABBETT BOND DEBENTURE FUND INC,W528K4KWQL50R13TDZ14,US5440048560,GLEIF,,,,,,unresolved
S000006820,LORD ABBETT BOND DEBENTURE FUND INC,W528K4KWQL50R13TDZ14,US5440048644,GLEIF,BBG009BDTNB5,BBG009BDTNC4,LBNVX,C000158207,Class R6,figi-ticker-join
S000006820,LORD ABBETT BOND DEBENTURE FUND INC,W528K4KWQL50R13TDZ14,US5440048727,GLEIF,BBG009BDTMX3,BBG009BDTMZ1,LBNTX,C000158206,Class R5,figi-ticker-join
S000006820,LORD ABBETT BOND DEBENTURE FUND INC,W528K4KWQL50R13TDZ14,US5440048800,GLEIF,BBG009BDR5X2,BBG009BDR5Y1,LBNSX,C000158205,Class R4,figi-ticker-join
S000006827,ProShares Ultra QQQ,BB4MTKSM4GAKW287HJ60,US74347R2067,SEC-NPORT,BBG000PNK918,BBG001SR6H76,QLD,C000018465,ProShares Ultra QQQ,figi-ticker-join
S000006828,ProShares Short S&P500,XSY494HNCRZV64FNKS70,US74349Y7537,SEC-NPORT,BBG000PNJHB1,BBG001SR6H49,SH,C000018466,ProShares Short S&P500,figi-ticker-join
S000006832,ProShares UltraShort S&P500,1X5PN4N7IS336EIQEE06,US74347G4165,SEC-NPORT,,,,,,unresolved
S000006832,ProShares UltraShort S&P500,1X5PN4N7IS336EIQEE06,US74347R1077,GLEIF,BBG000PNHF54,BBG001SR6GZ7,SSO,C000018470,ProShares UltraShort S&P500,unique-pairing
S000006833,Baillie Gifford Emerging Markets Fund,213800AYGKM1ZPTRBP96,US0568233961,SEC-NPORT,BBG00GPXQC27,BBG00GPXQC36,BGKEX,,,unresolved
S000006834,LORD ABBETT DEVELOPING GROWTH FUND INC,549300HWJ2W28SDTJF85,US5440061092,GLEIF,BBG000BC8LM1,BBG001S65QP3,LAGWX,C000018473,Class A,figi-ticker-join
S000006834,LORD ABBETT DEVELOPING GROWTH FUND INC,549300HWJ2W28SDTJF85,US5440062082,GLEIF,,,,,,unresolved
S000006834,LORD ABBETT DEVELOPING GROWTH FUND INC,549300HWJ2W28SDTJF85,US5440063072,GLEIF,BBG000BPTYS5,BBG001S9HSB5,LADCX,C000018475,Class C,figi-ticker-join
S000006834,LORD ABBETT DEVELOPING GROWTH FUND INC,549300HWJ2W28SDTJF85,US5440064062,GLEIF,BBG000BRRQV6,BBG001SCMCY2,LADPX,C000018476,Class P,figi-ticker-join
S000006834,LORD ABBETT DEVELOPING GROWTH FUND INC,549300HWJ2W28SDTJF85,US5440065051,GLEIF,BBG000BRS1J4,BBG001SCN9M1,LADYX,C000018477,Class I,figi-ticker-join
S000006834,LORD ABBETT DEVELOPING GROWTH FUND INC,549300HWJ2W28SDTJF85,US5440066042,GLEIF,BBG000C49766,BBG001SS3305,LADFX,C000054855,Class F,figi-ticker-join
S000006834,LORD ABBETT DEVELOPING GROWTH FUND INC,549300HWJ2W28SDTJF85,US5440067032,GLEIF,BBG000C498L7,BBG001SS3323,LADQX,C000054856,Class R2,figi-ticker-join
S000006834,LORD ABBETT DEVELOPING GROWTH FUND INC,549300HWJ2W28SDTJF85,US5440068022,GLEIF,BBG000C497D8,BBG001SS3314,LADRX,C000054857,Class R3,figi-ticker-join
S000006834,LORD ABBETT DEVELOPING GROWTH FUND INC,549300HWJ2W28SDTJF85,US5440068444,GLEIF,BBG00GFCD5J5,BBG00GFCD5K3,LOGWX,,,unresolved
S000006834,LORD ABBETT DEVELOPING GROWTH FUND INC,549300HWJ2W28SDTJF85,US5440068519,GLEIF,BBG00HC84S78,BBG00HC84S87,LAWTX,,,unresolved
S000006834,LORD ABBETT DEVELOPING GROWTH FUND INC,549300HWJ2W28SDTJF85,US5440068691,GLEIF,BBG009BDWFP3,BBG009BDWFQ2,LADVX,C000151974,Class R6,figi-ticker-join
S000006834,LORD ABBETT DEVELOPING GROWTH FUND INC,549300HWJ2W28SDTJF85,US5440068774,GLEIF,BBG009BDWFK8,BBG009BDWFL7,LADTX,C000151973,Class R5,figi-ticker-join
S000006834,LORD ABBETT DEVELOPING GROWTH FUND INC,549300HWJ2W28SDTJF85,US5440068857,GLEIF,BBG009BDWF91,BBG009BDWFB8,LADSX,C000151972,Class R4,figi-ticker-join
S000006859,FRANKLIN U.S. GOVERNMENT MONEY FUND,549300LAU7JF8HZG1B15,US3540141021,GLEIF,BBG000BBLZ74,BBG001S61788,FMFXX,C000018536,FRANKLIN U.S. GOVERNMENT MONEY FUND,figi-ticker-join
S000006859,FRANKLIN U.S. GOVERNMENT MONEY FUND,549300LAU7JF8HZG1B15,US3540142011,GLEIF,BBG006JNW6Z8,BBG006JNW704,FRRXX,C000128781,Class R6,figi-ticker-join
S000006859,FRANKLIN U.S. GOVERNMENT MONEY FUND,549300LAU7JF8HZG1B15,US3540143001,GLEIF,BBG00PWP5WZ9,BBG00PWP5X05,FTQXX,,,unresolved
S000006859,FRANKLIN U.S. GOVERNMENT MONEY FUND,549300LAU7JF8HZG1B15,US3540144090,GLEIF,BBG00Q9D7DF2,BBG00Q9D7DG1,FRQXX,,,unresolved
S000006859,FRANKLIN U.S. GOVERNMENT MONEY FUND,549300LAU7JF8HZG1B15,US3540145089,GLEIF,BBG01NKSPS96,BBG01NKSPSF9,FVTXX,,,unresolved
S000006863,Multi-Style Equity Fund,HJF4I4G3NRRGIEG5Z262,US7824911041,GLEIF,BBG001M2T2G5,BBG001V0ZM23,RIFAX,C000018545,Multi-Style Equity Fund,unique-pairing
S000006864,Aggressive Equity Fund,4TSZIINZENZIS9XYIQ87,US7824912031,GLEIF,BBG001M2SYB1,BBG001V0ZLJ7,RIFBX,C000018546,Aggressive Equity Fund,unique-pairing
S000006865,Non-U.S.Fund,OBN5HZOV2KJPBU8D6051,US7824913021,GLEIF,BBG001M2T2Y5,BBG001SK44L6,RIFCX,C000018547,Non-U.S.Fund,unique-pairing
S000006869,LORD ABBETT US GOV & GOV SPONSORED ENTERPR MONEY MARKET FUND,549300U1SLPHYW7Y1896,US5439181067,GLEIF,BBG000BC4DR8,BBG001S65QJ0,LACXX,C000018565,Class A,figi-ticker-join
S000006869,LORD ABBETT US GOV & GOV SPONSORED ENTERPR MONEY MARKET FUND,549300U1SLPHYW7Y1896,US5439182057,GLEIF,BBG000CKF1V8,BBG001SFHPP2,LCCXX,C000018567,Class C,figi-ticker-join
S000006869,LORD ABBETT US GOV & GOV SPONSORED ENTERPR MONEY MARKET FUND,549300U1SLPHYW7Y1896,US5439183048,GLEIF,,,,,,unresolved
S000006869,LORD ABBETT US GOV & GOV SPONSORED ENTERPR MONEY MARKET FUND,549300U1SLPHYW7Y1896,US5439184038,GLEIF,BBG000QX2Q99,BBG001SP3V36,LAYXX,C000018564,Class I,figi-ticker-join
S000006878,FRANKLIN GROWTH OPPORTUNITIES FUND,549300B6FDJC678OK402,US3547133567,SEC-NPORT,BBG004QJ77V4,BBG004QJ77W3,FOPPX,C000128860,Class R6,figi-ticker-join
S000006895,MainStay Government Fund,549300VGQDBBMXRHHU10,US56063N7333,SEC-NPORT,BBG00HK1KCG1,BBG00HK1KCH0,MGVDX,,,unresolved
S000006896,MainStay High Yield Corporate Bond Fund,549300Y73VYUL00YQH40,US56062X7084,SEC-NPORT,BBG000BWMMT2,BBG001SHDCS8,MHYIX,C000018696,Class I,figi-ticker-join
S000006896,MainStay High Yield Corporate Bond Fund,549300Y73VYUL00YQH40,US56063N5014,GLEIF,BBG000D5J5P4,BBG001T0VMW7,MHYRX,C000057099,Class R2,figi-ticker-join
S000006896,MainStay High Yield Corporate Bond Fund,549300Y73VYUL00YQH40,US56063N5436,GLEIF,BBG00X8SCVP8,BBG00X8SCVQ7,MHHSX,,,unresolved
S000006896,MainStay High Yield Corporate Bond Fund,549300Y73VYUL00YQH40,US56063N8810,SEC-NPORT,BBG004KTY837,BBG004KTY846,MHYSX,C000127160,Class R6,figi-ticker-join
S000006897,MainStay Money Market Fund,5493000843752EBAT481,US56063N5352,GLEIF,BBG00X8SD1F4,BBG00X8SD1G3,MIPXX,,,unresolved
S000006898,MainStay Tax Free Bond Fund,549300594OLKG6WYD178,US56063N5196,GLEIF,BBG00X8SCZJ6,BBG00X8SCZK4,MTSPX,,,unresolved
S000006899,MainStay Convertible Fund,5493003UBW3QX2D8RN79,US56063N6004,GLEIF,BBG000C858Y8,BBG001T00YY3,MCNVX,C000087595,Class I,figi-ticker-join
S000006900,MainStay Income Builder Fund,KRQ4HNYE4YC2FPWTOC56,US56063N5501,GLEIF,BBG00X5FMS20,BBG00X5FMS39,MTISX,,,unresolved
S000006903,MainStay Common Stock Fund,549300C9NYJNUBU08U82,US56063N3035,GLEIF,BBG000NQN956,BBG001T0VMV8,MSORX,C000057100,Class R2,figi-ticker-join
S000006903,MainStay Common Stock Fund,549300C9NYJNUBU08U82,US56063N7747,SEC-NPORT,BBG00HK2GNY0,BBG00HK2GNZ9,MCSDX,,,unresolved
S000006905,MainStay Large Cap Growth Fund,549300M3WRI6CMX2WP65,US56063N5279,GLEIF,BBG00X8SF0X4,BBG00X8SF0Y3,MLRMX,,,unresolved
S000006905,MainStay Large Cap Growth Fund,549300M3WRI6CMX2WP65,US56063N6269,GLEIF,,,,,,unresolved
S000006906,MainStay MAP Fund,5493003Y7K55IDIMKI62,US56062F7649,SEC-NPORT,BBG000BHCNL2,BBG001S73WX1,MGVAX,,,unresolved
S000006906,MainStay MAP Fund,5493003Y7K55IDIMKI62,US56062F7722,SEC-NPORT,BBG000BHDJG6,BBG001S741T3,MHCAX,,,unresolved
S000006906,MainStay MAP Fund,5493003Y7K55IDIMKI62,US56063N7663,SEC-NPORT,BBG00HK2GND3,BBG00HK2GNF1,MMPDX,,,unresolved
S000006969,Fidelity Convertible Securities Fund,BWOHOTQTC2AE7WQFLN26,US3161452004,GLEIF,BBG000BC3QW4,BBG001S659W3,FCVSX,C000019022,Fidelity Convertible Securities Fund,figi-ticker-join
S000006970,Fidelity Equity Dividend Income Fund,JR1RBYRP36JXCRWZJ751,US3161451014,GLEIF,BBG000BFT029,BBG001S6SC88,FEQTX,C000019023,Fidelity Equity Dividend Income Fund,figi-ticker-join
S000006973,SPDR(R) Russell 3000 ETF,549300JAJ4RW35D8TD75,US78464A8053,SEC-NPORT,BBG000CFPXT1,BBG001SG6843,SPTM,,,unresolved
S000006974,SPDR(R) S & P 600 Small Cap Value ETF,54930083GEURQVBVY896,US78464A3005,SEC-NPORT,BBG000C8RKV0,BBG001SG3JV2,SLYV,C000019027,SPDR(R) S & P 600 Small Cap Value ETF,figi-ticker-join
S000006975,SPDR(R) Global Dow ETF,549300PK19O19RLNLJ50,US78464A7063,SEC-NPORT,BBG000C9KLL4,BBG001SG4257,DGT,C000019028,SPDR(R) Global Dow ETF,figi-ticker-join
S000006976,SPDR(R) Dow Jones REIT ETF,54930077YVRJPO64VF50,US78464A6073,SEC-NPORT,BBG000HSF0L9,BBG001SHTRF2,RWR,C000019029,SPDR(R) Dow Jones REIT ETF,figi-ticker-join
S000006977,SPDR(R) S&P Bank ETF,549300WRV3OCU6OV1X49,US78464A7972,SEC-NPORT,BBG000KMKPY3,BBG001SPTB32,KBE,C000019030,SPDR(R) S&P Bank ETF,figi-ticker-join
S000006978,SPDR(R) S&P Capital Markets ETF,549300BBJPWNKDPREW36,US78464A7717,SEC-NPORT,BBG000KMMBM5,BBG001SPTB41,KCE,C000019031,SPDR(R) S&P Capital Markets ETF,figi-ticker-join
S000006979,SPDR(R) S&P Insurance ETF,5493000JPXJASDQETJ56,US78464A7899,SEC-NPORT,BBG000KMNWV8,BBG001SPTB50,KIE,C000019032,SPDR(R) S&P Insurance ETF,figi-ticker-join
S000006980,SPDR(R) Morgan Stanley Technology ETF,549300PS44ZVKSLTMI64,US78464A1025,GLEIF,BBG000C9R1B2,BBG001SG42D8,XNTK,C000019033,SPDR(R) Morgan Stanley Technology ETF,unique-pairing
S000006980,SPDR(R) Morgan Stanley Technology ETF,549300PS44ZVKSLTMI64,US78464A6644,SEC-NPORT,BBG000RFRG83,BBG001STKCY7,SPTL,,,unresolved
S000006981,SPDR(R) S&P(R) Dividend ETF,5493004N0SIW5NZBWC90,US78464A7634,SEC-NPORT,BBG000KN18M3,BBG001SPTBP8,SDY,C000019034,SPDR(R) S&P(R) Dividend ETF,figi-ticker-join
S000006983,SPDR(R) Russell 1000 ETF,5493004K4F0RL72RIJ47,US78464A8053,SEC-NPORT,BBG000CFPXT1,BBG001SG6843,SPTM,,,unresolved
S000006983,SPDR(R) Russell 1000 ETF,5493004K4F0RL72RIJ47,US78464A8541,SEC-NPORT,BBG000KMT5K3,BBG001SPTB87,SPYM,,,unresolved
S000006984,SPDR(R) S & P 500 Growth ETF,549300VUPJJVH7HVPB06,US78464A4094,SEC-NPORT,BBG000BLH653,BBG001SD7RB9,SPYG,C000019037,SPDR(R) S & P 500 Growth ETF,figi-ticker-join
S000006985,SPDR(R) S & P 500 Value ETF,549300Q000TDS51V8H46,US78464A5083,SEC-NPORT,BBG000C9PJB5,BBG001SG4284,SPYV,C000019038,SPDR(R) S & P 500 Value ETF,figi-ticker-join
S000006986,SPDR(R) S&P 1000 ETF,549300TKUU0ZLRVSLJ96,US78464A8475,SEC-NPORT,BBG000KMBFP5,BBG001SPT9T9,SPMD,,,unresolved
S000006987,SPDR(R) S & P 400 Mid Cap Growth ETF,549300EEEDESCGSS7N72,US78464A8210,SEC-NPORT,BBG000KMZPV0,BBG001SPTBN0,MDYG,C000019040,SPDR(R) S & P 400 Mid Cap Growth ETF,figi-ticker-join
S000006988,SPDR(R) S & P 400 Mid Cap Value ETF,5493007LRKIGGN363454,US78464A8392,SEC-NPORT,BBG000KMY493,BBG001SPTBM1,MDYV,C000019041,SPDR(R) S & P 400 Mid Cap Value ETF,figi-ticker-join
S000006990,SPDR(R) S & P 600 Small Cap Growth ETF,549300LKXS11U5S11F10,US78464A2015,SEC-NPORT,BBG000C9N206,BBG001SG4275,SLYG,C000019043,SPDR(R) S & P 600 Small Cap Growth ETF,figi-ticker-join
S000006998,Lord Abbett Calibrated Dividend Growth Fund,549300346MHFIK892S51,US5439138182,SEC-NPORT,BBG000C0TGR9,BBG001SDDWS3,LAMYX,C000019092,Class I,figi-ticker-join
S000007001,Small-Cap Value Series,5493007UOPFNCNRUAX11,US5439138000,SEC-NPORT,BBG000BJ27Y0,BBG001S879V8,LRSYX,C000019107,Class I,figi-ticker-join
S000007004,Fidelity Investment Grade Bond Fund,N9AAYQAOCG8868R86695,US3161461096,GLEIF,BBG000BC3NS6,BBG001S659L5,FBNDX,C000019120,Fidelity Investment Grade Bond Fund,figi-ticker-join
S000007019,Fidelity Growth Discovery Fund,NEZX60E1Q1FW8K7G6L81,US31617F2056,GLEIF,BBG000C24SW0,BBG001SBT5V5,FDSVX,C000019191,Fidelity Growth Discovery Fund,figi-ticker-join
S000007051,Fidelity Government Money Market Fund,549300VZUKS6UD4H4866,US31617H1023,GLEIF,BBG000B9Y9C7,BBG001S5P6W9,SPAXX,C000019230,Fidelity Government Money Market Fund,figi-ticker-join
S000007052,Fidelity Money Market Fund,549300792F8H5AJRKM62,US31617H2013,GLEIF,BBG000BBVNG0,BBG001S642Z6,SPRXX,C000019231,Fidelity Money Market Fund,figi-ticker-join
S000007053,Fidelity Treasury Only Money Market Fund,549300ZLJ7SG3RZPVE36,US31617H3003,GLEIF,BBG000BBVLP4,BBG001S64179,FDLXX,C000019232,Fidelity Treasury Only Money Market Fund,unique-pairing
S000007066,Fidelity Total Bond Fund,52O386XUF1CQJ82UNB64,US31617L7982,SEC-NPORT,BBG007STL6Y6,BBG007STL6Z5,FBKWX,C000150510,Class Z,figi-ticker-join
S000007068,Fidelity GNMA Fund,775WA6SKHRP1TXGPSK08,US31617K1051,GLEIF,BBG000BBWTN8,BBG001S64GB1,FGMNX,C000019282,Fidelity GNMA Fund,unique-pairing
S000007100,Fidelity Overseas Fund,E7EKUOWOZGQBKZ7HIV91,US3163431022,GLEIF,BBG000BBX461,BBG001S64HB9,FOSFX,C000019419,Fidelity Overseas Fund,figi-ticker-join
S000007100,Fidelity Overseas Fund,E7EKUOWOZGQBKZ7HIV91,US3163432012,GLEIF,BBG000BBX504,BBG001S64HC8,FPBFX,,,unresolved
S000007100,Fidelity Overseas Fund,E7EKUOWOZGQBKZ7HIV91,US3163433002,GLEIF,BBG000BBJVM9,BBG001S5YN98,FIEUX,,,unresolved
S000007118,Fidelity Growth Strategies Fund,P2BS7J6B0SCD2TQVC739,US3162002030,GLEIF,BBG000BFMPP6,BBG001S6PXQ5,FDEGX,C000019447,Fidelity Growth Strategies Fund,figi-ticker-join
S000007119,Fidelity Growth Company Fund,PV7U44XVV0M0LFERDR26,US3162001040,GLEIF,BBG000BBWQ90,BBG001S64G12,FDGRX,C000019448,Fidelity Growth Company Fund,figi-ticker-join
S000007120,Fidelity New Millennium Fund,7OGLK4TP8DV5ESXN2174,US3162003020,GLEIF,BBG000BJ0969,BBG001S77CG0,FMILX,C000019449,Fidelity New Millennium Fund,unique-pairing
S000007138,Lord Abbett Fundamental Equity Fund,549300TLYQ015F73EA64,US5439157141,SEC-NPORT,BBG000C0MTR8,BBG001SLSTB4,LAVYX,C000019519,Class I,figi-ticker-join
S000007140,Lord Abbett International Core Equity Fund,EJJD6XL05H2YYEB0LV15,US5439155996,SEC-NPORT,BBG000GRN337,BBG001SHDBY3,LICYX,C000019529,Class I,figi-ticker-join
S000007142,Lord Abbett Micro-Cap Growth Fund,549300VL8AMXUES9JL76,US54400V1044,SEC-NPORT,BBG000D455Y2,BBG001SMD7X2,LMIYX,C000019536,Class I,figi-ticker-join
S000007143,Lord Abbett Micro-Cap Value Fund,549300TBYNRWTGRQG753,US54400W1027,SEC-NPORT,BBG000D458H5,BBG001SMD833,LMVYX,C000019538,Class I,figi-ticker-join
S000007144,Lord Abbett Value Opportunities Fund,549300DSLIHMAFWXRD49,US54400A1007,GLEIF,BBG000LB7KL6,BBG001SQ0384,LVOAX,C000019539,Class A,figi-ticker-join
S000007144,Lord Abbett Value Opportunities Fund,549300DSLIHMAFWXRD49,US54400A5065,SEC-NPORT,BBG000LB7RG7,BBG001SQ03J2,LVOYX,C000019543,Class I,figi-ticker-join
S000007149,Fidelity Government Cash Reserves,549300I3AUDS62CV2063,US3160671075,SEC-NPORT,BBG000BC3WC3,BBG001S65B67,FDRXX,C000019553,Fidelity Government Cash Reserves,figi-ticker-join
S000007183,Lord Abbett International Opportunities Fund,DJROU6QIURETNZO2HV24,US5439158131,SEC-NPORT,BBG000C2PZS6,BBG001SCN9P8,LINYX,C000019662,Class I,figi-ticker-join
S000007191,Fidelity OTC Portfolio,H85U4NUC6Y0W1G00M263,US3163891050,GLEIF,BBG000BBX309,BBG001S64H83,FOCPX,C000019679,Fidelity OTC Portfolio,figi-ticker-join
S000007269,Wells Fargo Large Cap Growth Fund,549300RJF2KDMLQIFV11,US94987W8284,SEC-NPORT,BBG003NFBQ86,BBG003NFBQ95,STFFX,C000120071,Class R6,figi-ticker-join
S000007277,Lord Abbett Core Fixed Income Fund,8YIJJU0VOUXPIR5N6R49,US5439168031,SEC-NPORT,BBG000QMRMD0,BBG001SN6NY2,LCRYX,C000019984,Class I,figi-ticker-join
S000007278,Lord Abbett High Yield Fund,5493009T7WVUXV1XZ191,US54400N4097,SEC-NPORT,BBG000CK4QD5,BBG001SF5CN6,LAHYX,C000019989,Class I,figi-ticker-join
S000007327,FRANKLIN GROWTH AND INCOME VIP FUND,54930062WZFE42YV6G91,US3551501030,GLEIF,BBG006RXM1S7,BBG006RXM1T6,FGRIVIP,,,unresolved
S000007342,Wells Fargo Small Cap Opportunities Fund,549300LW6174DF5P6I75,US94990B5066,SEC-NPORT,BBG00F86BK25,BBG00F86BK34,WSCJX,,,unresolved
S000007418,Wells Fargo Core Plus Bond Fund f/k/a Wells Fargo Income Plus Fund,549300CQQ2DZO0F86234,US94990B3087,SEC-NPORT,BBG00F6KP7K0,BBG00F6KP7L9,STYJX,,,unresolved
S000007421,Wells Fargo Government Money Market Fund,549300GFSYYLVYEWA041,US94975P4054,SEC-NPORT,BBG000PPD840,BBG001SLVGW5,GVIXX,C000020371,Institutional Class,figi-ticker-join
S000007441,FRANKLIN FLOATING RATE MASTER SERIES,NP14B7B8WUT9K3HJC885,US35353F1057,GLEIF,,,,C000020415,CLASS A,unique-pairing
S000007459,Energy Portfolio,LCWPDYLM5BN9NB57VU08,US3163901032,GLEIF,BBG000BC5512,BBG001S65FR5,FSENX,C000020433,Energy Portfolio,unique-pairing
S000007495,Fidelity Capital & Income Fund,LU703CW6CEVPXCO7Y179,US3160621088,SEC-NPORT,BBG000BC3DX2,BBG001S65935,FAGIX,C000020469,Fidelity Capital & Income Fund,figi-ticker-join
S000007516,GMO Debt Opportunities Fund,5493000NQRD0885G4P95,US3620131124,SEC-NPORT,BBG000NKY5N5,BBG001T56Y94,GMODX,C000020548,Class VI,figi-ticker-join
S000007537,Lord Abbett National Tax-Free Income Fund,PRC1FLSEOTHPTH5GWH03,US5439021008,GLEIF,BBG000BC8N10,BBG001S65QQ2,LANSX,C000020589,Class A,figi-ticker-join
S000007539,Lord Abbett New York Tax-Free Income Fund,TJ0JHUJX8UEYQR7MMK22,US5439022097,GLEIF,BBG000BC8NG4,BBG001S65QR1,LANYX,C000020595,Class A,figi-ticker-join
S000007558,VALUE LINE ASSET ALLOCATION FUND INC,549300IQJPPEZPF7LK27,US9203951002,GLEIF,BBG000BG71J1,BBG001S648L8,VLAAX,C000020616,VALUE LINE ASSET ALLOCATION FUND INC,figi-ticker-join
S000007558,VALUE LINE ASSET ALLOCATION FUND INC,549300IQJPPEZPF7LK27,US9203952091,GLEIF,BBG00BBXSTZ8,BBG00BBXSV01,VLAIX,C000162154,Institutional,figi-ticker-join
S000007569,"Value Line Small Cap Opportunities Fund, Inc.",549300XVATB6ITHFCX76,US9204541059,GLEIF,BBG000D7RMW6,BBG001SKLM46,VLEOX,C000020634,"Value Line Small Cap Opportunities Fund, Inc.",figi-ticker-join
S000007569,"Value Line Small Cap Opportunities Fund, Inc.",549300XVATB6ITHFCX76,US9204542040,GLEIF,BBG00BBXSWK7,BBG00BBXSWL6,VLEIX,C000162155,Institutional,figi-ticker-join
S000007570,"VALUE LINE MID CAP FOCUSED FUND, INC.",549300W23YR80YCJWP69,US9204231008,GLEIF,BBG000BBN7X5,BBG001S61430,VLIFX,C000020635,"VALUE LINE MID CAP FOCUSED FUND, INC.",figi-ticker-join
S000007570,"VALUE LINE MID CAP FOCUSED FUND, INC.",549300W23YR80YCJWP69,US9204232097,GLEIF,BBG00HFVJC73,BBG00HFVJC82,VLMIX,,,unresolved
S000007571,VALUE LINE INCOME & GROWTH FUND INC,5493004W3PUZMHTO2E87,US9204401049,GLEIF,BBG000BCKC65,BBG001S66K02,VALIX,C000020636,VALUE LINE INCOME & GROWTH FUND INC,figi-ticker-join
S000007571,VALUE LINE INCOME & GROWTH FUND INC,5493004W3PUZMHTO2E87,US9204402039,GLEIF,BBG00BBXSVD7,BBG00BBXSVF5,VLIIX,C000162171,Institutional,figi-ticker-join
S000007572,"VALUE LINE LARGER COMPANIES FOCUSED FUND, INC.",54930066RR2L0L6R1854,US9204471091,GLEIF,BBG000BCKCJ1,BBG001S66K11,VALLX,C000020637,"VALUE LINE LARGER COMPANIES FOCUSED FUND, INC.",figi-ticker-join
S000007572,"VALUE LINE LARGER COMPANIES FOCUSED FUND, INC.",54930066RR2L0L6R1854,US9204472081,GLEIF,BBG00BBXSVQ3,BBG00BBXSVR2,VLLIX,C000162163,Institutional,figi-ticker-join
S000007574,"Value Line Premier Growth Fund, Inc.",54930023T5SVLLYJ0G95,CH0009829851,GLEIF,,,,,,unresolved
S000007574,"Value Line Premier Growth Fund, Inc.",54930023T5SVLLYJ0G95,US9204571080,GLEIF,BBG000BCKCW6,BBG001S66K20,VALSX,C000020639,"Value Line Premier Growth Fund, Inc.",figi-ticker-join
S000007574,"Value Line Premier Growth Fund, Inc.",54930023T5SVLLYJ0G95,US9204573060,GLEIF,BBG00TQKFHH1,BBG00TQKFHJ9,VILSX,,,unresolved
S000007607,Voya Solution Income Portfolio,549300CIHVXMF5YY7V94,US92914H1041,GLEIF,BBG000QMDDL6,BBG001SSCKG0,ISWIX,C000020739,Class I,figi-ticker-join
S000007710,MARSICO FOCUS FUND,549300E9R6XT0JN5JM80,US5730121010,GLEIF,BBG000BYGDM2,BBG001SBJDM9,MFOCX,C000020960,MARSICO FOCUS FUND,unique-pairing
S000007714,GREEN CENTURY BALANCED FUND,549300B7YFCO5YI05T66,US3927681078,GLEIF,BBG000BJ5QJ2,BBG001S78BN3,GCBLX,C000020964,GREEN CENTURY BALANCED FUND,unique-pairing
S000007715,GREEN CENTURY EQUITY FUND,549300ZJCKVISJSLKQ60,US3927683058,GLEIF,BBG000BZGNZ3,BBG001SB8FS0,GCEQX,C000020965,GREEN CENTURY EQUITY FUND,unique-pairing
S000007724,Contrafund Portfolio,63OPVRZIKP7DI20FOE51,US9221755005,SEC-NPORT,BBG000LB49S7,BBG001T487B1,VFCNTIV,,,unresolved
S000007732,Growth & Income Portfolio,FNCMQTUE9VSRHBV78O10,US9221761029,GLEIF,BBG000LB7MB3,BBG001T48927,VFGINSV,,,unresolved
S000007753,Real Estate Portfolio,3JUR81NJE3723W6I1B78,US9221771002,GLEIF,BBG000LBF898,BBG001T48C57,VFRESIV,,,unresolved
S000007778,Transamerica International Equity Opportunities,5493009P69ULJNMMN265,US8939616491,SEC-NPORT,BBG0076D5Z97,BBG0076D5Z88,TRIOEI2,,,unresolved
S000007785,Transamerica Capital Growth,549300OQTGOMBCM7FT39,US8935091335,SEC-NPORT,BBG0074VLSR7,BBG0074VLSS6,TRCAGI2,,,unresolved
S000007793,Transamerica High Yield Bond,549300E2RRC6XIJ79123,US89354D3531,SEC-NPORT,BBG008P2LXB2,BBG008P2LXC1,TAHBX,,,unresolved
S000007793,Transamerica High Yield Bond,549300E2RRC6XIJ79123,US89360T6579,SEC-NPORT,BBG00F5D9QP8,BBG00F5D9QR6,TAHTX,,,unresolved
S000007793,Transamerica High Yield Bond,549300E2RRC6XIJ79123,US8939613670,SEC-NPORT,BBG00769QWM5,BBG00769QY50,TRHYBI2,,,unresolved
S000007793,Transamerica High Yield Bond,549300E2RRC6XIJ79123,US8939621590,SEC-NPORT,BBG000DVCTM5,BBG001T63PH5,TDHIX,C000081826,I,figi-ticker-join
S000007796,Transamerica Flexible Income,54930028OHE6MAPEQC05,US89354D4299,SEC-NPORT,BBG008P2LJ87,BBG008P2LJR6,TAFLX,,,unresolved
S000007796,Transamerica Flexible Income,54930028OHE6MAPEQC05,US8939613340,SEC-NPORT,BBG00766VDC8,BBG00766VDY4,TRFLII2,,,unresolved
S000007798,Transamerica Government Money Market,549300SL1N0VGWQ29H20,US89360T6819,SEC-NPORT,BBG00F47SNC2,BBG00F47SND1,TGTXX,,,unresolved
S000007799,Transamerica Short-Term Bond,549300151BL06CDX4A76,US89356M6580,SEC-NPORT,BBG018KBDLX7,BBG018KJKJH5,TAAQX,,,unresolved
S000007799,Transamerica Short-Term Bond,549300151BL06CDX4A76,US8939612920,SEC-NPORT,BBG00766T4D0,BBG00766T4F8,TSIWX,,,unresolved
S000007864,FRANKLIN MUTUAL SHARES FUND,QOET654RR8JMYG00F771,US3540267420,SEC-NPORT,BBG004QJ7CM3,BBG004QJ7CR8,FMSHX,C000128731,Class R6,figi-ticker-join
S000007889,Bond Portfolio,549300T0RPKKICIJCJ96,US6774103005,GLEIF,,,,C000021430,Bond Portfolio,unique-pairing
S000007896,Transamerica JPMorgan Core Bond VP,5493000FFMR7RP5KH592,US89360C6883,SEC-NPORT,BBG006R9QGX7,BBG006R9QGY6,TJPMCBV,,,unresolved
S000007898,Transamerica Clarion Global Real Estate Securities VP,54930045LNDIE4ONMC58,US89360C7790,SEC-NPORT,BBG00D0HBSW4,BBG00D0HBSX3,TRNSCGR,,,unresolved
S000007902,Transamerica JPMorgan Enhanced Index VP,5493008SO3M7BKJ77M94,US89360C6628,SEC-NPORT,BBG006R9QHY4,BBG006R9QHZ3,TJPMEIV,,,unresolved
S000007908,Transamerica Barrow Hanley Dividend Focused VP,5493007OQ0UKCTB8XO19,US89360C8608,SEC-NPORT,BBG00D0HB7H7,BBG00D0HB7J5,TRNSHDV,,,unresolved
S000007909,Transamerica AEGON High Yield Bond VP,549300E0SRRK0IJM9D14,US89360C5711,SEC-NPORT,,,,,,unresolved
S000007911,Transamerica PIMCO Total Return VP,JG2TUH0Q6HM6T4LE7X38,US89360C5141,SEC-NPORT,BBG00D0HBK97,BBG00D0HBKB4,TRNSPTR,,,unresolved
S000007912,Transamerica Morgan Stanley Capital Growth VP,549300WQP4ZZ4SI8CF52,US89360C6214,SEC-NPORT,,,,,,unresolved
S000007915,Transamerica T. Rowe Price Small Cap VP,54930020T7SCFWL80645,US89360C4490,SEC-NPORT,BBG00D0HBKZ8,BBG00D0HBL04,TRNSTSC,,,unresolved
S000007918,Transamerica MFS International Equity VP,5493003XOLH4BIQ5W804,US89360C5554,SEC-NPORT,,,,,,unresolved
S000007921,Transamerica WMC US Growth VP,5493001V6580U6S22125,US89360C3328,SEC-NPORT,BBG00D0HBL68,BBG00D0HBL77,TRNSWUG,,,unresolved
S000007928,Transamerica TS&W International Equity VP,549300BLBBCIJ2CU0C98,US89360C1595,SEC-NPORT,BBG00D0HBNW5,BBG00D0HBNX4,TRNSINE,,,unresolved
S000007930,Transamerica Morgan Stanley Mid-Cap Growth VP,549300ULOTL59DZR5L60,US89360D1081,SEC-NPORT,,,,,,unresolved
S000007963,AllianzGI NFJ Dividend Value Fund,549300SYXGZDIT4IQO12,US92837N1054,GLEIF,BBG000BCZF44,BBG001S7JP87,PNEAX,C000021605,A,figi-ticker-join
S000007963,AllianzGI NFJ Dividend Value Fund,549300SYXGZDIT4IQO12,US92837N2045,GLEIF,BBG000CVZJ61,BBG001SGQD59,PNECX,C000021607,C,figi-ticker-join
S000007963,AllianzGI NFJ Dividend Value Fund,549300SYXGZDIT4IQO12,US92837N4025,GLEIF,BBG005J4Y0N6,BBG005J4Y0P4,ANDVX,C000135573,R6,figi-ticker-join
S000007963,AllianzGI NFJ Dividend Value Fund,549300SYXGZDIT4IQO12,US92837N6004,GLEIF,BBG000C0B066,BBG001SFNFD0,NFJEX,C000021609,Institutional,figi-ticker-join
S000007964,AllianzGI NFJ International Value Fund,549300SERITM5SE4F144,US92837N4512,GLEIF,BBG000C4HTB3,BBG001SLDTC9,ANJIX,C000021614,Institutional,figi-ticker-join
S000007964,AllianzGI NFJ International Value Fund,549300SERITM5SE4F144,US92837N4777,GLEIF,BBG005J5GB40,BBG005J5GB59,ANAVX,C000135574,R6,figi-ticker-join
S000007964,AllianzGI NFJ International Value Fund,549300SERITM5SE4F144,US92837N5196,GLEIF,BBG000GMZJG6,BBG001SNZ2Q5,AFJAX,C000021611,A,figi-ticker-join
S000007965,AllianzGI NFJ Large-Cap Value Fund,54930017BZKFUC1SVF45,US92837N3787,GLEIF,BBG000PL3LD1,BBG001SLF2D5,ANVIX,C000021620,Institutional,figi-ticker-join
S000007965,AllianzGI NFJ Large-Cap Value Fund,54930017BZKFUC1SVF45,US92837N3944,GLEIF,,,,,,unresolved
S000007965,AllianzGI NFJ Large-Cap Value Fund,54930017BZKFUC1SVF45,US92837N4363,GLEIF,BBG000FFS302,BBG001SGTFK4,PNBAX,C000021616,A,figi-ticker-join
S000007966,AllianzGI NFJ Small-Cap Value Fund,549300E1YSBENTVWN363,US92837Q1085,GLEIF,BBG000BQ0R90,BBG001S9N5F4,PCVAX,C000021621,A,figi-ticker-join
S000007966,AllianzGI NFJ Small-Cap Value Fund,549300E1YSBENTVWN363,US92837Q4055,GLEIF,BBG005J5DTY1,BBG005J5DTZ0,ANFVX,C000135575,R6,figi-ticker-join
S000007966,AllianzGI NFJ Small-Cap Value Fund,549300E1YSBENTVWN363,US92837Q6035,GLEIF,BBG000BN5LT3,BBG001S8CF93,PSVIX,C000021626,Institutional,figi-ticker-join
S000007968,AllianzGI NFJ Mid-Cap Value Fund,5493004P08B8K2UG0V14,US92837N2201,GLEIF,BBG000BT10L8,BBG001SDS0G0,PRNIX,C000021637,Institutional,figi-ticker-join
S000007968,AllianzGI NFJ Mid-Cap Value Fund,5493004P08B8K2UG0V14,US92837N2466,GLEIF,BBG00JF7DX18,BBG00JF7DX27,ANPRX,,,unresolved
S000007968,AllianzGI NFJ Mid-Cap Value Fund,5493004P08B8K2UG0V14,US92837N2615,GLEIF,,,,,,unresolved
S000007968,AllianzGI NFJ Mid-Cap Value Fund,5493004P08B8K2UG0V14,US92837N2797,GLEIF,BBG000BCKZR1,BBG001S66LH2,PQNAX,C000021632,A,figi-ticker-join
S000007971,AllianzGI Focused Growth Fund,5493008I7LLKX4QYJW79,US92837N7663,GLEIF,BBG000BTD1W1,BBG001SF23Y7,PGFIX,C000021658,Institutional,figi-ticker-join
S000007977,AllianzGI Health Sciences Fund,549300SFFVE67D5VU641,US0189203302,GLEIF,,,,,,unresolved
S000007977,AllianzGI Health Sciences Fund,549300SFFVE67D5VU641,US92837N5923,GLEIF,,,,,,unresolved
S000007977,AllianzGI Health Sciences Fund,549300SFFVE67D5VU641,US92837N6186,GLEIF,BBG007K9NRJ7,BBG007K9NRK5,HLHIX,C000150255,Institutional Class,figi-ticker-join
S000007977,AllianzGI Health Sciences Fund,549300SFFVE67D5VU641,US92837N6343,GLEIF,,,,,,unresolved
S000007977,AllianzGI Health Sciences Fund,549300SFFVE67D5VU641,US92837N6426,GLEIF,,,,,,unresolved
S000007977,AllianzGI Health Sciences Fund,549300SFFVE67D5VU641,US92837N6673,GLEIF,BBG000F5NWD1,BBG001SKS5B8,RAGHX,C000021683,A,figi-ticker-join
S000007979,AllianzGI Global Small-Cap Fund,549300RTGU71CINVIA96,US92837N6756,GLEIF,,,,,,unresolved
S000007979,AllianzGI Global Small-Cap Fund,549300RTGU71CINVIA96,US92837N6830,GLEIF,BBG000BSP338,BBG001SCKF22,DGSCX,C000021692,Institutional,figi-ticker-join
S000007979,AllianzGI Global Small-Cap Fund,549300RTGU71CINVIA96,US92837N7176,GLEIF,,,,,,unresolved
S000007979,AllianzGI Global Small-Cap Fund,549300RTGU71CINVIA96,US92837N7259,GLEIF,,,,,,unresolved
S000007979,AllianzGI Global Small-Cap Fund,549300RTGU71CINVIA96,US92837N7416,GLEIF,BBG000F5NY65,BBG001SKS5F4,RGSAX,C000021688,A,figi-ticker-join
S000007984,AllianzGI Mid-Cap Fund,549300B0D3KRW4382P49,US92837N2953,GLEIF,BBG000BW88J0,BBG001SFBVW7,DRMCX,C000021719,Institutional,figi-ticker-join
S000007984,AllianzGI Mid-Cap Fund,549300B0D3KRW4382P49,US92837N3290,GLEIF,,,,,,unresolved
S000007984,AllianzGI Mid-Cap Fund,549300B0D3KRW4382P49,US92837N3456,GLEIF,,,,,,unresolved
S000007984,AllianzGI Mid-Cap Fund,549300B0D3KRW4382P49,US92837N3522,GLEIF,BBG000F3LTB7,BBG001SKS5S0,RMDAX,C000021714,A,figi-ticker-join
S000007995,International Equities Index Fund,549300BT736E526BQ228,US91915R6080,SEC-NPORT,BBG000G60KR4,BBG001SNVHF8,VCIEX,C000021764,International Equities Index Fund,figi-ticker-join
S000007999,Large Capital Growth Fund,5493002ZTX9ZUU2QK480,US91915R7237,SEC-NPORT,BBG000G7LSP4,BBG001SNVWG4,VLCGX,C000021768,Large Capital Growth Fund,figi-ticker-join
S000008003,Nasdaq-100 Index Fund,549300A6SHZIS8IOMD54,US91915R8714,SEC-NPORT,BBG000G6MB18,BBG001SNVMD9,VCNIX,C000021772,Nasdaq-100 Index Fund,figi-ticker-join
S000008005,Blue Chip Growth Fund,5493005DFHLA4UP20879,US91915R7641,SEC-NPORT,BBG000G60H82,BBG001SNVH86,VCBCX,C000021774,Blue Chip Growth Fund,figi-ticker-join
S000008063,Invesco Low Volatility Equity Yield Fund,54930054B8TCD507P126,US00141A1640,GLEIF,BBG00GFPXJW9,BBG00GFPXJX8,SLESX,,,unresolved
S000008063,Invesco Low Volatility Equity Yield Fund,54930054B8TCD507P126,US00141A1723,GLEIF,BBG00HK2Q0P9,BBG00HK2Q0Q8,SCTUX,,,unresolved
S000008069,MFS Global Real Estate Portfolio,549300YBJ6K5SOLBY732,US86664T3005,SEC-NPORT,BBG000BLBQQ2,BBG001S94TR0,MFSGRLI,,,unresolved
S000008217,Blue Chip Growth Trust,549300JPXEZREPCF1B03,US41015F6575,SEC-NPORT,BBG014HV03V2,BBG014HV03Y9,JAEDX,,,unresolved
S000008222,Core Bond Trust,5493000JHYET8HXSSN85,US41014A5193,SEC-NPORT,BBG006SXKNS0,BBG006SXKNT9,JVCNX,,,unresolved
S000008286,Mid Cap Stock Trust,Y4CKONPF1EG1NPR2RT16,US41015F8480,SEC-NPORT,BBG014HVB8M9,BBG014HVB8Q5,JAEVX,,,unresolved
S000008346,Broad Cap Value Income Fund,549300ARM031E6VS3K91,US91915R6999,SEC-NPORT,BBG000G6GQW8,BBG001SNVL78,VBCVX,C000022843,Broad Cap Value Income Fund,figi-ticker-join
S000008347,Foreign Value Fund,549300X6NOKU3L8IJE25,US91915R6817,SEC-NPORT,BBG000G7B6C7,BBG001SNVV67,VCFVX,C000022844,Foreign Value Fund,figi-ticker-join
S000008348,Emerging Economies Fund,JIEGUN91BLSULQ4UGC80,US91915R6734,SEC-NPORT,BBG000G7CFW4,BBG001SNVVK1,VCGEX,C000022845,Emerging Economies Fund,figi-ticker-join
S000008354,Growth Fund,WENY0LWACCRTMO4IWQ48,US91915R6163,SEC-NPORT,BBG000GR2T42,BBG001SP0FL4,VCULX,C000022851,Growth Fund,figi-ticker-join
S000008396,Voya Intermediate Bond Fund,549300FK6EUCD2VZ8U23,US92913L5690,SEC-NPORT,BBG0045X2714,BBG0045X2723,IIBZX,C000122010,Class R6,figi-ticker-join
S000008424,API Growth Fund,5493005TIRZAZOWP2K56,US0288371026,GLEIF,BBG000C2B9B7,BBG001S64VY3,APITX,C000023126,Class L Shares,figi-ticker-join
S000008437,Core Fixed Income Fund,1UKL0F219G5CMXW7TL44,US61769L1061,GLEIF,BBG000BGS3P7,BBG001S71DD7,TIIUX,C000023145,Core Fixed Income Fund,unique-pairing
S000008703,Voya Growth and Income Portfolio,EGZJ3ZLULHRUEQW4E910,US92913H1059,GLEIF,BBG000JY3DS2,BBG001T3T196,IIVGX,C000028788,Class I,figi-ticker-join
S000008714,Calvert Small Cap Fund,549300MIJR64EECJ6M85,US13161P6723,SEC-NPORT,BBG00N7YF812,BBG00N7YF821,CALRX,,,unresolved
S000008717,Calvert Balanced Portfolio,549300NLUVH82C0C8603,US1316181007,GLEIF,BBG000BC1W62,BBG001S653M7,CSIFX,C000023754,Class A,figi-ticker-join
S000008718,Calvert Bond Portfolio,549300T75TF7NTCFI791,US1315823229,SEC-NPORT,BBG00HVYVLW7,BBG00HVYVLX6,CBORX,,,unresolved
S000008719,Calvert Equity Portfolio,5493008KHIQHXPKPLB89,US1315822809,SEC-NPORT,BBG00HVYVM91,BBG00HVYVMB8,CEYRX,,,unresolved
S000008724,Calvert International Equity Fund,549300DYXGATLWKZ1990,US1316491059,GLEIF,BBG000BHJ5T6,BBG001S74M80,CWVGX,C000023776,Class A,figi-ticker-join
S000008724,Calvert International Equity Fund,549300DYXGATLWKZ1990,US1316497411,SEC-NPORT,BBG00NKY38D7,BBG00NKY38F5,CIESX,,,unresolved
S000008746,Templeton Foreign Fund,549300XGZSBD9O0E1I88,US8801968780,SEC-NPORT,BBG004QJ7XM7,BBG004QJ7XT0,FTFGX,C000128740,Class R6,figi-ticker-join
S000008756,Templeton Developing Markets Trust,549300ZJC3KUG08IH343,US88018W6093,SEC-NPORT,BBG0068THQ08,BBG0068THQ35,FDEVX,C000128734,Class R6,figi-ticker-join
S000008758,Templeton Global Smaller Companies Fund,54930082GM0R0XO8CD89,US88022L1026,GLEIF,BBG000BBT2N1,BBG001S66HD5,TEMGX,C000023841,Class A,figi-ticker-join
S000008758,Templeton Global Smaller Companies Fund,54930082GM0R0XO8CD89,US88022L2016,GLEIF,BBG000BLFLH9,BBG001S8S4M6,TESGX,C000023842,Class C,figi-ticker-join
S000008758,Templeton Global Smaller Companies Fund,54930082GM0R0XO8CD89,US88022L3006,GLEIF,BBG000BJCYL4,BBG001S7J1F2,TGSAX,C000023843,Advisor Class,figi-ticker-join
S000008758,Templeton Global Smaller Companies Fund,54930082GM0R0XO8CD89,US88022L5084,GLEIF,BBG0068THR97,BBG0068THRB4,FBOGX,C000128753,Class R6,figi-ticker-join
S000008758,Templeton Global Smaller Companies Fund,54930082GM0R0XO8CD89,US88022L6074,GLEIF,,,,,,unresolved
S000008759,"Templeton Growth Fund, Inc.",549300XEYRUJ3R1PCX28,US8801991048,GLEIF,BBG000BBR1L7,BBG001S64C48,TEPLX,C000023844,Class A,figi-ticker-join
S000008759,"Templeton Growth Fund, Inc.",549300XEYRUJ3R1PCX28,US8801992038,GLEIF,,,,,,unresolved
S000008759,"Templeton Growth Fund, Inc.",549300XEYRUJ3R1PCX28,US8801993028,GLEIF,BBG000BDTG74,BBG001S6RK09,TGADX,C000023847,Advisor Class,figi-ticker-join
S000008759,"Templeton Growth Fund, Inc.",549300XEYRUJ3R1PCX28,US8801994018,GLEIF,,,,,,unresolved
S000008759,"Templeton Growth Fund, Inc.",549300XEYRUJ3R1PCX28,US8801995007,GLEIF,BBG000BV5DK2,BBG001SKBR46,TEGRX,C000023848,Class R,figi-ticker-join
S000008759,"Templeton Growth Fund, Inc.",549300XEYRUJ3R1PCX28,US8801996096,GLEIF,BBG004QJCR80,BBG004QJCRB6,FTGFX,C000128735,Class R6,figi-ticker-join
S000008759,"Templeton Growth Fund, Inc.",549300XEYRUJ3R1PCX28,US8801997086,GLEIF,,,,,,unresolved
S000008759,"Templeton Growth Fund, Inc.",549300XEYRUJ3R1PCX28,US8801998076,GLEIF,BBG00M5017M4,BBG00M5017N3,FTGQX,,,unresolved
S000008760,Voya Intermediate Bond Portfolio,GP0L16R6Y5YV83C5QZ60,US92914P1066,GLEIF,BBG000JR03W7,BBG001T3QZT2,IPIIX,C000028784,Class I,figi-ticker-join
S000008760,Voya Intermediate Bond Portfolio,GP0L16R6Y5YV83C5QZ60,US92914P2056,GLEIF,BBG000BBRBJ8,BBG001S7YBV5,IPISX,C000028785,Class S,figi-ticker-join
S000008760,Voya Intermediate Bond Portfolio,GP0L16R6Y5YV83C5QZ60,US92914P3047,GLEIF,BBG000BJR309,BBG001SMDZK4,IIBPX,C000023849,Class ADV,figi-ticker-join
S000008760,Voya Intermediate Bond Portfolio,GP0L16R6Y5YV83C5QZ60,US92914P4037,GLEIF,BBG000HXJJT5,BBG001T5GLJ0,IIBTX,C000074893,Class S2,figi-ticker-join
S000008776,SA Global Fixed Income Fund,549300ZPCJH1Y2TR4708,US78386T7000,SEC-NPORT,BBG000F79K58,BBG001SGQS65,SAXIX,,,unresolved
S000008777,SA U.S. Core Market Fund,549300UHK5ZRWIGOOK11,US78386T8099,SEC-NPORT,BBG000F79J42,BBG001SGQS38,SAMKX,,,unresolved
S000008778,SA U.S. Value Fund,5493000NRYHBSFVPGI82,US78386T8826,SEC-NPORT,BBG000F79LS1,BBG001SGQS83,SABTX,,,unresolved
S000008779,SA U.S. Small Company Fund,549300DROO5SMP8HKL02,US78386T8743,SEC-NPORT,BBG000F79MR0,BBG001SGQSC8,SAUMX,,,unresolved
S000008780,SA International Value Fund,549300GQHX7DCPLX7N06,US78386T8669,SEC-NPORT,BBG000F6RV38,BBG001SGQLG9,SAHMX,,,unresolved
S000008786,Global Growth Fund,D3MER6QQK46EGG2D8R93,US0303728820,SEC-NPORT,BBG000JYH684,BBG001T3T4V5,VAGLG1V,,,unresolved
S000008788,U.S. Government/AAA-Rated Securities Fund,ZIZPYJJVT4JGEJFM4E41,US0303725024,SEC-NPORT,BBG000JYS6L7,BBG001T3T784,VAUSG1V,,,unresolved
S000008789,Ultra-Short Bond Fund,I6PPVODEB2JQCGBQG115,US0303721064,GLEIF,BBG000JYS7S8,BBG001T3T793,VACHM1V,,,unresolved
S000008791,Growth Fund,B17BZT6N2A8R48VTU480,US0303724035,SEC-NPORT,BBG000JYHB38,BBG001T3T4Z1,VAGRT1V,,,unresolved
S000008792,International Fund,54P03CIVU00CG5WE6525,US0303727004,SEC-NPORT,BBG000JYHB92,BBG001T3T506,VAINT1V,,,unresolved
S000008793,New World Fund,PVP372RQGVFGA7F5HB16,US0303728663,SEC-NPORT,BBG000JYHD52,BBG001T3T533,VANWW1V,,,unresolved
S000008794,Blue Chip Income and Growth Fund,E8N96L3OLBC178UFN669,US0303726923,SEC-NPORT,BBG000JYHFN7,BBG001T3T551,VABCG1V,,,unresolved
S000008795,Growth-Income Fund,UCVW0L2W23MYYH7ZDY46,US0303723045,SEC-NPORT,BBG000JYHK92,BBG001T3T597,VAGRI1V,,,unresolved
S000008796,Asset Allocation Fund,NZ0CKTWRMGPUOK1M2496,US0303726014,SEC-NPORT,BBG000JYMNH1,BBG001T3T6R5,VAAAL1V,,,unresolved
S000008797,Bond Fund,FHEDDMKTP6L2RVHI1O58,US0303728093,SEC-NPORT,BBG000JYS1R2,BBG001T3T6Y7,VABND1V,,,unresolved
S000008801,AMERICAN BALANCED FUND,L8DP8S00A6XHCCDH3332,US0240711020,GLEIF,BBG000BBYL80,BBG001S64PY6,ABALX,C000023937,Class A,figi-ticker-join
S000008801,AMERICAN BALANCED FUND,L8DP8S00A6XHCCDH3332,US0240713000,GLEIF,BBG000BWTBB8,BBG001SHNP80,BALCX,C000023944,Class C,figi-ticker-join
S000008801,AMERICAN BALANCED FUND,L8DP8S00A6XHCCDH3332,US0240714099,GLEIF,BBG000BWTBH2,BBG001SHNP99,BALFX,C000023945,Class F-1,figi-ticker-join
S000008801,AMERICAN BALANCED FUND,L8DP8S00A6XHCCDH3332,US0240715088,GLEIF,BBG000BP3VV5,BBG001S90KT1,CLBAX,C000023946,Class 529-A,figi-ticker-join
S000008801,AMERICAN BALANCED FUND,L8DP8S00A6XHCCDH3332,US0240717068,GLEIF,BBG000BP3WP0,BBG001S90MG1,CLBCX,C000023948,Class 529-C,figi-ticker-join
S000008801,AMERICAN BALANCED FUND,L8DP8S00A6XHCCDH3332,US0240717308,GLEIF,BBG00GPXRQR8,BBG00GPXRQS7,FBONX,,,unresolved
S000008801,AMERICAN BALANCED FUND,L8DP8S00A6XHCCDH3332,US0240717480,GLEIF,BBG00GPXRQW2,BBG00GPXRQX1,FBAFX,,,unresolved
S000008801,AMERICAN BALANCED FUND,L8DP8S00A6XHCCDH3332,US0240717555,GLEIF,BBG00GK88J31,BBG00GK88J59,TAFBX,,,unresolved
S000008801,AMERICAN BALANCED FUND,L8DP8S00A6XHCCDH3332,US0240717639,GLEIF,BBG00GK88HY1,BBG00GK88HZ0,TABFX,,,unresolved
S000008801,AMERICAN BALANCED FUND,L8DP8S00A6XHCCDH3332,US0240717712,GLEIF,BBG00FWKLP07,BBG00FWKLP16,AFMBX,,,unresolved
S000008801,AMERICAN BALANCED FUND,L8DP8S00A6XHCCDH3332,US0240717894,GLEIF,BBG00B02WC17,BBG00B02WC99,RLEFX,C000164818,Class R-5E,figi-ticker-join
S000008801,AMERICAN BALANCED FUND,L8DP8S00A6XHCCDH3332,US0240717977,GLEIF,BBG006XPHD07,BBG006XPHD16,RAMHX,C000148414,Class R-2E,figi-ticker-join
S000008801,AMERICAN BALANCED FUND,L8DP8S00A6XHCCDH3332,US0240718058,GLEIF,BBG000BP3X23,BBG001S90MY1,CLBEX,C000023949,Class 529-E,figi-ticker-join
S000008801,AMERICAN BALANCED FUND,L8DP8S00A6XHCCDH3332,US0240718132,GLEIF,BBG000C6N1T3,BBG001SV38H9,RLBGX,C000077860,Class R-6,figi-ticker-join
S000008801,AMERICAN BALANCED FUND,L8DP8S00A6XHCCDH3332,US0240718215,GLEIF,BBG000DD8NF1,BBG001T3BH45,AMBFX,C000068555,Class F-2,figi-ticker-join
S000008801,AMERICAN BALANCED FUND,L8DP8S00A6XHCCDH3332,US0240718397,GLEIF,BBG000BW1FY4,BBG001SGJZS3,RLBFX,C000023942,Class R-5,figi-ticker-join
S000008801,AMERICAN BALANCED FUND,L8DP8S00A6XHCCDH3332,US0240718470,GLEIF,BBG000BW1FF5,BBG001SGJYV2,RLBEX,C000023941,Class R-4,figi-ticker-join
S000008801,AMERICAN BALANCED FUND,L8DP8S00A6XHCCDH3332,US0240718546,GLEIF,BBG000BW1DL3,BBG001SGJYJ6,RLBCX,C000023940,Class R-3,figi-ticker-join
S000008801,AMERICAN BALANCED FUND,L8DP8S00A6XHCCDH3332,US0240718629,GLEIF,BBG000BW1BF4,BBG001SGJVR3,RLBBX,C000023939,Class R-2,figi-ticker-join
S000008801,AMERICAN BALANCED FUND,L8DP8S00A6XHCCDH3332,US0240718702,GLEIF,BBG000BW18W2,BBG001SGJVD8,RLBAX,C000023938,Class R-1,figi-ticker-join
S000008801,AMERICAN BALANCED FUND,L8DP8S00A6XHCCDH3332,US0240718884,GLEIF,BBG000BP48R0,BBG001S90N97,CLBFX,C000023950,Class 529-F-1,figi-ticker-join
S000008817,AMCAP FUND,OREPVS5S2E6Z93JN5V46,US0233758194,SEC-NPORT,BBG000C6N024,BBG001SV2QQ0,RAFGX,C000076711,Class R-6,figi-ticker-join
S000008882,iShares Global Industrials ETF,5493003UKBOV50PZCU60,US4642887297,SEC-NPORT,BBG000G7XHL9,BBG001SNVXC6,EXI,C000024196,iShares Global Industrials ETF,figi-ticker-join
S000008883,iShares Global Utilities ETF,549300R2GRIF7YTJEM18,US4642887115,SEC-NPORT,BBG000G809C1,BBG001SNVXD5,JXI,C000024197,iShares Global Utilities ETF,figi-ticker-join
S000008908,Western Asset Institutional Liquid Reserves,5493000JWV15U527D845,KYG2154H1056,GLEIF,BBG000NDWX34,BBG001SHDR87,CITINRI,,,unresolved
S000008910,Western Asset Institutional U.S. Treasury Reserves,549300QC7GUBE6E4RH57,US52470G8419,SEC-NPORT,BBG000BMKT20,BBG001S9V2J8,CIIXX,C000024239,Institutional Shares,figi-ticker-join
S000008981,Wanger USA,549300B6RP6XC27U3Q52,US9337021029,GLEIF,,,,C000024403,Wanger USA,unique-pairing
S000008982,Wanger International,549300UMYQQ309WNJM65,US9337022019,GLEIF,,,,C000024404,Wanger International,unique-pairing
S000008999,AMERICAN MUTUAL FUND,QURFUUOMKQ61ME3JJZ05,US0276811058,GLEIF,BBG000BBZJT1,BBG001S64VG3,AMRMX,C000024449,Class A,figi-ticker-join
S000008999,AMERICAN MUTUAL FUND,QURFUUOMKQ61ME3JJZ05,US0276813039,GLEIF,BBG000BWTY28,BBG001SHPBZ9,AMFCX,C000024456,Class C,figi-ticker-join
S000008999,AMERICAN MUTUAL FUND,QURFUUOMKQ61ME3JJZ05,US0276814029,GLEIF,BBG000BWTY91,BBG001SHPC05,AMFFX,C000024457,Class F-1,figi-ticker-join
S000008999,AMERICAN MUTUAL FUND,QURFUUOMKQ61ME3JJZ05,US0276815018,GLEIF,BBG000BP4BG5,BBG001S90R70,CMLAX,C000024458,Class 529-A,figi-ticker-join
S000008999,AMERICAN MUTUAL FUND,QURFUUOMKQ61ME3JJZ05,US0276817097,GLEIF,BBG000BP4L28,BBG001S916M8,CMLCX,C000024460,Class 529-C,figi-ticker-join
S000008999,AMERICAN MUTUAL FUND,QURFUUOMKQ61ME3JJZ05,US0276817337,GLEIF,BBG00H5HGXT8,BBG00H5HGXV5,FFFMX,,,unresolved
S000008999,AMERICAN MUTUAL FUND,QURFUUOMKQ61ME3JJZ05,US0276817410,GLEIF,BBG00H5HGXW4,BBG00H5HGXX3,FFMMX,,,unresolved
S000008999,AMERICAN MUTUAL FUND,QURFUUOMKQ61ME3JJZ05,US0276817584,GLEIF,BBG00H5HGY34,BBG00H5HGY43,TAFMX,,,unresolved
S000008999,AMERICAN MUTUAL FUND,QURFUUOMKQ61ME3JJZ05,US0276817667,GLEIF,BBG00H5HGY61,BBG00H5HGY70,TAMFX,,,unresolved
S000008999,AMERICAN MUTUAL FUND,QURFUUOMKQ61ME3JJZ05,US0276817741,GLEIF,BBG00FY3XPW5,BBG00FY3XPY3,AFMFX,,,unresolved
S000008999,AMERICAN MUTUAL FUND,QURFUUOMKQ61ME3JJZ05,US0276817824,GLEIF,BBG00BH5YSS6,BBG00BH5YST5,RMFHX,C000164809,Class R-5E,figi-ticker-join
S000008999,AMERICAN MUTUAL FUND,QURFUUOMKQ61ME3JJZ05,US0276817907,GLEIF,BBG006XPJMB3,BBG006XPJMC2,RMEBX,C000148452,Class R-2E,figi-ticker-join
S000008999,AMERICAN MUTUAL FUND,QURFUUOMKQ61ME3JJZ05,US0276818087,GLEIF,BBG000BP4LV6,BBG001S916Q4,CMLEX,C000024461,Class 529-E,figi-ticker-join
S000008999,AMERICAN MUTUAL FUND,QURFUUOMKQ61ME3JJZ05,US0276818160,GLEIF,BBG000C6N4C5,BBG001SV3CZ0,RMFGX,C000077851,Class R-6,figi-ticker-join
S000008999,AMERICAN MUTUAL FUND,QURFUUOMKQ61ME3JJZ05,US0276818244,GLEIF,BBG000DD8KX7,BBG001T3BGG4,AMRFX,C000068556,Class F-2,figi-ticker-join
S000008999,AMERICAN MUTUAL FUND,QURFUUOMKQ61ME3JJZ05,US0276818327,GLEIF,BBG000BW19C2,BBG001SGJVH4,RMFFX,C000024454,Class R-5,figi-ticker-join
S000008999,AMERICAN MUTUAL FUND,QURFUUOMKQ61ME3JJZ05,US0276818400,GLEIF,BBG000BW1718,BBG001SGJV20,RMFEX,C000024453,Class R-4,figi-ticker-join
S000008999,AMERICAN MUTUAL FUND,QURFUUOMKQ61ME3JJZ05,US0276818574,GLEIF,BBG000BW16R2,BBG001SGJTW2,RMFCX,C000024452,Class R-3,figi-ticker-join
S000008999,AMERICAN MUTUAL FUND,QURFUUOMKQ61ME3JJZ05,US0276818657,GLEIF,BBG000BVZXC4,BBG001SGJGD1,RMFBX,C000024451,Class R-2,figi-ticker-join
S000008999,AMERICAN MUTUAL FUND,QURFUUOMKQ61ME3JJZ05,US0276818731,GLEIF,BBG000BVZ1L4,BBG001SGHRM9,RMFAX,C000024450,Class R-1,figi-ticker-join
S000008999,AMERICAN MUTUAL FUND,QURFUUOMKQ61ME3JJZ05,US0276818814,GLEIF,BBG000BP4MQ0,BBG001S91719,CMLFX,C000024462,Class 529-F-1,figi-ticker-join
S000009000,CAPITAL INCOME BUILDER,HB3628X2G8I5EW1FVP36,US1401937800,SEC-NPORT,BBG00FY3XS13,BBG00FY3XS22,CFIHX,,,unresolved
S000009000,CAPITAL INCOME BUILDER,HB3628X2G8I5EW1FVP36,US1401938220,SEC-NPORT,BBG000C6N6R4,BBG001SV3D60,RIRGX,C000077881,Class R-6,figi-ticker-join
S000009001,CAPITAL WORLD GROWTH & INCOME FUND,YW4DFCLW3G60U7B5H052,US1405431172,SEC-NPORT,BBG00FY448B6,BBG00FY448C5,FWGIX,,,unresolved
S000009009,GOVERNMENT CASH MANAGEMENT PORTFOLIO,549300DFUINPMFFE3C04,US38369P1093,GLEIF,,,,C000024519,GOVERNMENT CASH MANAGEMENT PORTFOLIO,unique-pairing
S000009040,FEDERATED GOVERNMENT INCOME TRUST,254900YNBJMX46G74P50,US3141991006,GLEIF,BBG000BC4755,BBG001S65C47,FICMX,C000024569,Institutional Shares,figi-ticker-join
S000009040,FEDERATED GOVERNMENT INCOME TRUST,254900YNBJMX46G74P50,US3141992095,GLEIF,BBG000BL8Z68,BBG001S7HFY2,FITSX,C000024570,Service Shares,figi-ticker-join
S000009044,EQ/Boston Advisors Equity Income Portfolio,5493002H0NN1AYVNL663,US26883L7385,SEC-NPORT,BBG00ZSN9H95,BBG00ZXBRXW4,12VEIUU,,,unresolved
S000009047,AXA International Core Managed Volatility Portfolio,5493002DEG2CB8M1M228,US26883L6130,SEC-NPORT,BBG00ZTLXKC0,BBG00ZXBL3F5,EQCMVUU,,,unresolved
S000009052,EQ/Intermediate Government Bond Portfolio,549300XVNV67UQM0GJ83,US26883L3327,SEC-NPORT,BBG00ZTLVVX5,BBG00ZWVHGC1,EQEGBUU,,,unresolved
S000009053,EQ/International Equity Index Portfolio,5493005760GWZ43QQE71,US26883L5975,SEC-NPORT,BBG00ZTLWGQ5,BBG00ZWVX430,EQEEIUU,,,unresolved
S000009055,EQ/Quality Bond PLUS Portfolio,549300H58GWHDRBM0K71,US26883L2907,SEC-NPORT,BBG00ZTLWY40,BBG00ZWWQWX1,EQQBPUU,,,unresolved
S000009055,EQ/Quality Bond PLUS Portfolio,549300H58GWHDRBM0K71,US26883L3731,SEC-NPORT,,,,,,unresolved
S000009056,AXA/AB Small Cap Growth Portfolio,549300AQ3TJEKOZR7398,US26883L7617,SEC-NPORT,BBG00ZTLXFZ6,BBG00ZWWT7R0,EQSCGUU,,,unresolved
S000009059,AXA Large Cap Value Managed Volatility Portfolio,549300X0K3O3JK2WKL59,US26883L5223,SEC-NPORT,BBG00ZTLXH73,BBG00ZWWTV51,EQVMVUU,,,unresolved
S000009063,FEDERATED TOTAL RETURN GOVERNMENT BOND FUND,254900J7BB6QK53HY149,US31429A1051,GLEIF,BBG000BBYGN4,BBG001S62RJ1,FTRGX,C000024616,Institutional Shares,figi-ticker-join
S000009063,FEDERATED TOTAL RETURN GOVERNMENT BOND FUND,254900J7BB6QK53HY149,US31429A2042,GLEIF,BBG000BXTHM1,BBG001SCZN74,FTGSX,C000024617,Service Shares,figi-ticker-join
S000009063,FEDERATED TOTAL RETURN GOVERNMENT BOND FUND,254900J7BB6QK53HY149,US31429A3032,GLEIF,BBG00CSSYHG9,BBG00CSSYHH8,FTGLX,,,unresolved
S000009068,FEDERATED HIGH INCOME BOND FUND INC,254900IUU6IVIPRQAD32,US3141951083,GLEIF,BBG000BBZZ42,BBG001S64WQ0,FHIIX,C000024639,Class A Shares,figi-ticker-join
S000009068,FEDERATED HIGH INCOME BOND FUND INC,254900IUU6IVIPRQAD32,US3141953063,GLEIF,BBG000BMSF68,BBG001S7XQ25,FHICX,C000024641,Class C Shares,figi-ticker-join
S000009068,FEDERATED HIGH INCOME BOND FUND INC,254900IUU6IVIPRQAD32,US3141954053,GLEIF,BBG00FWZJQJ5,BBG00FWZJQK3,FHISX,,,unresolved
S000009068,FEDERATED HIGH INCOME BOND FUND INC,254900IUU6IVIPRQAD32,US3141955043,GLEIF,BBG00FWZK901,BBG00FWZK910,FHBRX,,,unresolved
S000009070,FEDERATED MUNICIPAL SECURITIES FUND INC,FKXPJ13H04EJB13HM305,US3139131052,GLEIF,BBG000BJ3RK0,BBG001S78164,LMSFX,C000024642,Class A Shares,figi-ticker-join
S000009070,FEDERATED MUNICIPAL SECURITIES FUND INC,FKXPJ13H04EJB13HM305,US3139133033,GLEIF,BBG000BG2FS5,BBG001S6WJ06,LMSCX,C000024644,Class C Shares,figi-ticker-join
S000009070,FEDERATED MUNICIPAL SECURITIES FUND INC,FKXPJ13H04EJB13HM305,US3139134023,GLEIF,BBG000C4CBZ1,BBG001SS8FD9,LMFFX,C000051334,Class F Shares,figi-ticker-join
S000009070,FEDERATED MUNICIPAL SECURITIES FUND INC,FKXPJ13H04EJB13HM305,US3139136002,GLEIF,BBG00HCXWLB2,BBG00HCXWLC1,LMBIX,,,unresolved
S000009085,FEDERATED SHORT-INTERMEDIATE DURATION MUNICIPAL TRUST,5493005ND0ME0P2TSR89,US3139071076,GLEIF,BBG000BBLF23,BBG001S3DVX1,FSHIX,C000024677,Institutional Shares,figi-ticker-join
S000009085,FEDERATED SHORT-INTERMEDIATE DURATION MUNICIPAL TRUST,5493005ND0ME0P2TSR89,US3139072066,GLEIF,BBG000BK93Y9,BBG001S3DVW2,FSHSX,C000024678,Service Shares,figi-ticker-join
S000009085,FEDERATED SHORT-INTERMEDIATE DURATION MUNICIPAL TRUST,5493005ND0ME0P2TSR89,US3139073056,GLEIF,BBG000FYLZL4,BBG001SSB574,FMTAX,C000037571,Class A Shares,figi-ticker-join
S000009101,FEDERATED EQUITY INCOME FUND INC,GDDXDUTJ29R9763JNA07,US3139151001,GLEIF,BBG000BD4183,BBG001S6F0C3,LEIFX,C000024716,Class A Shares,figi-ticker-join
S000009101,FEDERATED EQUITY INCOME FUND INC,GDDXDUTJ29R9763JNA07,US3139153080,GLEIF,BBG000BLXL89,BBG001S7JWX4,LEICX,C000024718,Class C Shares,figi-ticker-join
S000009101,FEDERATED EQUITY INCOME FUND INC,GDDXDUTJ29R9763JNA07,US3139154070,GLEIF,BBG000BMXWQ3,BBG001S81YK1,LFEIX,C000024719,Class F Shares,figi-ticker-join
S000009101,FEDERATED EQUITY INCOME FUND INC,GDDXDUTJ29R9763JNA07,US3139155069,GLEIF,BBG002S5TSJ0,BBG002S5TSK8,LEISX,C000114966,Institutional Shares,figi-ticker-join
S000009101,FEDERATED EQUITY INCOME FUND INC,GDDXDUTJ29R9763JNA07,US3139156059,GLEIF,BBG003TRHJG5,BBG003TRHJJ2,FDERX,C000123387,Class R Shares,figi-ticker-join
S000009106,Federated Bond Fund,8OWSEH3F15BG21YTQX63,US31420F1030,GLEIF,BBG000FG7CJ3,BBG001S8KDN3,FDBAX,C000024768,Class A Shares,figi-ticker-join
S000009108,HAWAIIAN TAX-FREE TRUST,549300HUIMD7Y2LDKU09,US4200161077,GLEIF,BBG000BC7226,BBG001S65LN6,HULAX,C000024774,HAWAIIAN TAX-FREE TRUST CLASS A,figi-ticker-join
S000009108,HAWAIIAN TAX-FREE TRUST,549300HUIMD7Y2LDKU09,US4200162067,GLEIF,BBG000BCY7L4,BBG001S6CG86,HULCX,C000024775,HAWAIIAN TAX-FREE TRUST CLASS C,figi-ticker-join
S000009108,HAWAIIAN TAX-FREE TRUST,549300HUIMD7Y2LDKU09,US4200163057,GLEIF,BBG000BCYVR5,BBG001S6CM83,HULYX,C000024777,HAWAIIAN TAX-FREE TRUST CLASS Y,figi-ticker-join
S000009108,HAWAIIAN TAX-FREE TRUST,549300HUIMD7Y2LDKU09,US4200165037,GLEIF,BBG00G9667J9,BBG00G9667K7,HULTX,,,unresolved
S000009108,HAWAIIAN TAX-FREE TRUST,549300HUIMD7Y2LDKU09,US4200166027,GLEIF,BBG00G9667S9,BBG00G9667T8,HULFX,,,unresolved
S000009117,FEDERATED GLOBAL ALLOCATION FUND,YB5DXSTD018JWGFOSP60,US3141831046,GLEIF,BBG000BC5FT0,BBG001S65GB0,FSTBX,C000024797,Class A Shares,figi-ticker-join
S000009117,FEDERATED GLOBAL ALLOCATION FUND,YB5DXSTD018JWGFOSP60,US3141833026,GLEIF,BBG000BPGT19,BBG001S97VK9,FSBCX,C000024799,Class C Shares,figi-ticker-join
S000009117,FEDERATED GLOBAL ALLOCATION FUND,YB5DXSTD018JWGFOSP60,US3141834016,GLEIF,BBG000BZRXX1,BBG001SKL8L8,FSBKX,C000024800,Class R Shares,figi-ticker-join
S000009117,FEDERATED GLOBAL ALLOCATION FUND,YB5DXSTD018JWGFOSP60,US3141835005,GLEIF,BBG000DNP9Z9,BBG001T4R588,SBFIX,C000077842,Institutional Shares,figi-ticker-join
S000009117,FEDERATED GLOBAL ALLOCATION FUND,YB5DXSTD018JWGFOSP60,US3141836094,GLEIF,BBG00CSSYDR6,BBG00CSSYDT4,FSBLX,,,unresolved
S000009117,FEDERATED GLOBAL ALLOCATION FUND,YB5DXSTD018JWGFOSP60,US3141837084,GLEIF,,,,,,unresolved
S000009127,Federated Mortgage Core Portfolio,254900WC9GWJKY8X3D48,US31409N2009,SEC-NPORT,,,,,,unresolved
S000009129,High Yield Bond Portfolio,549300FJ1PZWFDNRP685,US31409N1019,SEC-NPORT,,,,,,unresolved
S000009134,NICHOLAS II INC,549300UWUMRIK0WIZF25,US6537401001,GLEIF,BBG000BCBLY4,BBG001S65Z64,NCTWX,C000024843,CLASS I,figi-ticker-join
S000009134,NICHOLAS II INC,549300UWUMRIK0WIZF25,US6537402090,GLEIF,BBG000BX4312,BBG001SHZBT5,NNTWX,C000024844,CLASS N,figi-ticker-join
S000009136,NICHOLAS LTD EDITION INC,5493003XHTS2TIGE5W22,US6537381047,GLEIF,BBG000BCBKL0,BBG001S65Z46,NCLEX,C000024849,CLASS I,figi-ticker-join
S000009136,NICHOLAS LTD EDITION INC,5493003XHTS2TIGE5W22,US6537382037,GLEIF,BBG000BX41F1,BBG001SHZBC3,NNLEX,C000024850,CLASS N,figi-ticker-join
S000009137,NICHOLAS EQUITY INCOME FUND INC,5493004E2U43A6WR1P12,US6537341033,GLEIF,BBG000BK8FG3,BBG001S7X4B4,NSEIX,C000024851,CLASS I,figi-ticker-join
S000009137,NICHOLAS EQUITY INCOME FUND INC,5493004E2U43A6WR1P12,US6537342023,GLEIF,,,,,,unresolved
S000009151,EQ/GAMCO Small Company Value Portfolio,549300V1SZO4KB0LHB84,US26883L6395,SEC-NPORT,BBG00ZTLWH01,BBG00ZWVXXH1,12SCVUS,,,unresolved
S000009156,Guinness Atkinson Alternative Energy Fund,549300CFIW30C5HQIM93,US4020315044,GLEIF,BBG000NRFP11,BBG001SQPWN6,GAAEX,C000024897,Guinness Atkinson Alternative Energy Fund,unique-pairing
S000009168,EQ/MFS International Growth Portfolio,5493007E378LUZ4AJS49,US26883L4986,SEC-NPORT,BBG00ZSNB106,BBG00ZVWHJV3,EQEIGUU,,,unresolved
S000009171,EQ/BlackRock Basic Value Equity Portfolio,549300UUDXK3DN054693,US26883L7468,SEC-NPORT,BBG00ZSN84T3,BBG00ZXBQY53,EQEUUUS,,,unresolved
S000009172,AXA International Value Managed Volatility Portfolio,549300CTTPK8VK3SF918,US26883L5892,SEC-NPORT,BBG00ZSNC2G6,BBG00ZVNC2Y2,EQIVMVU,,,unresolved
S000009174,AXA Large Cap Core Managed Volatility Portfolio,549300K2WBLIXLGOH848,US26883L5637,SEC-NPORT,BBG00ZTLXT22,BBG00ZXBMFY6,EQCMVUS,,,unresolved
S000009176,EQ/Core Bond Index Portfolio,5493006IADQPHCUK8718,US26883L3574,SEC-NPORT,BBG00ZTLWDZ2,BBG00ZWVJ3G4,EQEBIUU,,,unresolved
S000009177,EQ/JPMorgan Value Opportunities Portfolio,549300M0HOLS8M8Q9J56,US26883L5710,SEC-NPORT,BBG00ZSN84F8,BBG00ZXBPYQ1,EQEVOUU,,,unresolved
S000009191,VanEck Vectors Gold Miners ETF,54930031TORTKAM9TJ98,US92189F1066,GLEIF,BBG000PLNQN7,BBG001SR42Z0,GDX,C000024980,VanEck Vectors Gold Miners ETF,unique-pairing
S000009192,ALGER GLOBAL GROWTH FUND,5493000R8VYGCU6Y1832,US0155491089,GLEIF,BBG000C2KDH2,BBG001SDNJV7,CHUSX,C000024981,ALGER GLOBAL GROWTH FUND CLASS A,figi-ticker-join
S000009192,ALGER GLOBAL GROWTH FUND,5493000R8VYGCU6Y1832,US0155492079,GLEIF,BBG000SF4M11,BBG001T3JH29,CHUCX,C000060632,ALGER GLOBAL GROWTH FUND CLASS C,figi-ticker-join
S000009192,ALGER GLOBAL GROWTH FUND,5493000R8VYGCU6Y1832,US0155493069,GLEIF,BBG004G48774,BBG004G48792,AFGIX,C000127110,ALGER GLOBAL GROWTH FUND CLASS I,figi-ticker-join
S000009192,ALGER GLOBAL GROWTH FUND,5493000R8VYGCU6Y1832,US0155494059,GLEIF,BBG004G487Q3,BBG004G487S1,AFGZX,C000127111,ALGER GLOBAL GROWTH FUND CLASS Z,figi-ticker-join
S000009192,ALGER GLOBAL GROWTH FUND,5493000R8VYGCU6Y1832,US0155495049,GLEIF,BBG00G41DS29,BBG00G41DS38,AGTTX,,,unresolved
S000009192,ALGER GLOBAL GROWTH FUND,5493000R8VYGCU6Y1832,US16945Y1091,GLEIF,,,,,,unresolved
S000009192,ALGER GLOBAL GROWTH FUND,5493000R8VYGCU6Y1832,US16945Y2081,GLEIF,,,,,,unresolved
S000009194,AXA/Loomis Sayles Growth Portfolio,549300HHZGXK5DR90C54,US26883L4648,SEC-NPORT,BBG00ZSN9XR0,BBG00ZVXCM58,EQLSGRW,,,unresolved
S000009195,EQ/PIMCO Ultra Short Bond Portfolio,YZAY4E0VG7W3MZK8EE78,US26883L3160,SEC-NPORT,BBG00ZSN9ZJ4,BBG00ZVXBZM1,EQPIULS,,,unresolved
S000009198,Emerging Markets Fund,5493003VR84X2XD88O30,US92107P2020,GLEIF,,,,,,unresolved
S000009199,International Investors Gold Fund,5493007INWI6SP7LEZ40,US92107P4000,GLEIF,,,,,,unresolved
S000009200,Global Hard Assets Fund,5493005WHIPKP4JAB710,US92107P3010,GLEIF,,,,,,unresolved
S000009201,Alger Capital Appreciation Focus Fund,549300KPYXXZHGHGLG58,US0155701040,GLEIF,BBG000BPK6F9,BBG001S99T68,ALSRX,,,unresolved
S000009201,Alger Capital Appreciation Focus Fund,549300KPYXXZHGHGLG58,US0155702030,GLEIF,BBG000BPK641,BBG001S99T59,ALMRX,,,unresolved
S000009201,Alger Capital Appreciation Focus Fund,549300KPYXXZHGHGLG58,US0155703020,GLEIF,BBG000BPK4C7,BBG001S99S33,ALGRX,C000024998,Alger Capital Appreciation Focus Fund Class I,figi-ticker-join
S000009201,Alger Capital Appreciation Focus Fund,549300KPYXXZHGHGLG58,US0155704010,GLEIF,BBG000C22D73,BBG001SBSYD3,ALARX,,,unresolved
S000009201,Alger Capital Appreciation Focus Fund,549300KPYXXZHGHGLG58,US0155705009,GLEIF,,,,,,unresolved
S000009201,Alger Capital Appreciation Focus Fund,549300KPYXXZHGHGLG58,US0155706098,GLEIF,,,,,,unresolved
S000009201,Alger Capital Appreciation Focus Fund,549300KPYXXZHGHGLG58,US0155707088,GLEIF,BBG000C067R4,BBG001SL6BZ1,ASIRX,,,unresolved
S000009201,Alger Capital Appreciation Focus Fund,549300KPYXXZHGHGLG58,US0155707161,GLEIF,BBG00G41DHZ7,BBG00G41DJ01,ALGTX,,,unresolved
S000009201,Alger Capital Appreciation Focus Fund,549300KPYXXZHGHGLG58,US0155707245,GLEIF,BBG00G41DJJ1,BBG00G41DJK9,ALGYX,,,unresolved
S000009201,Alger Capital Appreciation Focus Fund,549300KPYXXZHGHGLG58,US0155707328,GLEIF,BBG00G41DNR3,BBG00G41DNS2,ACAYX,,,unresolved
S000009201,Alger Capital Appreciation Focus Fund,549300KPYXXZHGHGLG58,US0155707401,GLEIF,BBG00F0W4R74,BBG00F0W4R83,ALMZX,,,unresolved
S000009201,Alger Capital Appreciation Focus Fund,549300KPYXXZHGHGLG58,US0155707575,GLEIF,BBG00F0W4K42,BBG00F0W4K60,ACIZX,,,unresolved
S000009201,Alger Capital Appreciation Focus Fund,549300KPYXXZHGHGLG58,US0155707658,GLEIF,BBG00DBBHVK5,BBG00DBBHVL4,AISZX,,,unresolved
S000009201,Alger Capital Appreciation Focus Fund,549300KPYXXZHGHGLG58,US0155707732,GLEIF,BBG003NJQDK7,BBG003NJQDL6,ALZFX,C000122073,Alger Capital Appreciation Focus Fund Class Z,figi-ticker-join
S000009201,Alger Capital Appreciation Focus Fund,549300KPYXXZHGHGLG58,US0155707815,GLEIF,BBG003NJNT16,BBG003NJNT25,ALCFX,C000122072,Alger Capital Appreciation Focus Fund Class C,figi-ticker-join
S000009201,Alger Capital Appreciation Focus Fund,549300KPYXXZHGHGLG58,US0155707997,GLEIF,BBG003NJNRQ3,BBG003NJNRR2,ALAFX,C000122071,Alger Capital Appreciation Focus Fund Class A,figi-ticker-join
S000009201,Alger Capital Appreciation Focus Fund,549300KPYXXZHGHGLG58,US0155708078,GLEIF,BBG000C06721,BBG001SL6BX3,AGIRX,,,unresolved
S000009201,Alger Capital Appreciation Focus Fund,549300KPYXXZHGHGLG58,US0155708151,GLEIF,,,,,,unresolved
S000009201,Alger Capital Appreciation Focus Fund,549300KPYXXZHGHGLG58,US0155708235,GLEIF,,,,,,unresolved
S000009201,Alger Capital Appreciation Focus Fund,549300KPYXXZHGHGLG58,US0155708318,GLEIF,,,,,,unresolved
S000009201,Alger Capital Appreciation Focus Fund,549300KPYXXZHGHGLG58,US0155708490,GLEIF,,,,,,unresolved
S000009201,Alger Capital Appreciation Focus Fund,549300KPYXXZHGHGLG58,US0155708565,GLEIF,,,,,,unresolved
S000009201,Alger Capital Appreciation Focus Fund,549300KPYXXZHGHGLG58,US0155708649,GLEIF,,,,,,unresolved
S000009201,Alger Capital Appreciation Focus Fund,549300KPYXXZHGHGLG58,US0155708722,GLEIF,BBG000GW3793,BBG001SL6BV5,ACARX,,,unresolved
S000009207,EQ/T. Rowe Price Growth Stock Portfolio,549300I1XUGW44425B14,US26883L4150,SEC-NPORT,BBG010S9NTC6,BBG010T18C81,EQTRGSK,,,unresolved
S000009210,AXA Global Equity Managed Volatility Portfolio,549300J2RQYN4HV9H840,US26883L6213,SEC-NPORT,BBG00ZSNC472,BBG00ZVN57Z8,EQEMVUR,,,unresolved
S000009211,EQ/Morgan Stanley Mid Cap Growth Portfolio,5493006Y62GXMXVFAX06,US26883L4564,SEC-NPORT,BBG00ZTLWKT3,BBG00ZWVZMX5,EQEEUUU,,,unresolved
S000009217,Alger Balanced Portfolio,549300TT8KBRQGEYD118,US0155442082,GLEIF,BBG000MYY6G2,BBG001SKKM29,ABLOX,C000025030,Alger Balanced Portfolio Class I-2,unique-pairing
S000009227,AMERICAN FUNDS FUNDAMENTAL INVESTORS,RCVUC3QKUPM8R6R24U95,US3608021024,GLEIF,BBG000BBZLK5,BBG001S64VP3,ANCFX,C000025050,Class A,figi-ticker-join
S000009227,AMERICAN FUNDS FUNDAMENTAL INVESTORS,RCVUC3QKUPM8R6R24U95,US3608027716,SEC-NPORT,BBG00FWL2X36,BBG00FWL2X45,FUNFX,,,unresolved
S000009227,AMERICAN FUNDS FUNDAMENTAL INVESTORS,RCVUC3QKUPM8R6R24U95,US3608028136,SEC-NPORT,BBG000C6N7Q3,BBG001SV3DM2,RFNGX,C000077853,Class R-6,figi-ticker-join
S000009229,AMERICAN HIGH-INCOME MUNICIPAL BOND FUND,W3A53FSZTZU7WU4ZXW52,US0265451031,GLEIF,BBG000C2JMP5,BBG001S7S439,AMHIX,C000025078,Class A,figi-ticker-join
S000009229,AMERICAN HIGH-INCOME MUNICIPAL BOND FUND,W3A53FSZTZU7WU4ZXW52,US0265453011,GLEIF,BBG000NJKRR1,BBG001SHMPB7,AHICX,C000025080,Class C,figi-ticker-join
S000009229,AMERICAN HIGH-INCOME MUNICIPAL BOND FUND,W3A53FSZTZU7WU4ZXW52,US0265454001,GLEIF,BBG000NJKRF4,BBG001SHMP90,ABHFX,C000025081,Class F-1,figi-ticker-join
S000009229,AMERICAN HIGH-INCOME MUNICIPAL BOND FUND,W3A53FSZTZU7WU4ZXW52,US0265455099,GLEIF,,,,,,unresolved
S000009229,AMERICAN HIGH-INCOME MUNICIPAL BOND FUND,W3A53FSZTZU7WU4ZXW52,US0265456089,GLEIF,BBG000RGZG46,BBG001T3BGC8,AHMFX,C000068565,Class F-2,figi-ticker-join
S000009229,AMERICAN HIGH-INCOME MUNICIPAL BOND FUND,W3A53FSZTZU7WU4ZXW52,US0265457079,GLEIF,,,,,,unresolved
S000009229,AMERICAN HIGH-INCOME MUNICIPAL BOND FUND,W3A53FSZTZU7WU4ZXW52,US0265458069,GLEIF,BBG00FY3XH62,BBG00FY3XH71,HIMFX,,,unresolved
S000009229,AMERICAN HIGH-INCOME MUNICIPAL BOND FUND,W3A53FSZTZU7WU4ZXW52,US0265458895,GLEIF,BBG00H5HHBW1,BBG00H5HHBX0,TAHHX,,,unresolved
S000009230,AMERICAN HIGH INCOME TRUST,WRWMC5QCF7WNXYIQUK76,US0265471096,GLEIF,BBG000BBZ2L6,BBG001S64SC4,AHITX,C000025083,Class A,figi-ticker-join
S000009230,AMERICAN HIGH INCOME TRUST,WRWMC5QCF7WNXYIQUK76,US0265473076,GLEIF,BBG000BWT7H1,BBG001SHNK45,AHTCX,C000025090,Class C,figi-ticker-join
S000009230,AMERICAN HIGH INCOME TRUST,WRWMC5QCF7WNXYIQUK76,US0265474066,GLEIF,BBG000BWT7R0,BBG001SHNK54,AHTFX,C000025091,Class F-1,figi-ticker-join
S000009230,AMERICAN HIGH INCOME TRUST,WRWMC5QCF7WNXYIQUK76,US0265475055,GLEIF,BBG000BP9LC2,BBG001S93M78,CITAX,C000025092,Class 529-A,figi-ticker-join
S000009230,AMERICAN HIGH INCOME TRUST,WRWMC5QCF7WNXYIQUK76,US0265477036,GLEIF,BBG000BP9MC0,BBG001S93M87,CITCX,C000025094,Class 529-C,figi-ticker-join
S000009230,AMERICAN HIGH INCOME TRUST,WRWMC5QCF7WNXYIQUK76,US0265477374,GLEIF,BBG00H5HH8J3,BBG00H5HH8K1,FTAHX,,,unresolved
S000009230,AMERICAN HIGH INCOME TRUST,WRWMC5QCF7WNXYIQUK76,US0265477457,GLEIF,BBG00H5HH8X7,BBG00H5HH8Y6,FAHHX,,,unresolved
S000009230,AMERICAN HIGH INCOME TRUST,WRWMC5QCF7WNXYIQUK76,US0265477788,GLEIF,BBG00FY3XM98,BBG00FY3XMB5,HIGFX,,,unresolved
S000009230,AMERICAN HIGH INCOME TRUST,WRWMC5QCF7WNXYIQUK76,US0265477861,GLEIF,BBG00BH5YRW3,BBG00BH5YRY1,RITHX,C000164805,Class R-5E,figi-ticker-join
S000009230,AMERICAN HIGH INCOME TRUST,WRWMC5QCF7WNXYIQUK76,US0265477945,GLEIF,BBG006XPJL89,BBG006XPJL98,RTEHX,C000148436,Class R-2E,figi-ticker-join
S000009230,AMERICAN HIGH INCOME TRUST,WRWMC5QCF7WNXYIQUK76,US0265478026,GLEIF,BBG000BP9MJ3,BBG001S93MS5,CITEX,C000025095,Class 529-E,figi-ticker-join
S000009230,AMERICAN HIGH INCOME TRUST,WRWMC5QCF7WNXYIQUK76,US0265478109,GLEIF,BBG000C6N3T9,BBG001SV3B37,RITGX,C000077919,Class R-6,figi-ticker-join
S000009230,AMERICAN HIGH INCOME TRUST,WRWMC5QCF7WNXYIQUK76,US0265478281,GLEIF,BBG000DD8KP6,BBG001T3BGD7,AHIFX,C000068571,Class F-2,figi-ticker-join
S000009230,AMERICAN HIGH INCOME TRUST,WRWMC5QCF7WNXYIQUK76,US0265478364,GLEIF,BBG000BW18P0,BBG001SGJV93,RITFX,C000025088,Class R-5,figi-ticker-join
S000009230,AMERICAN HIGH INCOME TRUST,WRWMC5QCF7WNXYIQUK76,US0265478448,GLEIF,BBG000BW22Z1,BBG001SGKMV6,RITEX,C000025087,Class R-4,figi-ticker-join
S000009230,AMERICAN HIGH INCOME TRUST,WRWMC5QCF7WNXYIQUK76,US0265478513,GLEIF,BBG000BQ94N6,BBG001S9YZT1,RITCX,C000025086,Class R-3,figi-ticker-join
S000009230,AMERICAN HIGH INCOME TRUST,WRWMC5QCF7WNXYIQUK76,US0265478695,GLEIF,BBG000BW20P6,BBG001SGKK59,RITBX,C000025085,Class R-2,figi-ticker-join
S000009230,AMERICAN HIGH INCOME TRUST,WRWMC5QCF7WNXYIQUK76,US0265478778,GLEIF,BBG000BW1861,BBG001SGJV75,RITAX,C000025084,Class R-1,figi-ticker-join
S000009231,BOND FUND OF AMERICA,F2Q0NH642XF1RP5YCC95,US0978731034,GLEIF,BBG000BBYMQ8,BBG001S64Q56,ABNDX,C000025097,Class A,figi-ticker-join
S000009231,BOND FUND OF AMERICA,F2Q0NH642XF1RP5YCC95,US0978733014,GLEIF,BBG000BWTC35,BBG001SHNPD4,BFACX,C000025104,Class C,figi-ticker-join
S000009231,BOND FUND OF AMERICA,F2Q0NH642XF1RP5YCC95,US0978734004,GLEIF,BBG000BCNZ34,BBG001S680Q6,BFAFX,C000025105,Class F-1,figi-ticker-join
S000009231,BOND FUND OF AMERICA,F2Q0NH642XF1RP5YCC95,US0978735092,GLEIF,BBG000BNXCT2,BBG001S8VC62,CFAAX,C000025106,Class 529-A,figi-ticker-join
S000009231,BOND FUND OF AMERICA,F2Q0NH642XF1RP5YCC95,US0978737072,GLEIF,BBG000BNXD74,BBG001S8VCM4,CFACX,C000025108,Class 529-C,figi-ticker-join
S000009231,BOND FUND OF AMERICA,F2Q0NH642XF1RP5YCC95,US0978737312,GLEIF,BBG00H5HGYB5,BBG00H5HGYC4,FBOFX,,,unresolved
S000009231,BOND FUND OF AMERICA,F2Q0NH642XF1RP5YCC95,US0978737494,GLEIF,BBG00H5HGYF1,BBG00H5HGYG0,FFBOX,,,unresolved
S000009231,BOND FUND OF AMERICA,F2Q0NH642XF1RP5YCC95,US0978737726,GLEIF,BBG00G02R5G1,BBG00G02R5H0,BFFAX,,,unresolved
S000009231,BOND FUND OF AMERICA,F2Q0NH642XF1RP5YCC95,US0978737809,GLEIF,BBG00BH63VD7,BBG00BH63VG4,RBFHX,C000164823,Class R-5E,figi-ticker-join
S000009231,BOND FUND OF AMERICA,F2Q0NH642XF1RP5YCC95,US0978737981,GLEIF,BBG006XPK635,BBG006XPK653,RBEBX,C000148420,Class R-2E,figi-ticker-join
S000009231,BOND FUND OF AMERICA,F2Q0NH642XF1RP5YCC95,US0978738062,GLEIF,BBG000BNXFP9,BBG001S8VCS8,CFAEX,C000025109,Class 529-E,figi-ticker-join
S000009231,BOND FUND OF AMERICA,F2Q0NH642XF1RP5YCC95,US0978738146,GLEIF,BBG000C6QWW8,BBG001SV4DF9,RBFGX,C000077906,Class R-6,figi-ticker-join
S000009231,BOND FUND OF AMERICA,F2Q0NH642XF1RP5YCC95,US0978738229,GLEIF,BBG000DD8S06,BBG001T3BJV1,ABNFX,C000068564,Class F-2,figi-ticker-join
S000009231,BOND FUND OF AMERICA,F2Q0NH642XF1RP5YCC95,US0978738302,GLEIF,BBG000BW9F58,BBG001SGVCX4,RBFFX,C000025102,Class R-5,figi-ticker-join
S000009231,BOND FUND OF AMERICA,F2Q0NH642XF1RP5YCC95,US0978738484,GLEIF,BBG000BW9DK6,BBG001SGVCT9,RBFEX,C000025101,Class R-4,figi-ticker-join
S000009231,BOND FUND OF AMERICA,F2Q0NH642XF1RP5YCC95,US0978738559,GLEIF,BBG000BW9DY1,BBG001SGVCV6,RBFCX,C000025100,Class R-3,figi-ticker-join
S000009231,BOND FUND OF AMERICA,F2Q0NH642XF1RP5YCC95,US0978738633,GLEIF,BBG000BW9D62,BBG001SGVCR1,RBFBX,C000025099,Class R-2,figi-ticker-join
S000009231,BOND FUND OF AMERICA,F2Q0NH642XF1RP5YCC95,US0978738716,GLEIF,BBG000BVXBV3,BBG001SGGZB4,RBFAX,C000025098,Class R-1,figi-ticker-join
S000009235,U.S. Government Securities Fund,B4NSFTV70Q62C8KCLN24,US0263008148,SEC-NPORT,BBG000C6QWM9,BBG001SV4DD1,RGVGX,C000077855,Class R-6,figi-ticker-join
S000009236,INTERMEDIATE BOND FUND OF AMERICA,R8LBW477MUD2IBLY9S75,US4588091003,GLEIF,BBG000BBZ3N2,BBG001S64SD3,AIBAX,C000025146,Class A,figi-ticker-join
S000009236,INTERMEDIATE BOND FUND OF AMERICA,R8LBW477MUD2IBLY9S75,US4588091185,GLEIF,BBG006XPJRG7,BBG006XPJRJ4,REBBX,C000148469,Class R-2E,figi-ticker-join
S000009236,INTERMEDIATE BOND FUND OF AMERICA,R8LBW477MUD2IBLY9S75,US4588093082,GLEIF,BBG000BWTFL8,BBG001SHNPS8,IBFCX,C000025153,Class C,figi-ticker-join
S000009236,INTERMEDIATE BOND FUND OF AMERICA,R8LBW477MUD2IBLY9S75,US4588094072,GLEIF,BBG000BWTF01,BBG001SHNPR9,IBFFX,C000025154,Class F-1,figi-ticker-join
S000009236,INTERMEDIATE BOND FUND OF AMERICA,R8LBW477MUD2IBLY9S75,US4588095061,GLEIF,BBG000BP7CF1,BBG001S92CZ0,CBOAX,C000025155,Class 529-A,figi-ticker-join
S000009236,INTERMEDIATE BOND FUND OF AMERICA,R8LBW477MUD2IBLY9S75,US4588097042,GLEIF,BBG000BP7DW0,BBG001S92DS6,CBOCX,C000025157,Class 529-C,figi-ticker-join
S000009236,INTERMEDIATE BOND FUND OF AMERICA,R8LBW477MUD2IBLY9S75,US4588097463,GLEIF,BBG00H5Q5FY3,BBG00H5Q5FZ2,FIFBX,,,unresolved
S000009236,INTERMEDIATE BOND FUND OF AMERICA,R8LBW477MUD2IBLY9S75,US4588097539,GLEIF,BBG00H5Q5G17,BBG00H5Q5G26,FFOOX,,,unresolved
S000009236,INTERMEDIATE BOND FUND OF AMERICA,R8LBW477MUD2IBLY9S75,US4588097877,GLEIF,BBG00FY44V07,BBG00FY44V16,IFBFX,,,unresolved
S000009236,INTERMEDIATE BOND FUND OF AMERICA,R8LBW477MUD2IBLY9S75,US4588097950,GLEIF,BBG00BH63802,BBG00BH63811,RBOHX,C000164803,Class R-5E,figi-ticker-join
S000009236,INTERMEDIATE BOND FUND OF AMERICA,R8LBW477MUD2IBLY9S75,US4588098032,GLEIF,BBG000BP7F91,BBG001S92FW6,CBOEX,C000025158,Class 529-E,figi-ticker-join
S000009236,INTERMEDIATE BOND FUND OF AMERICA,R8LBW477MUD2IBLY9S75,US4588098115,GLEIF,BBG000C6QSB0,BBG001SV3Y19,RBOGX,C000077900,Class R-6,figi-ticker-join
S000009236,INTERMEDIATE BOND FUND OF AMERICA,R8LBW477MUD2IBLY9S75,US4588098297,GLEIF,BBG000DD8MN4,BBG001T3BGX5,IBAFX,C000068597,Class F-2,figi-ticker-join
S000009236,INTERMEDIATE BOND FUND OF AMERICA,R8LBW477MUD2IBLY9S75,US4588098370,GLEIF,BBG000BW9XC1,BBG001SGVR34,RBOFX,C000025151,Class R-5,figi-ticker-join
S000009236,INTERMEDIATE BOND FUND OF AMERICA,R8LBW477MUD2IBLY9S75,US4588098453,GLEIF,BBG000BW9X04,BBG001SGVR25,RBOEX,C000025150,Class R-4,figi-ticker-join
S000009236,INTERMEDIATE BOND FUND OF AMERICA,R8LBW477MUD2IBLY9S75,US4588098529,GLEIF,BBG000BW9JN0,BBG001SGVDT7,RBOCX,C000025149,Class R-3,figi-ticker-join
S000009236,INTERMEDIATE BOND FUND OF AMERICA,R8LBW477MUD2IBLY9S75,US4588098602,GLEIF,BBG000BW9HS9,BBG001SGVD80,RBOBX,C000025148,Class R-2,figi-ticker-join
S000009236,INTERMEDIATE BOND FUND OF AMERICA,R8LBW477MUD2IBLY9S75,US4588098784,GLEIF,BBG000BW9HD5,BBG001SGVD53,RBOAX,C000025147,Class R-1,figi-ticker-join
S000009237,LIMITED TERM TAX EXEMPT BOND FUND OF AMERICA,G0PDXJR06M515MTXI191,US5327261062,GLEIF,BBG000BLC505,BBG001S7HK53,LTEBX,C000025160,Class A,figi-ticker-join
S000009237,LIMITED TERM TAX EXEMPT BOND FUND OF AMERICA,G0PDXJR06M515MTXI191,US5327263043,GLEIF,BBG000BWTGL6,BBG001SHNPZ0,LTXCX,C000025162,Class C,figi-ticker-join
S000009237,LIMITED TERM TAX EXEMPT BOND FUND OF AMERICA,G0PDXJR06M515MTXI191,US5327264033,GLEIF,BBG000BWTGZ1,BBG001SHNQ15,LTXFX,C000025163,Class F-1,figi-ticker-join
S000009237,LIMITED TERM TAX EXEMPT BOND FUND OF AMERICA,G0PDXJR06M515MTXI191,US5327265022,GLEIF,,,,,,unresolved
S000009237,LIMITED TERM TAX EXEMPT BOND FUND OF AMERICA,G0PDXJR06M515MTXI191,US5327266012,GLEIF,BBG000DD8N16,BBG001T3BH36,LTEFX,C000068566,Class F-2,figi-ticker-join
S000009237,LIMITED TERM TAX EXEMPT BOND FUND OF AMERICA,G0PDXJR06M515MTXI191,US5327267002,GLEIF,,,,,,unresolved
S000009237,LIMITED TERM TAX EXEMPT BOND FUND OF AMERICA,G0PDXJR06M515MTXI191,US5327268091,GLEIF,BBG00FYJ98R1,BBG00FYJ98S0,FLTEX,,,unresolved
S000009237,LIMITED TERM TAX EXEMPT BOND FUND OF AMERICA,G0PDXJR06M515MTXI191,US5327268828,GLEIF,BBG00H6YJY15,BBG00H6YJY24,TLTTX,,,unresolved
S000009238,TAX EXEMPT BOND FUND OF AMERICA,KUMT4RHJ2RMNFU2S0242,US8769021077,GLEIF,BBG000BBYY00,BBG001S64R72,AFTEX,C000025165,Class A,figi-ticker-join
S000009238,TAX EXEMPT BOND FUND OF AMERICA,KUMT4RHJ2RMNFU2S0242,US8769023057,GLEIF,BBG000BWTL17,BBG001SHNQL3,TEBCX,C000025167,Class C,figi-ticker-join
S000009238,TAX EXEMPT BOND FUND OF AMERICA,KUMT4RHJ2RMNFU2S0242,US8769024048,GLEIF,BBG000BWT709,BBG001SHNJT1,AFTFX,C000025168,Class F-1,figi-ticker-join
S000009238,TAX EXEMPT BOND FUND OF AMERICA,KUMT4RHJ2RMNFU2S0242,US8769025037,GLEIF,,,,,,unresolved
S000009238,TAX EXEMPT BOND FUND OF AMERICA,KUMT4RHJ2RMNFU2S0242,US8769026027,GLEIF,BBG000DD8RT7,BBG001T3BJJ5,TEAFX,C000068567,Class F-2,figi-ticker-join
S000009238,TAX EXEMPT BOND FUND OF AMERICA,KUMT4RHJ2RMNFU2S0242,US8769027017,GLEIF,,,,,,unresolved
S000009238,TAX EXEMPT BOND FUND OF AMERICA,KUMT4RHJ2RMNFU2S0242,US8769028007,GLEIF,BBG00G02TX69,BBG00G02TX78,TFEBX,,,unresolved
S000009238,TAX EXEMPT BOND FUND OF AMERICA,KUMT4RHJ2RMNFU2S0242,US8769028833,GLEIF,BBG00H6YKKC1,BBG00H6YKKD0,TLLLX,,,unresolved
S000009239,Tax-Exempt Fund of California,2LM0BJYD3U5ROLOFJP75,US02630B1098,GLEIF,BBG000BCJPV0,BBG001S66GX5,TAFTX,C000025170,Class A,figi-ticker-join
S000009240,CAPITAL WORLD BOND FUND,Z8056ZZWOQ108TFXHC12,US1405411034,GLEIF,BBG000BC24F3,BBG001S654N4,CWBFX,C000025175,Class A,figi-ticker-join
S000009240,CAPITAL WORLD BOND FUND,Z8056ZZWOQ108TFXHC12,US1405411117,GLEIF,BBG00FWZ4PD9,BBG00FWZ4PF7,WFBFX,,,unresolved
S000009240,CAPITAL WORLD BOND FUND,Z8056ZZWOQ108TFXHC12,US1405413014,GLEIF,BBG000BWV029,BBG001SHPC41,CWBCX,C000025182,Class C,figi-ticker-join
S000009240,CAPITAL WORLD BOND FUND,Z8056ZZWOQ108TFXHC12,US1405414004,GLEIF,BBG000BWV083,BBG001SHPC50,WBFFX,C000025183,Class F-1,figi-ticker-join
S000009240,CAPITAL WORLD BOND FUND,Z8056ZZWOQ108TFXHC12,US1405415092,GLEIF,BBG000BP7HV2,BBG001S92GD5,CCWAX,C000025184,Class 529-A,figi-ticker-join
S000009240,CAPITAL WORLD BOND FUND,Z8056ZZWOQ108TFXHC12,US1405417072,GLEIF,BBG000BP7VV1,BBG001S92H16,CCWCX,C000025186,Class 529-C,figi-ticker-join
S000009240,CAPITAL WORLD BOND FUND,Z8056ZZWOQ108TFXHC12,US1405417494,GLEIF,BBG00H5HGZ68,BBG00H5HGZ77,FWBCX,,,unresolved
S000009240,CAPITAL WORLD BOND FUND,Z8056ZZWOQ108TFXHC12,US1405417569,GLEIF,BBG00H5HGZ86,BBG00H5HGZ95,FCWBX,,,unresolved
S000009240,CAPITAL WORLD BOND FUND,Z8056ZZWOQ108TFXHC12,US1405417643,GLEIF,BBG00H5HGZD0,BBG00H5HGZF8,TWCBX,,,unresolved
S000009240,CAPITAL WORLD BOND FUND,Z8056ZZWOQ108TFXHC12,US1405417726,GLEIF,BBG00H5HH1F2,BBG00H5HH1G1,TWCWX,,,unresolved
S000009240,CAPITAL WORLD BOND FUND,Z8056ZZWOQ108TFXHC12,US1405417809,GLEIF,BBG00BH5YTQ6,BBG00BH5YTS4,RCWHX,C000164817,Class R-5E,figi-ticker-join
S000009240,CAPITAL WORLD BOND FUND,Z8056ZZWOQ108TFXHC12,US1405417981,GLEIF,BBG006XPJNM9,BBG006XPJNP6,RCEBX,C000148402,Class R-2E,figi-ticker-join
S000009240,CAPITAL WORLD BOND FUND,Z8056ZZWOQ108TFXHC12,US1405418062,GLEIF,BBG000BP7WS3,BBG001S92HG0,CCWEX,C000025187,Class 529-E,figi-ticker-join
S000009240,CAPITAL WORLD BOND FUND,Z8056ZZWOQ108TFXHC12,US1405418146,GLEIF,BBG000C6N774,BBG001SV3D97,RCWGX,C000077921,Class R-6,figi-ticker-join
S000009240,CAPITAL WORLD BOND FUND,Z8056ZZWOQ108TFXHC12,US1405418229,GLEIF,BBG000DD8LN6,BBG001T3BGM7,BFWFX,C000068532,Class F-2,figi-ticker-join
S000009240,CAPITAL WORLD BOND FUND,Z8056ZZWOQ108TFXHC12,US1405418302,GLEIF,BBG000BVYKQ8,BBG001SGHMM0,RCWFX,C000025180,Class R-5,figi-ticker-join
S000009240,CAPITAL WORLD BOND FUND,Z8056ZZWOQ108TFXHC12,US1405418484,GLEIF,BBG000BVYJX3,BBG001SGHM68,RCWEX,C000025179,Class R-4,figi-ticker-join
S000009240,CAPITAL WORLD BOND FUND,Z8056ZZWOQ108TFXHC12,US1405418559,GLEIF,BBG000BV3XX6,BBG001SFT065,RCWCX,C000025178,Class R-3,figi-ticker-join
S000009240,CAPITAL WORLD BOND FUND,Z8056ZZWOQ108TFXHC12,US1405418633,GLEIF,BBG000BVY153,BBG001SGH9Q5,RCWBX,C000025177,Class R-2,figi-ticker-join
S000009240,CAPITAL WORLD BOND FUND,Z8056ZZWOQ108TFXHC12,US1405418716,GLEIF,BBG000BVXPQ8,BBG001SGH903,RCWAX,C000025176,Class R-1,figi-ticker-join
S000009240,CAPITAL WORLD BOND FUND,Z8056ZZWOQ108TFXHC12,US1405418898,GLEIF,BBG000BP7YZ1,BBG001S92J30,CCWFX,C000025188,Class 529-F-1,figi-ticker-join
S000009242,Financial Square Government Fund,549300BRJMXN4GUWZ402,US38141W2659,SEC-NPORT,BBG000MC58N0,BBG001SFSQY8,FOAXX,C000025197,FST Administration Shares,figi-ticker-join
S000009242,Financial Square Government Fund,549300BRJMXN4GUWZ402,US38141W2733,SEC-NPORT,BBG000HNW0N9,BBG001S9B4R7,FGTXX,C000025196,FST Shares,figi-ticker-join
S000009243,Financial Square Treasury Solutions Fund,549300WGIKK0N0790B58,US38142B8809,SEC-NPORT,BBG000BRSWK4,BBG001S9SZS9,FEDXX,C000025203,FST Shares,figi-ticker-join
S000009260,Financial Square Treasury Obligations Fund,549300C0TCI4VJPGCS21,US38141W3236,SEC-NPORT,BBG000HNX5V8,BBG001S9B4Z8,FTOXX,C000025302,FST Shares,figi-ticker-join
S000009261,Financial Square Treasury Instruments Fund,549300DAH6N80PM31E83,US38142B5003,SEC-NPORT,BBG000BRT0D1,BBG001S9T0Q7,FTIXX,C000025309,FST Shares,figi-ticker-join
S000009261,Financial Square Treasury Instruments Fund,549300DAH6N80PM31E83,US38142B6092,SEC-NPORT,BBG000CGWWN9,BBG001SFSPY0,FRAXX,C000025310,FST Administration Shares,figi-ticker-join
S000009301,Goldman Sachs Emerging Markets Debt Fund,XC6LIVZDLLKYZ7FKO621,US38148U8826,SEC-NPORT,BBG009LR38R7,BBG009LR38S6,GSIUX,C000161284,Class R6 Shares,figi-ticker-join
S000009308,Goldman Sachs Global Income Fund,S7AVHSYYPK5PCOCQSV77,US38141W1099,GLEIF,BBG000BFP4P0,BBG001S6QLP1,GSGIX,C000025416,Class A,figi-ticker-join
S000009308,Goldman Sachs Global Income Fund,S7AVHSYYPK5PCOCQSV77,US38142B3693,SEC-NPORT,BBG000BYKDN6,BBG001SBJV85,GEMIX,,,unresolved
S000009308,Goldman Sachs Global Income Fund,S7AVHSYYPK5PCOCQSV77,US38147X5499,SEC-NPORT,BBG009Q3TZH8,BBG009Q3TZJ6,GBIUX,C000161291,Class R6 Shares,figi-ticker-join
S000009309,Goldman Sachs High Yield Fund,VJJ3YDJ4UOKOJN1I8J86,US38148U8743,SEC-NPORT,BBG009Q3V5C6,BBG009Q3V5D5,GSHUX,C000161292,Class R6 Shares,figi-ticker-join
S000009311,Longleaf Partners Fund,549300TWJRJQNBNXO742,US5430691080,SEC-NPORT,BBG000BN0WV1,BBG001S87QX8,LLPFX,,,unresolved
S000009311,Longleaf Partners Fund,549300TWJRJQNBNXO742,US5430692070,SEC-NPORT,BBG000BN0Y56,BBG001S87WJ1,LLSCX,,,unresolved
S000009324,Goldman Sachs U.S. Equity Dividend and Premium Fund,48HCXPWZHCWNN0K49O22,US38150C8047,SEC-NPORT,BBG00KFNF7G9,BBG00KFNF7H8,GIDWX,,,unresolved
S000009326,Goldman Sachs Large Cap Value Insights Fund,549300KBU32INALWSS44,US38147X5150,SEC-NPORT,BBG009QLZBQ4,BBG009QLZBR3,GCVUX,C000158455,Class R6 Shares,figi-ticker-join
S000009328,Goldman Sachs Large Cap Growth Insights Fund,IYI7KZ6TLM47WE4G7I95,US38147X5234,SEC-NPORT,BBG009QLZBF6,BBG009QLZBH4,GLCUX,C000158457,Class R6 Shares,figi-ticker-join
S000009329,Goldman Sachs Small Cap Equity Insights Fund,UBB2S4ORVV98300HEK13,US38147X4997,SEC-NPORT,BBG009QM23N9,BBG009QM23P7,GCSUX,C000158458,Class R6 Shares,figi-ticker-join
S000009340,Goldman Sachs U.S. Tax-Managed Equity Fund,549300HEKU61E0SQOE76,US38150C7056,SEC-NPORT,BBG00KFNF6H0,BBG00KFNF6J8,GCTRX,,,unresolved
S000009352,Goldman Sachs U.S. Equity Insights Fund,ATZYYV08LTSFJV3SP505,US3809872068,GLEIF,,,,,,unresolved
S000009357,Goldman Sachs Large Cap Value Fund,CPSL04DES1OGZT14WA65,US3809871078,GLEIF,,,,,,unresolved
S000009388,WASHINGTON MUTUAL INVESTORS FUND,GMJOUC23TOBOTKRA5C67,US9393301067,GLEIF,BBG000BBLXP9,BBG001S61G60,AWSHX,C000025719,Class A,figi-ticker-join
S000009388,WASHINGTON MUTUAL INVESTORS FUND,GMJOUC23TOBOTKRA5C67,US9393303048,GLEIF,BBG000BVBN23,BBG001SHPCT4,WSHCX,C000025726,Class C,figi-ticker-join
S000009388,WASHINGTON MUTUAL INVESTORS FUND,GMJOUC23TOBOTKRA5C67,US9393304038,GLEIF,BBG000BVBND1,BBG001SHPCV1,WSHFX,C000025727,Class F-1,figi-ticker-join
S000009388,WASHINGTON MUTUAL INVESTORS FUND,GMJOUC23TOBOTKRA5C67,US9393305027,GLEIF,BBG000BL3VJ8,BBG001S91JM0,CWMAX,C000025728,Class 529-A,figi-ticker-join
S000009388,WASHINGTON MUTUAL INVESTORS FUND,GMJOUC23TOBOTKRA5C67,US9393307007,GLEIF,BBG000BL3X86,BBG001S91LV5,CWMCX,C000025730,Class 529-C,figi-ticker-join
S000009388,WASHINGTON MUTUAL INVESTORS FUND,GMJOUC23TOBOTKRA5C67,US9393307346,GLEIF,BBG00GXL5DT6,BBG00GXL5DV3,FWWMX,,,unresolved
S000009388,WASHINGTON MUTUAL INVESTORS FUND,GMJOUC23TOBOTKRA5C67,US9393307429,GLEIF,BBG00GXL5FJ2,BBG00GXL5FK0,FWMMX,,,unresolved
S000009388,WASHINGTON MUTUAL INVESTORS FUND,GMJOUC23TOBOTKRA5C67,US9393307593,GLEIF,BBG00GXL58P1,BBG00GXL58Q0,TMWMX,,,unresolved
S000009388,WASHINGTON MUTUAL INVESTORS FUND,GMJOUC23TOBOTKRA5C67,US9393307676,GLEIF,BBG00GXL58R9,BBG00GXL58S8,TWMMX,,,unresolved
S000009388,WASHINGTON MUTUAL INVESTORS FUND,GMJOUC23TOBOTKRA5C67,US9393307759,GLEIF,BBG00G02V692,BBG00G02V6B9,FWMIX,,,unresolved
S000009388,WASHINGTON MUTUAL INVESTORS FUND,GMJOUC23TOBOTKRA5C67,US9393307833,GLEIF,BBG00BH63WY2,BBG00BH63WZ1,RWMHX,C000164825,Class R-5E,figi-ticker-join
S000009388,WASHINGTON MUTUAL INVESTORS FUND,GMJOUC23TOBOTKRA5C67,US9393307916,GLEIF,BBG007J2VRP8,BBG007J2VRZ7,RWEBX,C000148358,Class R-2E,figi-ticker-join
S000009388,WASHINGTON MUTUAL INVESTORS FUND,GMJOUC23TOBOTKRA5C67,US9393308096,GLEIF,BBG000BL3XV0,BBG001S91LX3,CWMEX,C000025731,Class 529-E,figi-ticker-join
S000009388,WASHINGTON MUTUAL INVESTORS FUND,GMJOUC23TOBOTKRA5C67,US9393308179,GLEIF,BBG000GPNCV0,BBG001SV4YN4,RWMGX,C000077924,R-6,figi-ticker-join
S000009388,WASHINGTON MUTUAL INVESTORS FUND,GMJOUC23TOBOTKRA5C67,US9393308252,GLEIF,BBG000N016M4,BBG001T3BJM1,WMFFX,C000068526,Class F-2,figi-ticker-join
S000009388,WASHINGTON MUTUAL INVESTORS FUND,GMJOUC23TOBOTKRA5C67,US9393308336,GLEIF,BBG000BSX2T3,BBG001SGLC01,RWMFX,C000025724,Class R-5,figi-ticker-join
S000009388,WASHINGTON MUTUAL INVESTORS FUND,GMJOUC23TOBOTKRA5C67,US9393308419,GLEIF,BBG000BSX2M0,BBG001SGL720,RWMEX,C000025723,Class R-4,figi-ticker-join
S000009388,WASHINGTON MUTUAL INVESTORS FUND,GMJOUC23TOBOTKRA5C67,US9393308583,GLEIF,BBG000BSX213,BBG001SGL524,RWMCX,C000025722,Class R-3,figi-ticker-join
S000009388,WASHINGTON MUTUAL INVESTORS FUND,GMJOUC23TOBOTKRA5C67,US9393308666,GLEIF,BBG000B9YWK7,BBG001S5Q676,RWMBX,C000025721,Class R-2,figi-ticker-join
S000009388,WASHINGTON MUTUAL INVESTORS FUND,GMJOUC23TOBOTKRA5C67,US9393308740,GLEIF,BBG000BSWJM4,BBG001SGKKX8,RWMAX,C000025720,Class R-1,figi-ticker-join
S000009388,WASHINGTON MUTUAL INVESTORS FUND,GMJOUC23TOBOTKRA5C67,US9393308823,GLEIF,BBG000BL3ZY2,BBG001S91M25,CWMFX,C000025732,Class 529-F-1,figi-ticker-join
S000009415,iShares U.S. Home Construction ETF,549300E4UYBNT92O5488,US4642887529,SEC-NPORT,BBG000PB3SM8,BBG001SQZTR8,ITB,C000025769,iShares U.S. Home Construction ETF,figi-ticker-join
S000009416,iShares U.S. Oil Equipment & Services ETF,5493008NT0PYY37SJR58,US4642888444,SEC-NPORT,BBG000P8HGR1,BBG001SQYZC1,IEZ,C000025770,iShares U.S. Oil Equipment & Services ETF,figi-ticker-join
S000009417,iShares U.S. Pharmaceuticals ETF,549300K3OFF3L3ODU217,US4642888360,SEC-NPORT,BBG000P8JWT2,BBG001SQYZD0,IHE,C000025771,iShares U.S. Pharmaceuticals ETF,figi-ticker-join
S000009418,iShares U.S. Healthcare Providers ETF,5493000J69Q6KCUCL849,US4642888287,SEC-NPORT,BBG000P90P15,BBG001SQZ858,IHF,C000025772,iShares U.S. Healthcare Providers ETF,figi-ticker-join
S000009420,iShares U.S. Broker-Dealers &amp; Securities Exchanges ETF,54930085FJMZ4CBKDP12,US4642887941,SEC-NPORT,BBG000P9ZX47,BBG001SQZT98,IAI,C000025774,iShares U.S. Broker-Dealers &amp; Securities Exchanges ETF,figi-ticker-join
S000009421,iShares U.S. Insurance ETF,549300DCQ1HNSMVDSM98,US4642887867,SEC-NPORT,BBG000PB1CQ1,BBG001SQZTC4,IAK,C000025775,iShares U.S. Insurance ETF,figi-ticker-join
S000009423,iShares U.S. Aerospace & Defense ETF,549300BI35CWQ4Q8FM41,US4642887602,SEC-NPORT,BBG000BJ1D96,BBG001SC08P5,ITA*,,,unresolved
S000009425,VP Cornerstone Growth Portfolio,5493007LRC2B414UYD92,US56064D3465,SEC-NPORT,,,,,,unresolved
S000009429,VP ICAP Select Equity Portfolio,549300KRQ15DX7GVW891,US56064D4455,SEC-NPORT,,,,,,unresolved
S000009432,VP Mid Cap Core Portfolio,54930047EAJHZR5MMJ62,US56064D3200,SEC-NPORT,,,,,,unresolved
S000009436,VP Common Stock Portfolio,5493007GF2ZLB4J3W453,US56064D3531,SEC-NPORT,,,,,,unresolved
S000009436,VP Common Stock Portfolio,5493007GF2ZLB4J3W453,US56064D3796,SEC-NPORT,,,,,,unresolved
S000009445,VP Bond Portfolio,549300KB0UVVQINXSS10,US56064D4786,SEC-NPORT,,,,,,unresolved
S000009449,VP International Equity Portfolio,5493001LFCQX1FVGGI90,US56064D3382,SEC-NPORT,,,,,,unresolved
S000009507,Royce Pennsylvania Mutual Fund,25490056EPDKD3CIFH29,US7809051219,GLEIF,BBG01045Z6V6,BBG01045Z8H8,PAHPX,,,unresolved
S000009533,Federated Institutional Tax-Free Cash Trust,254900WXT2EYU7K33C03,US60934N6664,SEC-NPORT,BBG000BC5MB4,BBG001S65GR3,FTFXX,C000026054,Premier Shares,figi-ticker-join
S000009580,Federated U.S. Treasury Cash Reserves,25490003NTA1P9CI5X97,US60934N6821,SEC-NPORT,BBG000BG2393,BBG001S6W5F0,UTIXX,C000026172,Institutional Shares,figi-ticker-join
S000009597,INVESTMENT CO OF AMERICA,ESMT10R1J5REBJX2N406,US4613088198,SEC-NPORT,BBG000GPK1N6,BBG001SV4TD6,RICGX,C000077857,Class R-6,figi-ticker-join
S000009598,NEW ECONOMY FUND,J154YSXJZPP8R8ZPNM12,US6438221094,GLEIF,BBG000BBZLZ9,BBG001S64VQ2,ANEFX,C000026235,Class A,figi-ticker-join
S000009598,NEW ECONOMY FUND,J154YSXJZPP8R8ZPNM12,US6438223074,GLEIF,BBG000BWT996,BBG001SHNP53,ANFCX,C000026242,Class C,figi-ticker-join
S000009598,NEW ECONOMY FUND,J154YSXJZPP8R8ZPNM12,US6438224064,GLEIF,BBG000BWTB19,BBG001SHNP62,ANFFX,C000026243,Class F-1,figi-ticker-join
S000009598,NEW ECONOMY FUND,J154YSXJZPP8R8ZPNM12,US6438225053,GLEIF,BBG000BP4N79,BBG001S91899,CNGAX,C000026244,Class 529-A,figi-ticker-join
S000009598,NEW ECONOMY FUND,J154YSXJZPP8R8ZPNM12,US6438227034,GLEIF,BBG000BP4TJ3,BBG001S91924,CNGCX,C000026246,Class 529-C,figi-ticker-join
S000009598,NEW ECONOMY FUND,J154YSXJZPP8R8ZPNM12,US6438227372,GLEIF,BBG00H6YJX35,BBG00H6YJX44,FNNEX,,,unresolved
S000009598,NEW ECONOMY FUND,J154YSXJZPP8R8ZPNM12,US6438227455,GLEIF,BBG00H6YJX62,BBG00H6YJX71,FNEEX,,,unresolved
S000009598,NEW ECONOMY FUND,J154YSXJZPP8R8ZPNM12,US6438227521,GLEIF,BBG00H6YJXB6,BBG00H6YJXC5,TENEX,,,unresolved
S000009598,NEW ECONOMY FUND,J154YSXJZPP8R8ZPNM12,US6438227604,GLEIF,BBG00H6YJXH0,BBG00H6YJXJ8,TNEEX,,,unresolved
S000009598,NEW ECONOMY FUND,J154YSXJZPP8R8ZPNM12,US6438227786,GLEIF,BBG00G02TP93,BBG00G02TPB0,FNEFX,,,unresolved
S000009598,NEW ECONOMY FUND,J154YSXJZPP8R8ZPNM12,US6438227869,GLEIF,BBG00BH63WL6,BBG00BH63WM5,RNGHX,C000164821,Class R-5E,figi-ticker-join
S000009598,NEW ECONOMY FUND,J154YSXJZPP8R8ZPNM12,US6438227943,GLEIF,BBG006XPLV20,BBG006XPLV39,RNNEX,C000148459,Class R-2E,figi-ticker-join
S000009598,NEW ECONOMY FUND,J154YSXJZPP8R8ZPNM12,US6438228024,GLEIF,BBG000BP4VF2,BBG001S91988,CNGEX,C000026247,Class 529-E,figi-ticker-join
S000009598,NEW ECONOMY FUND,J154YSXJZPP8R8ZPNM12,US6438228107,GLEIF,BBG000C6S715,BBG001SV4Y27,RNGGX,C000077861,Class R-6,figi-ticker-join
S000009598,NEW ECONOMY FUND,J154YSXJZPP8R8ZPNM12,US6438228289,GLEIF,BBG000DD8QX4,BBG001T3BJH7,NEFFX,C000068559,Class F-2,figi-ticker-join
S000009598,NEW ECONOMY FUND,J154YSXJZPP8R8ZPNM12,US6438228362,GLEIF,BBG000BW9ZM5,BBG001SGVT94,RNGFX,C000026240,Class R-5,figi-ticker-join
S000009598,NEW ECONOMY FUND,J154YSXJZPP8R8ZPNM12,US6438228446,GLEIF,BBG000BW9Z27,BBG001SGVT67,RNGEX,C000026239,Class R-4,figi-ticker-join
S000009598,NEW ECONOMY FUND,J154YSXJZPP8R8ZPNM12,US6438228511,GLEIF,BBG000BW9YF6,BBG001SGVRG0,RNGCX,C000026238,Class R-3,figi-ticker-join
S000009598,NEW ECONOMY FUND,J154YSXJZPP8R8ZPNM12,US6438228693,GLEIF,BBG000BW9Y57,BBG001SGVR61,RNGBX,C000026237,Class R-2,figi-ticker-join
S000009598,NEW ECONOMY FUND,J154YSXJZPP8R8ZPNM12,US6438228776,GLEIF,BBG000BW9XS4,BBG001SGVR52,RNGAX,C000026236,Class R-1,figi-ticker-join
S000009598,NEW ECONOMY FUND,J154YSXJZPP8R8ZPNM12,US6438228859,GLEIF,BBG000BP4WP9,BBG001S919P9,CNGFX,C000026248,Class 529-F-1,figi-ticker-join
S000009618,EUROPACIFIC GROWTH FUND,77WINTZWMLWP62JWI085,US2987061023,GLEIF,BBG000BBS0L8,BBG001S64R36,AEPGX,C000026328,Class A,figi-ticker-join
S000009618,EUROPACIFIC GROWTH FUND,77WINTZWMLWP62JWI085,US2987061106,GLEIF,BBG00FY44CK7,BBG00FY44CL6,FEUPX,,,unresolved
S000009618,EUROPACIFIC GROWTH FUND,77WINTZWMLWP62JWI085,US2987063003,GLEIF,BBG000BS8MK6,BBG001SHMPH1,AEPCX,C000026335,Class C,figi-ticker-join
S000009618,EUROPACIFIC GROWTH FUND,77WINTZWMLWP62JWI085,US2987064092,GLEIF,BBG000BS8PF5,BBG001SHMPJ9,AEGFX,C000026336,Class F-1,figi-ticker-join
S000009618,EUROPACIFIC GROWTH FUND,77WINTZWMLWP62JWI085,US2987065081,GLEIF,BBG000BLS5N3,BBG001S93343,CEUAX,C000026337,Class 529-A,figi-ticker-join
S000009618,EUROPACIFIC GROWTH FUND,77WINTZWMLWP62JWI085,US2987067061,GLEIF,BBG000BLS6W1,BBG001S933M3,CEUCX,C000026339,Class 529-C,figi-ticker-join
S000009618,EUROPACIFIC GROWTH FUND,77WINTZWMLWP62JWI085,US2987067558,GLEIF,BBG00H5Q58Z8,BBG00H5Q5904,FEPUX,,,unresolved
S000009618,EUROPACIFIC GROWTH FUND,77WINTZWMLWP62JWI085,US2987067632,GLEIF,BBG00H5Q5913,BBG00H5Q5922,FUEPX,,,unresolved
S000009618,EUROPACIFIC GROWTH FUND,77WINTZWMLWP62JWI085,US2987067715,GLEIF,BBG00H5Q5931,BBG00H5Q5940,TEUGX,,,unresolved
S000009618,EUROPACIFIC GROWTH FUND,77WINTZWMLWP62JWI085,US2987067897,GLEIF,BBG00H5Q5968,BBG00H5Q5977,TEUPX,,,unresolved
S000009618,EUROPACIFIC GROWTH FUND,77WINTZWMLWP62JWI085,US2987067970,GLEIF,BBG00BH635Y1,BBG00BH635Z0,RERHX,C000164824,Class R-5E,figi-ticker-join
S000009618,EUROPACIFIC GROWTH FUND,77WINTZWMLWP62JWI085,US2987068051,GLEIF,BBG000BLS740,BBG001S933R8,CEUEX,C000026340,Class 529-E,figi-ticker-join
S000009618,EUROPACIFIC GROWTH FUND,77WINTZWMLWP62JWI085,US2987068135,GLEIF,BBG006XPJQM2,BBG006XPJQN1,REEBX,C000148435,Class R-2E,figi-ticker-join
S000009618,EUROPACIFIC GROWTH FUND,77WINTZWMLWP62JWI085,US2987068218,GLEIF,BBG000CRLPZ9,BBG001SV3DG9,RERGX,C000077411,Class R-6,figi-ticker-join
S000009618,EUROPACIFIC GROWTH FUND,77WINTZWMLWP62JWI085,US2987068390,GLEIF,BBG000BRNFJ8,BBG001SGK142,RERFX,C000026333,Class R-5,figi-ticker-join
S000009618,EUROPACIFIC GROWTH FUND,77WINTZWMLWP62JWI085,US2987068473,GLEIF,BBG000BLFH88,BBG001S8RYG8,REREX,C000026332,Class R-4,figi-ticker-join
S000009618,EUROPACIFIC GROWTH FUND,77WINTZWMLWP62JWI085,US2987068549,GLEIF,BBG000BGKD28,BBG001S76NZ6,RERCX,C000026331,Class R-3,figi-ticker-join
S000009618,EUROPACIFIC GROWTH FUND,77WINTZWMLWP62JWI085,US2987068622,GLEIF,BBG000BG3PR3,BBG001S70NF4,RERBX,C000026330,Class R-2,figi-ticker-join
S000009618,EUROPACIFIC GROWTH FUND,77WINTZWMLWP62JWI085,US2987068705,GLEIF,BBG000BRNCP8,BBG001SGJVB0,RERAX,C000026329,Class R-1,figi-ticker-join
S000009618,EUROPACIFIC GROWTH FUND,77WINTZWMLWP62JWI085,US2987068887,GLEIF,,,,,,unresolved
S000009618,EUROPACIFIC GROWTH FUND,77WINTZWMLWP62JWI085,US29875E1001,GLEIF,BBG000BRJ0T5,BBG001SGDQW4,AEPFX,C000066830,Class F-2,figi-ticker-join
S000009633,NEW WORLD FUND INC,M3AFSEI8ZW2JEI726E06,US6492801047,GLEIF,BBG000BXRYJ0,BBG001SCX5N7,NEWFX,C000026375,Class A,figi-ticker-join
S000009633,NEW WORLD FUND INC,M3AFSEI8ZW2JEI726E06,US6492803027,GLEIF,BBG000DK5PB7,BBG001SHNQ33,NEWCX,C000026382,Class C,figi-ticker-join
S000009633,NEW WORLD FUND INC,M3AFSEI8ZW2JEI726E06,US6492804017,GLEIF,BBG000DK7869,BBG001SHNQ51,NWFFX,C000026383,Class F-1,figi-ticker-join
S000009633,NEW WORLD FUND INC,M3AFSEI8ZW2JEI726E06,US6492805006,GLEIF,BBG000BJXM55,BBG001S91BZ3,CNWAX,C000026384,Class 529-A,figi-ticker-join
S000009633,NEW WORLD FUND INC,M3AFSEI8ZW2JEI726E06,US6492807085,GLEIF,BBG000BJXNT7,BBG001S91CB7,CNWCX,C000026386,Class 529-C,figi-ticker-join
S000009633,NEW WORLD FUND INC,M3AFSEI8ZW2JEI726E06,US6492807325,GLEIF,BBG00H6YJYR7,BBG00H6YJYS6,FWWNX,,,unresolved
S000009633,NEW WORLD FUND INC,M3AFSEI8ZW2JEI726E06,US6492807408,GLEIF,BBG00H6YJY51,BBG00H6YJY60,FNFWX,,,unresolved
S000009633,NEW WORLD FUND INC,M3AFSEI8ZW2JEI726E06,US6492807572,GLEIF,BBG00H6YJY88,BBG00H6YJY97,TWNFX,,,unresolved
S000009633,NEW WORLD FUND INC,M3AFSEI8ZW2JEI726E06,US6492807655,GLEIF,BBG00H6YJYC3,BBG00H6YJYD2,TNWFX,,,unresolved
S000009633,NEW WORLD FUND INC,M3AFSEI8ZW2JEI726E06,US6492807739,GLEIF,BBG00FYJ9SM2,BBG00FYJ9SN1,FNWFX,,,unresolved
S000009633,NEW WORLD FUND INC,M3AFSEI8ZW2JEI726E06,US6492807812,GLEIF,BBG00BH63KL2,BBG00BH63KN0,RNWHX,C000164813,Class R-5E,figi-ticker-join
S000009633,NEW WORLD FUND INC,M3AFSEI8ZW2JEI726E06,US6492807994,GLEIF,BBG006XPK5M6,BBG006XPK5N5,RNEBX,C000148355,Class R-2E,figi-ticker-join
S000009633,NEW WORLD FUND INC,M3AFSEI8ZW2JEI726E06,US6492808075,GLEIF,BBG000BJFKN9,BBG001S8S197,CNWEX,C000026387,Class 529-E,figi-ticker-join
S000009633,NEW WORLD FUND INC,M3AFSEI8ZW2JEI726E06,US6492808158,GLEIF,BBG000HTR3P4,BBG001SV3ZG0,RNWGX,C000077878,Class R-6,figi-ticker-join
S000009633,NEW WORLD FUND INC,M3AFSEI8ZW2JEI726E06,US6492808232,GLEIF,BBG000LVV299,BBG001T3BHF3,NFFFX,C000068580,Class F-2,figi-ticker-join
S000009633,NEW WORLD FUND INC,M3AFSEI8ZW2JEI726E06,US6492808315,GLEIF,BBG000DCK577,BBG001SGWJZ6,RNWFX,C000026380,Class R-5,figi-ticker-join
S000009633,NEW WORLD FUND INC,M3AFSEI8ZW2JEI726E06,US6492808497,GLEIF,BBG000DCGC95,BBG001SGW1L0,RNWEX,C000026379,Class R-4,figi-ticker-join
S000009633,NEW WORLD FUND INC,M3AFSEI8ZW2JEI726E06,US6492808562,GLEIF,BBG000DCCQD3,BBG001SGVVT7,RNWCX,C000026378,Class R-3,figi-ticker-join
S000009633,NEW WORLD FUND INC,M3AFSEI8ZW2JEI726E06,US6492808646,GLEIF,BBG000DCCPP2,BBG001SGVVM4,RNWBX,C000026377,Class R-2,figi-ticker-join
S000009633,NEW WORLD FUND INC,M3AFSEI8ZW2JEI726E06,US6492808729,GLEIF,BBG000DCCMF0,BBG001SGVTD9,RNWAX,C000026376,Class R-1,figi-ticker-join
S000009633,NEW WORLD FUND INC,M3AFSEI8ZW2JEI726E06,US6492808802,GLEIF,BBG000BJFLD8,BBG001S8S1C3,CNWFX,C000026388,Class 529-F-1,figi-ticker-join
S000009672,PIMCO Long-Term U.S. Government Portfolio,1HF6TMDVSLQTVB8TF611,US6933947102,SEC-NPORT,BBG000KZKDK6,BBG001T44VX8,VPVLTIV,,,unresolved
S000009677,PIMCO Floating Income Fund,SVLFVAGUHS15GPUL9Z39,US7220051707,SEC-NPORT,BBG000N9JTP3,BBG001SKPJV9,PFIIX,C000026511,Institutional,figi-ticker-join
S000009678,PIMCO Foreign Bond Fund (U.S. Dollar-Hedged),549300NKY72DZUNDF872,US6933908823,SEC-NPORT,BBG000BHQGB3,BBG001S75N50,PFORX,C000026516,Institutional,figi-ticker-join
S000009682,PIMCO Global Bond Fund (U.S. Dollar-Hedged),549300F3V4IM7FBY9U59,US6933906017,SEC-NPORT,BBG000BSXGQ5,BBG001SDM799,PTSHX,C000026623,Institutional,figi-ticker-join
S000009685,PIMCO High Yield Fund,BX5VU78PO9CRQUP4YH86,US6933908419,SEC-NPORT,BBG000BCTKP7,BBG001S6B1M4,PHIYX,C000026546,Institutional,figi-ticker-join
S000009685,PIMCO High Yield Fund,BX5VU78PO9CRQUP4YH86,US72202E1617,GLEIF,BBG00KFNF5F4,BBG00KFNF5G3,PHNNX,,,unresolved
S000009687,PIMCO StocksPLUS International Fund (U.S. Dollar-Hedged),549300VONR8FK9YHCU32,US72200Q3801,SEC-NPORT,BBG000FNQBV5,BBG001SGX9R6,PISIX,C000026559,Institutional,figi-ticker-join
S000009688,PIMCO Investment Grade Corporate Bond Fund,IC5ZX00CDTVYWZREUC51,US7220058165,SEC-NPORT,BBG000P90JS0,BBG001SL6S75,PIGIX,C000026564,Institutional,figi-ticker-join
S000009690,PIMCO Long-Term U.S. Government Fund,HSAHZUJT0Z4FBUGY5S47,US6933902057,SEC-NPORT,BBG000BKJ3Q7,BBG001S7FZ07,PGOVX,C000026570,Institutional,figi-ticker-join
S000009691,PIMCO Low Duration Fund,MGFS63GRW2G1SZOESY83,US6933903048,SEC-NPORT,BBG000BGPB45,BBG001S666F7,PTLDX,C000026575,Institutional,figi-ticker-join
S000009699,PIMCO Real Return Asset Fund,YO8YB8KUOR2PV7RGCT05,US72200Q5053,SEC-NPORT,BBG000FMLKH8,BBG001SGWSP7,PRAIX,C000026605,Institutional,figi-ticker-join
S000009700,PIMCO Real Return Fund,UBV6ASKZ6D22Z3BEZJ52,US6933911041,SEC-NPORT,BBG000BV24Y0,BBG001SCPF54,PRRIX,C000026606,Institutional,figi-ticker-join
S000009701,PIMCO RealEstateRealReturn Strategy Fund,HGDM3WP2M1H6NT5B7Y90,US72200Q2571,SEC-NPORT,BBG000FNQ5R3,BBG001SGX996,PRRSX,C000026613,Institutional,figi-ticker-join
S000009703,PIMCO Short-Term Fund,STEUGJL6LZNTJZNDUF35,US6933906017,SEC-NPORT,BBG000BSXGQ5,BBG001SDM799,PTSHX,C000026623,Institutional,figi-ticker-join
S000009704,PIMCO StocksPLUS Fund,C0FSZ71JI1IAVNM4U731,US6933904038,SEC-NPORT,BBG000F03CG5,BBG001S8FRG6,PSTKX,C000026630,Institutional,figi-ticker-join
S000009707,PIMCO Total Return Fund,GCOBPT5OHTVIN37L8N43,US6933907007,SEC-NPORT,BBG000R6TWS4,BBG001T1MD73,PTTRX,C000026643,Institutional,figi-ticker-join
S000009708,PIMCO CommodityRealReturn Strategy Fund,D8BVB3JRZ75950VGOK95,US7220056672,SEC-NPORT,BBG000JMH243,BBG001SJ7DZ1,PCRIX,C000026650,Institutional,figi-ticker-join
S000009713,PIMCO Emerging Markets Currency Fund,Y52315K7L96R2YWLTM72,US72201F1021,GLEIF,BBG000DRNS80,BBG001SN4WH3,PLMAX,C000026669,A,figi-ticker-join
S000009713,PIMCO Emerging Markets Currency Fund,Y52315K7L96R2YWLTM72,US72201F4090,SEC-NPORT,BBG000BQW8B4,BBG001SGLDR0,PLMIX,C000026668,Institutional,figi-ticker-join
S000009715,PIMCO Emerging Markets Bond Fund,0EUMC1JQ5HNN1A6MGO73,US6933915596,SEC-NPORT,BBG000BMPTH9,BBG001SDJ2M9,PEBIX,C000026678,Institutional,figi-ticker-join
S000009739,Federated Strategic Income Fund,UIG5TTFLY6PZ0FC9OB90,US31417P8582,SEC-NPORT,BBG000F7HDG3,BBG001SGQVV0,FMUSX,,,unresolved
S000009746,Federated Managed Volatility Fund II,BD970B5DUZKP046BJ822,US3139161083,GLEIF,,,,C000026773,Federated Managed Volatility Fund II,unique-pairing
S000009749,Federated High Income Bond Fund II,254900EZGFTCE96E2T22,US3139163063,SEC-NPORT,,,,,,unresolved
S000009767,State Street Navigator Securities Lending Prime Portfolio,5493008BJIBKQ5KTIF74,US8574927062,SEC-NPORT,BBG000BQBCL7,BBG001SGC8J0,GVMXX,C000052883,Premier Class,figi-ticker-join
S000009767,State Street Navigator Securities Lending Prime Portfolio,5493008BJIBKQ5KTIF74,US8575093013,SEC-NPORT,,,,,,unresolved
S000009820,Strategic Income Opportunities Fund,FRJ7V25Z5QJXHX7GVH84,US41015E7830,SEC-NPORT,BBG000C108C2,BBG001SKKKS5,JHSEX,,,unresolved
S000009974,"AB GLOBAL RISK ALLOCATION FUND, INC.",549300RSIE10WXQ2LF59,US0185251057,GLEIF,BBG000BBVZ64,BBG001S64YY7,CABNX,C000027567,Class A,figi-ticker-join
S000009974,"AB GLOBAL RISK ALLOCATION FUND, INC.",549300RSIE10WXQ2LF59,US0185252048,GLEIF,,,,,,unresolved
S000009974,"AB GLOBAL RISK ALLOCATION FUND, INC.",549300RSIE10WXQ2LF59,US0185254028,GLEIF,BBG000BS52F9,BBG001S9TVB5,CBACX,C000027569,Class C,figi-ticker-join
S000009974,"AB GLOBAL RISK ALLOCATION FUND, INC.",549300RSIE10WXQ2LF59,US0185255017,GLEIF,BBG000C1R968,BBG001SC5QL4,CBSYX,C000027570,Advisor Class,figi-ticker-join
S000009974,"AB GLOBAL RISK ALLOCATION FUND, INC.",549300RSIE10WXQ2LF59,US0185258086,GLEIF,BBG000D65RF0,BBG001SK64W2,CABIX,C000027573,Class I,figi-ticker-join
S000009981,AB HIGH INCOME FUND INC,2NEZ4DLQSXZQH9D3RU96,US01859M1018,GLEIF,BBG000BLZGP9,BBG001S98GS3,AGDAX,C000027601,Class A,figi-ticker-join
S000009981,AB HIGH INCOME FUND INC,2NEZ4DLQSXZQH9D3RU96,US01859M3097,GLEIF,BBG000BLHFB6,BBG001S8NX83,AGDCX,C000027603,Class C,figi-ticker-join
S000009981,AB HIGH INCOME FUND INC,2NEZ4DLQSXZQH9D3RU96,US01859M4087,GLEIF,BBG000LYY5T1,BBG001T1Z282,AGDYX,C000068506,Advisor Class,figi-ticker-join
S000009981,AB HIGH INCOME FUND INC,2NEZ4DLQSXZQH9D3RU96,US01859M5076,GLEIF,BBG000LYY6L7,BBG001T1Z291,AGDIX,C000068509,Class I,figi-ticker-join
S000009981,AB HIGH INCOME FUND INC,2NEZ4DLQSXZQH9D3RU96,US01859M8047,GLEIF,BBG00589YRN8,BBG00589YRP6,AGDZX,C000135461,Class Z,figi-ticker-join
S000009981,AB HIGH INCOME FUND INC,2NEZ4DLQSXZQH9D3RU96,US01859M8872,GLEIF,BBG00H5HG2J7,BBG00H5HG2K5,AGDTX,,,unresolved
S000009999,"AB CORE OPPORTUNITIES FUND, INC.",549300LTVDJ6CA32D646,US01879K1016,GLEIF,BBG000F9Z2Z2,BBG001SGRVZ5,ADGAX,C000027654,Class A,figi-ticker-join
S000009999,"AB CORE OPPORTUNITIES FUND, INC.",549300LTVDJ6CA32D646,US01879K2006,GLEIF,,,,,,unresolved
S000009999,"AB CORE OPPORTUNITIES FUND, INC.",549300LTVDJ6CA32D646,US01879K3095,GLEIF,BBG000BGF745,BBG001S7SKQ8,ADGCX,C000027656,Class C,figi-ticker-join
S000009999,"AB CORE OPPORTUNITIES FUND, INC.",549300LTVDJ6CA32D646,US01879K6064,GLEIF,BBG000M75QS6,BBG001SK9HL2,ADGIX,C000027659,Class I,figi-ticker-join
S000009999,"AB CORE OPPORTUNITIES FUND, INC.",549300LTVDJ6CA32D646,US01879K7054,GLEIF,BBG000TSRXC1,BBG001T6X8C5,ADGYX,C000088731,Advisor Class,figi-ticker-join
S000009999,"AB CORE OPPORTUNITIES FUND, INC.",549300LTVDJ6CA32D646,US01879K8045,GLEIF,BBG00589S5L5,BBG00589S6G9,ADGZX,C000135447,Class Z,figi-ticker-join
S000010018,SPDR(R) S&P(R) Biotech ETF,549300Y3ODFMPD5XXL58,US78464A8707,SEC-NPORT,BBG000MQQ963,BBG001SQDKG3,XBI,C000027706,SPDR(R) S&P(R) Biotech ETF,figi-ticker-join
S000010019,SPDR(R) S&P(R) Homebuilders ETF,549300MSE80LL1UJS132,US78464A8889,SEC-NPORT,BBG000MQSW88,BBG001SQDKH2,XHB,C000027707,SPDR(R) S&P(R) Homebuilders ETF,figi-ticker-join
S000010020,SPDR(R) S&P(R) Semiconductor ETF,549300BYZ3JA8JJMEJ82,US78464A8624,SEC-NPORT,BBG000MQVF45,BBG001SQDKJ0,XSD,C000027708,SPDR(R) S&P(R) Semiconductor ETF,figi-ticker-join
S000010030,The Bond Fund,549300ZXNE688JDRKG69,US2006262081,GLEIF,BBG000DZ5P42,BBG001S8FFB7,CFBNX,C000027729,Shares,figi-ticker-join
S000010031,The Short Term Government Fund,5493002PP0IL3W8VM818,US2006261091,GLEIF,BBG000DZ5R11,BBG001S8FFG2,CFSTX,C000027731,Shares,figi-ticker-join
S000010080,AB GROWTH & INCOME FUND INC,549300XP2A2MZMF2QT91,US0185971043,GLEIF,BBG000BC0GC1,BBG001S64YW9,CABDX,C000027911,Class A,figi-ticker-join
S000010080,AB GROWTH & INCOME FUND INC,549300XP2A2MZMF2QT91,US0185972033,GLEIF,,,,,,unresolved
S000010080,AB GROWTH & INCOME FUND INC,549300XP2A2MZMF2QT91,US0185974013,GLEIF,BBG000BNN4Q4,BBG001S8NL25,CBBCX,C000027913,Class C,figi-ticker-join
S000010080,AB GROWTH & INCOME FUND INC,549300XP2A2MZMF2QT91,US0185975002,GLEIF,BBG000BRFPK3,BBG001SC5QN2,CBBYX,C000027914,Advisor Class,figi-ticker-join
S000010080,AB GROWTH & INCOME FUND INC,549300XP2A2MZMF2QT91,US0185978071,GLEIF,BBG000BZHGS5,BBG001SK9BV4,CBBIX,C000027917,Class I,figi-ticker-join
S000010080,AB GROWTH & INCOME FUND INC,549300XP2A2MZMF2QT91,US0185978725,GLEIF,BBG00HBPD241,BBG00HBPD250,CBBTX,,,unresolved
S000010080,AB GROWTH & INCOME FUND INC,549300XP2A2MZMF2QT91,US0185978808,GLEIF,BBG00589YJW6,BBG00589YJZ3,CBBZX,C000132087,Class Z,figi-ticker-join
S000010094,AB INTERNATIONAL GROWTH FUND INC,549300N0VE6F056LTL63,US01879X1037,GLEIF,BBG000BKW2L9,BBG001S83M52,AWPAX,C000027972,Class A,figi-ticker-join
S000010094,AB INTERNATIONAL GROWTH FUND INC,549300N0VE6F056LTL63,US01879X2027,GLEIF,,,,,,unresolved
S000010094,AB INTERNATIONAL GROWTH FUND INC,549300N0VE6F056LTL63,US01879X3017,GLEIF,BBG000BMKHH0,BBG001S9TV89,AWPCX,C000027974,Class C,figi-ticker-join
S000010094,AB INTERNATIONAL GROWTH FUND INC,549300N0VE6F056LTL63,US01879X4007,GLEIF,BBG000BP5Y01,BBG001SC5QP0,AWPYX,C000027975,Advisor Class,figi-ticker-join
S000010094,AB INTERNATIONAL GROWTH FUND INC,549300N0VE6F056LTL63,US01879X7075,GLEIF,BBG000C0DJB7,BBG001SK7MX0,AWPIX,C000027978,Class I,figi-ticker-join
S000010094,AB INTERNATIONAL GROWTH FUND INC,549300N0VE6F056LTL63,US01879X8065,GLEIF,BBG011RVN583,BBG011RVN592,AWPZX,,,unresolved
S000010117,"AB DISCOVERY GROWTH FUND, INC.",549300I01DFK1EYZ2O55,US0186368033,SEC-NPORT,BBG006JJJJL9,BBG006JJJJN7,CHCZX,C000144785,Class Z,figi-ticker-join
S000010125,AB EQUITY INCOME FUND INC,549300ZZHR1H5L5S2T68,US0187911039,GLEIF,BBG000B9X9X5,BBG001S5NK96,AUIAX,C000028099,Class A,figi-ticker-join
S000010125,AB EQUITY INCOME FUND INC,549300ZZHR1H5L5S2T68,US0187912029,GLEIF,,,,,,unresolved
S000010125,AB EQUITY INCOME FUND INC,549300ZZHR1H5L5S2T68,US0187913019,GLEIF,BBG000BS53V9,BBG001S9TVN2,AUICX,C000028101,Class C,figi-ticker-join
S000010125,AB EQUITY INCOME FUND INC,549300ZZHR1H5L5S2T68,US0187914009,GLEIF,BBG000C1RB63,BBG001SC5QM3,AUIYX,C000028102,Advisor Class,figi-ticker-join
S000010125,AB EQUITY INCOME FUND INC,549300ZZHR1H5L5S2T68,US0187917077,GLEIF,BBG000D6LMX3,BBG001SK8030,AUIIX,C000028105,Class I,figi-ticker-join
S000010125,AB EQUITY INCOME FUND INC,549300ZZHR1H5L5S2T68,US0187918067,GLEIF,BBG00589Y2R9,BBG00589Y2S8,AUIZX,C000135457,Class Z,figi-ticker-join
S000010128,"AB GLOBAL BOND FUND, INC.",U218ZJTWJ6O77RCA8603,US01853W1053,GLEIF,BBG000BFKST8,BBG001S6PJW9,ANAGX,C000028113,Class A,figi-ticker-join
S000010128,"AB GLOBAL BOND FUND, INC.",U218ZJTWJ6O77RCA8603,US01853W3034,GLEIF,BBG000BK64W2,BBG001S7D3J0,ANACX,C000028115,Class C,figi-ticker-join
S000010128,"AB GLOBAL BOND FUND, INC.",U218ZJTWJ6O77RCA8603,US01853W6003,GLEIF,BBG000D1GS30,BBG001T0NCL0,ANAIX,C000057411,Class I,figi-ticker-join
S000010128,"AB GLOBAL BOND FUND, INC.",U218ZJTWJ6O77RCA8603,US01853W7092,GLEIF,BBG000D1GRL2,BBG001T0NC21,ANAYX,C000057412,Advisor Class,figi-ticker-join
S000010128,"AB GLOBAL BOND FUND, INC.",U218ZJTWJ6O77RCA8603,US01853W8082,GLEIF,BBG00589YC79,BBG00589YC97,ANAZX,C000135460,Class Z,figi-ticker-join
S000010128,"AB GLOBAL BOND FUND, INC.",U218ZJTWJ6O77RCA8603,US01853W8819,GLEIF,BBG00HBPCW55,BBG00HBPCW64,ANATX,,,unresolved
S000010230,Oberweis Emerging Growth Fund,5493000DHX8PFDGOU475,US6743755067,SEC-NPORT,BBG000C1G9M2,BBG001SKPSW8,OBIOX,,,unresolved
S000010251,AB LARGE CAP GROWTH FUND INC,549300KG2R9A3RW3L081,US01877C1018,GLEIF,BBG000BHPL41,BBG001S75KP4,APGAX,C000028338,Class A,figi-ticker-join
S000010251,AB LARGE CAP GROWTH FUND INC,549300KG2R9A3RW3L081,US01877C2008,GLEIF,,,,,,unresolved
S000010251,AB LARGE CAP GROWTH FUND INC,549300KG2R9A3RW3L081,US01877C3097,GLEIF,BBG000BP3B94,BBG001S90HH1,APGCX,C000028341,Class C,figi-ticker-join
S000010251,AB LARGE CAP GROWTH FUND INC,549300KG2R9A3RW3L081,US01877C4087,GLEIF,BBG000BQ7HM0,BBG001S9TKK9,APGYX,C000028342,Advisor Class,figi-ticker-join
S000010251,AB LARGE CAP GROWTH FUND INC,549300KG2R9A3RW3L081,US01877C7056,GLEIF,BBG000BZH5T8,BBG001SK8YG2,ALLIX,C000028345,Class I,figi-ticker-join
S000010251,AB LARGE CAP GROWTH FUND INC,549300KG2R9A3RW3L081,US01877C8047,GLEIF,BBG00H5HC7B8,BBG00H5HC7G3,APGTX,,,unresolved
S000010271,Lazard International Equity Portfolio,54930032BDC54GSKY639,US52106N7646,SEC-NPORT,BBG000NGC3L5,BBG001SHHTH9,LZOEX,,,unresolved
S000010309,AB Small Cap Growth Portfolio,549300DUMEQYBRQHJC25,US01878H8025,GLEIF,BBG009H5DQ44,BBG009H5DQ53,QUAZX,C000159958,Class Z,figi-ticker-join
S000010351,AB National Portfolio,SRO6BPH5H2VR656V2N60,US0186421089,GLEIF,BBG000BBZFJ0,BBG001S64V46,ALTHX,C000028628,Class A,figi-ticker-join
S000010411,AB Value Fund,5493006P4NUVF3DS6J61,US0189151089,GLEIF,BBG000BF50B5,BBG001S77W76,ABVAX,C000028748,Class A,figi-ticker-join
S000010411,AB Value Fund,5493006P4NUVF3DS6J61,US0189152079,GLEIF,,,,,,unresolved
S000010411,AB Value Fund,5493006P4NUVF3DS6J61,US0189153069,GLEIF,BBG000BGF488,BBG001S7SKF0,ABVCX,C000028750,Class C,figi-ticker-join
S000010411,AB Value Fund,5493006P4NUVF3DS6J61,US0189154059,GLEIF,BBG000J323S3,BBG001SHYRT1,ABVYX,C000028751,Advisor Class,figi-ticker-join
S000010411,AB Value Fund,5493006P4NUVF3DS6J61,US0189157029,GLEIF,BBG000M9NGG7,BBG001SKBDX5,ABVIX,C000028754,Class I,figi-ticker-join
S000010411,AB Value Fund,5493006P4NUVF3DS6J61,US0189158019,GLEIF,BBG01Q6TPN94,BBG01Q6TPNC0,ABVZX,,,unresolved
S000010413,AB International Value Fund,54930056FQG0Z7F0XG12,US0189131032,GLEIF,BBG000MYF3M3,BBG001SKKCW8,ABIAX,C000028762,Class A,figi-ticker-join
S000010413,AB International Value Fund,54930056FQG0Z7F0XG12,US0189132022,GLEIF,,,,,,unresolved
S000010413,AB International Value Fund,54930056FQG0Z7F0XG12,US0189133012,GLEIF,BBG000P6M726,BBG001SL57Q1,ABICX,C000028764,Class C,figi-ticker-join
S000010413,AB International Value Fund,54930056FQG0Z7F0XG12,US0189134002,GLEIF,BBG000K2H6K8,BBG001SJFV37,ABIYX,C000028765,Advisor Class,figi-ticker-join
S000010413,AB International Value Fund,54930056FQG0Z7F0XG12,US0189137070,GLEIF,BBG000M37493,BBG001SK84H7,AIVIX,C000028768,Class I,figi-ticker-join
S000010432,AB Large Cap Growth Portfolio,5493006V8MZW4BE4A730,US0187924081,GLEIF,,,,,,unresolved
S000010448,AB Growth and Income Portfolio,549300TDG5C6PCPQBU74,US0187921012,GLEIF,,,,,,unresolved
S000010658,Columbia Variable Portfolio - Small Company Growth Fund,S7VQF2LJKBJBPNFLD691,US19765R6421,SEC-NPORT,BBG000DBKQR1,BBG001T0XM73,VCSCGAV,,,unresolved
S000010695,State Street Equity 500 Index Fund,549300H1RTP6FLZEZA60,US85749T1034,GLEIF,BBG000CPHXK7,BBG001SFN105,STFAX,C000029581,Administrative Shares,figi-ticker-join
S000010701,State Street Institutional U.S. Government Money Market Fund,549300BZ5TGIFZUZDZ37,US8574921859,GLEIF,BBG000SHS5G2,BBG001SX5S25,GVSXX,C000069459,Service Class,figi-ticker-join
S000010701,State Street Institutional U.S. Government Money Market Fund,549300BZ5TGIFZUZDZ37,US8574926494,SEC-NPORT,BBG006W80T81,BBG006W80T72,SAMXX,C000145476,Investor Class,figi-ticker-join
S000010701,State Street Institutional U.S. Government Money Market Fund,549300BZ5TGIFZUZDZ37,US8574926569,SEC-NPORT,BBG006RX03C4,BBG006RX03D3,SALXX,C000143776,Administration Class,figi-ticker-join
S000010701,State Street Institutional U.S. Government Money Market Fund,549300BZ5TGIFZUZDZ37,US8574927062,SEC-NPORT,BBG000BQBCL7,BBG001SGC8J0,GVMXX,C000052883,Premier Class,figi-ticker-join
S000010701,State Street Institutional U.S. Government Money Market Fund,549300BZ5TGIFZUZDZ37,US85749Q1334,SEC-NPORT,BBG01TXB89W1,BBG01TXB89Z8,GVBXX,,,unresolved
S000010701,State Street Institutional U.S. Government Money Market Fund,549300BZ5TGIFZUZDZ37,US85749T5175,SEC-NPORT,BBG012WFNGV0,BBG012WFNGX8,OPGXX,,,unresolved
S000010705,JNL/FRANKLIN TEMPLETON INCOME FUND,549300TRUBSNQETF6Q74,US46648M4252,GLEIF,,,,,,unresolved
S000010705,JNL/FRANKLIN TEMPLETON INCOME FUND,549300TRUBSNQETF6Q74,US46648M4336,GLEIF,,,,,,unresolved
S000010707,JNL/T. ROWE PRICE SHORT-TERM BOND FUND,5ILIEKAB15M7BGZFZO91,US46648L8726,GLEIF,,,,,,unresolved
S000010707,JNL/T. ROWE PRICE SHORT-TERM BOND FUND,5ILIEKAB15M7BGZFZO91,US46648L8809,GLEIF,,,,,,unresolved
S000010711,JNL/PIMCO REAL RETURN FUND,V4TXC5HR9FVHRRC3LU17,US46648L1614,GLEIF,,,,,,unresolved
S000010711,JNL/PIMCO REAL RETURN FUND,V4TXC5HR9FVHRRC3LU17,US46648L1796,GLEIF,,,,,,unresolved
S000010772,First Trust Dow Jones Select MicroCap Index Fund,549300J0OKGDPF2LO339,US33718M1053,SEC-NPORT,BBG000JGZYM6,BBG001SPGVC2,FDM,C000029773,First Trust Dow Jones Select MicroCap Index Fund,figi-ticker-join
S000010789,Columbia Convertible Securities Fund,ERLRTWC6CNFY73ED3O92,US19766P7024,SEC-NPORT,BBG0077WXDW6,BBG0077WXDY4,CSFYX,C000149202,Columbia Convertible Securities Fund Class Y,figi-ticker-join
S000010795,Columbia Select Large Cap Equity Fund,LD2SHDA1UFIY87I2N629,US19766P6943,SEC-NPORT,BBG00G723ST6,BBG00G723SV3,CLEYX,,,unresolved
S000010818,Columbia Large Cap Enhanced Core Fund,4NRO1OG1Z3OAV446QS07,US19765M2219,SEC-NPORT,BBG000HRKT05,BBG001T55PX7,CECYX,C000079027,Columbia Large Cap Enhanced Core Fund Class Y,figi-ticker-join
S000010825,Columbia Large Cap Index Fund,ORPPOX410PHMRVFIOW55,US19766P7362,SEC-NPORT,BBG00G723RX3,BBG00G723RY2,CLPYX,,,unresolved
S000010872,FAM Value Fund,5493008TQ848RYX79096,US3144651052,GLEIF,BBG000BGKQG4,BBG001S70DN7,FAMVX,,,unresolved
S000010873,FAM Equity-Income Fund,5493008TQ848RYX79096,US3144651052,GLEIF,BBG000BGKQG4,BBG001S70DN7,FAMVX,,,unresolved
S000010926,BOYAR VALUE FUND INC,54930000Q0UK48QTMX79,US1032011090,GLEIF,BBG000FNX826,BBG001SGXDG9,BOYAX,C000030254,BOYAR VALUE FUND INC,figi-ticker-join
S000010926,BOYAR VALUE FUND INC,54930000Q0UK48QTMX79,US1032012080,GLEIF,BBG00RM7MJD0,BBG00RM7MJF8,BOYIX,,,unresolved
S000010976,First Trust Morningstar Dividend Leaders Index Fund,549300ORBKW77UZM6H07,US3369171091,GLEIF,BBG000HFZ1Z8,BBG001SP68G0,FDL,C000030350,First Trust Morningstar Dividend Leaders Index Fund,unique-pairing
S000011047,First Trust NASDAQ-100 Equal Weighted Index Fund,549300RLZFKPLYN7OU15,US3373441050,GLEIF,BBG000F9KBH8,BBG001SNH6H6,QQEW,C000030477,First Trust NASDAQ-100 Equal Weighted Index Fund,unique-pairing
S000011048,First Trust NASDAQ-100-Technology Sector Index Fund,5493002JVR972EVAT460,US3373451026,GLEIF,BBG000P4KXT7,BBG001SQWVL2,QTEC,C000030478,First Trust NASDAQ-100-Technology Sector Index Fund,unique-pairing
S000011082,Invesco Small Cap Growth Portfolio,549300DZ0NKQ9F4PE205,US10923M6333,SEC-NPORT,,,,,,unresolved
S000011083,ClearBridge Aggressive Growth Portfolio,5493009IFP1YZVHNOU74,US10923M7810,SEC-NPORT,,,,,,unresolved
S000011088,T. Rowe Price Large Cap Value Portfolio,549300E6D9O3WK7XB555,US10923N4097,GLEIF,,,,,,unresolved
S000011088,T. Rowe Price Large Cap Value Portfolio,549300E6D9O3WK7XB555,US10923N5086,GLEIF,,,,,,unresolved
S000011088,T. Rowe Price Large Cap Value Portfolio,549300E6D9O3WK7XB555,US10923N6076,GLEIF,,,,,,unresolved
S000011089,Morgan Stanley Mid Cap Growth Portfolio,5493005RVGRW1VBN3J09,US10923M3363,SEC-NPORT,,,,,,unresolved
S000011090,Invesco Mid Cap Value Portfolio,549300ETM5PND7PU3B51,US10923M6663,SEC-NPORT,,,,,,unresolved
S000011093,JPMorgan Core Bond Portfolio,549300RFR6ICLKM2UT36,US10923M5913,SEC-NPORT,,,,,,unresolved
S000011096,MFS Research International Portfolio,549300JLHZBYYO0TKL25,US10923M3694,SEC-NPORT,,,,,,unresolved
S000011097,Clarion Global Real Estate Portfolio,549300XU5EXVWRECLR63,US10923M8230,SEC-NPORT,,,,,,unresolved
S000011099,PIMCO Inflation Protected Bond Portfolio,FREHSUZCHJI3D2JRSZ18,US10923M2522,SEC-NPORT,,,,,,unresolved
S000011100,PIMCO Total Return Portfolio,TY07AK2IOS83GROMUB16,US10923M2290,SEC-NPORT,,,,,,unresolved
S000011103,T. Rowe Price Mid Cap Growth Portfolio,549300S8CGWN7CU81X65,US10923N7066,GLEIF,,,,,,unresolved
S000011103,T. Rowe Price Mid Cap Growth Portfolio,549300S8CGWN7CU81X65,US10923N8056,GLEIF,,,,,,unresolved
S000011103,T. Rowe Price Mid Cap Growth Portfolio,549300S8CGWN7CU81X65,US10923N8882,GLEIF,,,,,,unresolved
S000011105,MetLife Small Cap Value Portfolio,54930054OC3Q44IGVC35,US10923N8627,GLEIF,,,,,,unresolved
S000011105,MetLife Small Cap Value Portfolio,54930054OC3Q44IGVC35,US10923N8700,GLEIF,,,,,,unresolved
S000011107,Invesco Comstock Portfolio,549300VZHJ18WG6QHO82,US10923M6820,SEC-NPORT,,,,,,unresolved
S000011112,SSGA Growth and Income ETF Portfolio,5493004P7SB9S8YLDN97,US10923M1383,GLEIF,,,,,,unresolved
S000011112,SSGA Growth and Income ETF Portfolio,5493004P7SB9S8YLDN97,US10923M1466,GLEIF,,,,,,unresolved
S000011112,SSGA Growth and Income ETF Portfolio,5493004P7SB9S8YLDN97,US10923M1532,GLEIF,,,,,,unresolved
S000011113,SSGA Growth ETF Portfolio,5493004QHK0IAQQBQE95,US10923N1028,GLEIF,,,,,,unresolved
S000011113,SSGA Growth ETF Portfolio,5493004QHK0IAQQBQE95,US10923N2018,GLEIF,,,,,,unresolved
S000011113,SSGA Growth ETF Portfolio,5493004QHK0IAQQBQE95,US10923N3008,GLEIF,,,,,,unresolved
S000011114,Goldman Sachs Mid Cap Value Portfolio,549300S6GMZONUM3VW13,US10923M7570,SEC-NPORT,,,,,,unresolved
S000011115,Harris Oakmark International Portfolio,549300NRTGRK1E5R4T11,US10923M7323,SEC-NPORT,,,,,,unresolved
S000011118,JPMorgan Small Cap Value Portfolio,5493006A0HRZ7WC76802,US10923M5673,SEC-NPORT,,,,,,unresolved
S000011123,BlackRock High Yield Portfolio,M0E4486GHQ4I64CULY35,US10923M8495,SEC-NPORT,,,,,,unresolved
S000011125,Met/Wellington Large Cap Research Portfolio,549300X3GZ3TN03XV808,US10923N8395,GLEIF,,,,,,unresolved
S000011125,Met/Wellington Large Cap Research Portfolio,549300X3GZ3TN03XV808,US10923N8478,GLEIF,,,,,,unresolved
S000011125,Met/Wellington Large Cap Research Portfolio,549300X3GZ3TN03XV808,US10923N8544,GLEIF,,,,,,unresolved
S000011202,Dodge & Cox Stock Fund,549300N2LAR50107F166,US2562191062,SEC-NPORT,BBG000BC2SL3,BBG001S656C1,DODGX,C000030875,Dodge & Cox Stock Fund,figi-ticker-join
S000011203,Dodge & Cox International Stock Fund,549300U7Z55TX3C0A512,US2562061034,GLEIF,BBG000BJQ9V3,BBG001S8QDN7,DODFX,C000030876,Dodge & Cox International Stock Fund,unique-pairing
S000011204,Dodge & Cox Balanced Fund,5493001YPLZPF6HHZY31,US2562011047,GLEIF,BBG000BC2RK6,BBG001S656B2,DODBX,C000030877,Dodge & Cox Balanced Fund,unique-pairing
S000011205,Dodge & Cox Income Fund,5493009DXXXVQJ40VE42,US2562101053,GLEIF,BBG000BB15H1,BBG001S5PYG6,DODIX,C000030878,Dodge & Cox Income Fund,unique-pairing
S000011250,Invesco Conservative Allocation Fund,5493003BF33WX53UDD43,US00888W1062,GLEIF,,,,,,unresolved
S000011411,BRUCE FUND,549300KR3RLFC5M6KA98,US1166501023,GLEIF,BBG000FW00Z3,BBG001SN64T0,BRUFX,C000031584,BRUCE FUND,unique-pairing
S000011439,EMERGING MARKETS GROWTH FUND INC,54930076L2V75Q7TU590,US2908861006,GLEIF,BBG000P8M6M2,BBG001SQZ0Y3,EMRGX,,,unresolved
S000011439,EMERGING MARKETS GROWTH FUND INC,54930076L2V75Q7TU590,US2908862095,GLEIF,BBG00HMY7ZP1,BBG00HMY7ZQ0,EMGEX,,,unresolved
S000011439,EMERGING MARKETS GROWTH FUND INC,54930076L2V75Q7TU590,US2908863085,GLEIF,BBG00HMY7ZR9,BBG00HMY7ZS8,REFGX,,,unresolved
S000011439,EMERGING MARKETS GROWTH FUND INC,54930076L2V75Q7TU590,US2908864075,GLEIF,BBG01TH4VZD2,BBG01TH4VZJ6,EMEEX,,,unresolved
S000011440,NORTHEAST INVESTORS TRUST,254900TFW0QM0GDHQX67,US6642101017,GLEIF,BBG000BCC8S9,BBG001S66015,NTHEX,C000031645,NORTHEAST INVESTORS TRUST,unique-pairing
S000011446,CALDWELL & ORKIN MARKET OPPORTUNITY FUND,5493008S0906HH519X80,US1288193071,GLEIF,BBG000BKWLD6,BBG001S86B44,GATRX,C000031655,CALDWELL & ORKIN MARKET OPPORTUNITY FUND,unique-pairing
S000011478,MML Small/Mid Cap Value Fund,5493001OCN5BF7GVLF58,US5530976845,SEC-NPORT,,,,,,unresolved
S000011480,MML Global Fund,8T9HINFCQAU4P1AO8856,US5530976688,SEC-NPORT,,,,,,unresolved
S000011481,MML Foreign Fund,KUU66DUKIL2JQ2M4M983,US5530976506,SEC-NPORT,,,,,,unresolved
S000011482,MML Equity Income Fund,549300NLQECK0VBFCG40,US5530977751,SEC-NPORT,,,,,,unresolved
S000011483,MML Income & Growth Fund,UQWC7R69CJ01IKYBPI08,US5530977678,SEC-NPORT,,,,,,unresolved
S000011485,MML Blue Chip Growth Fund,5493005CPH29995E7509,US5530977421,SEC-NPORT,,,,,,unresolved
S000011486,MML Large Cap Growth Fund,5493005JIDUT7TI47C17,US5530977348,SEC-NPORT,,,,,,unresolved
S000011488,MML Mid Cap Value Fund,OTUI2C89WJJ8N9HWQ618,US5530977181,SEC-NPORT,,,,,,unresolved
S000011489,MML Mid Cap Growth Fund,5493005302W8XSI8PO73,US5530976928,SEC-NPORT,,,,,,unresolved
S000011490,First Eagle Overseas Variable Fund,549300YW9SBSQRYPAQ67,US32008B1008,GLEIF,BBG000VR50J9,BBG001T49R44,FEOVX,C000031720,First Eagle Overseas Variable Fund,unique-pairing
S000011589,NORTHQUEST CAPITAL FUND INC,549300Q7HIUTPQYL3D48,US66667Q1076,GLEIF,BBG0032FPLP6,BBG0032FPLQ5,NQCFX,C000031898,NORTHQUEST CAPITAL FUND INC,unique-pairing
S000011654,SIT U S GOVERNMENT SECURITIES FUND INC,254900MGQV5RVCBUFN27,US8298001012,GLEIF,BBG000BDPQS3,BBG001S6JX55,SNGVX,C000032004,SIT U S GOVERNMENT SECURITIES FUND INC,unique-pairing
S000011755,Payden Low Duration Fund,JBE5Q1GFOJSHZAIQ1855,US7043292009,GLEIF,BBG000DMJQB6,BBG001S89BZ7,PYSBX,C000032180,Payden Low Duration Fund (Investor Class),unique-pairing
S000011762,Payden Emerging Markets Bond Fund,M4EUXO8K6TPQMCE8GH31,US7043292421,GLEIF,BBG002WY3S55,BBG002WY3SL7,PYEIX,C000115587,Payden Emerging Markets Bond Fund (SI Class),figi-ticker-join
S000011763,Payden Global Fixed Income Fund,4FIJ4Q85YDRQV4HLK508,US7043291019,GLEIF,BBG000BX6HK8,BBG001S79MH5,PYGFX,C000032188,Payden Global Fixed Income Fund (Investor Class),unique-pairing
S000011766,Payden Equity Income Fund,549300L8QNASEIIT7I11,US7043291357,GLEIF,BBG006XK4BC3,BBG006XK4BD2,PYVSX,C000146917,Payden Equity Income Fund (SI Class),figi-ticker-join
S000011766,Payden Equity Income Fund,549300L8QNASEIIT7I11,US7043292595,GLEIF,BBG0029YKSM3,BBG0029YKSQ9,PYVAX,C000110231,Payden Equity Income Fund (Adviser Class),figi-ticker-join
S000011768,NICHOLAS FUND INC,549300Y74XY0WXZBQ563,US6537351008,GLEIF,BBG000BCBMV5,BBG001S65ZK8,NICSX,C000032194,NICHOLAS FUND INC,unique-pairing
S000011801,Invesco Floating Rate Fund,549300E49OSEYIXDNX50,US00141A4206,SEC-NPORT,BBG003D50426,BBG003D50435,AFRFX,C000120775,Class R6,figi-ticker-join
S000011802,SIT MID CAP GROWTH FUND INC,254900FACKL0LHR2F928,US8297961018,GLEIF,BBG000BCBHP3,BBG001S65Z00,NBNGX,C000032269,SIT MID CAP GROWTH FUND INC,unique-pairing
S000011803,SIT LARGE CAP GROWTH FUND INC,254900TLWM2WS3SZ5N20,US8297971090,GLEIF,BBG000BDPPP8,BBG001S6JX37,SNIGX,C000032270,SIT LARGE CAP GROWTH FUND INC,unique-pairing
S000011821,ELFUN TRUSTS,549300YBNVDH5320R485,US2862811005,GLEIF,BBG000BC31J4,BBG001S657Z4,ELFNX,C000032303,Elfun Trusts,unique-pairing
S000011823,ELFUN DIVERSIFIED FUND,3NHY3OPY12MYWX4WVW15,US28627D1054,GLEIF,BBG000BCB5R7,BBG001S65XQ7,ELDFX,C000032307,Elfun Diversified Fund,unique-pairing
S000011830,ELFUN TAX EXEMPT INCOME FUND,54930051FSXB5CV41B97,US2862791041,GLEIF,BBG000BCM1X7,BBG001S67BQ3,ELFTX,C000032332,Elfun Tax Exempt Income Fund,unique-pairing
S000011831,ELFUN INCOME FUND,549300UBGHA85WBP5G57,US2862731070,GLEIF,BBG000BCM1J3,BBG001S67BP4,EINFX,C000032333,Elfun Income Fund,unique-pairing
S000011834,ELFUN GOVERNMENT MONEY MARKET FUND,549300EJ1JF8OTXFWQ13,US2862751029,GLEIF,BBG000BCX897,BBG001S6BVG5,ELMXX,C000032336,Elfun Government Money Market Fund,unique-pairing
S000011842,Thornburg Limited Term U.S. Government Fund,5493006JWY6PYF1WBP22,US8852151039,GLEIF,BBG000BC9297,BBG001S65SS6,LTUSX,C000032347,Thornburg Limited Term U.S. Government Fund - Class A,figi-ticker-join
S000011871,JPMorgan SmartRetirement Income Fund,549300VHPNL9AC9Z7316,US4812A21650,GLEIF,BBG000K06HM8,BBG001SPN5Y7,JSIIX,C000032436,Institutional Class,figi-ticker-join
S000011871,JPMorgan SmartRetirement Income Fund,549300VHPNL9AC9Z7316,US4812A21734,GLEIF,BBG000K06JM4,BBG001SPN5Z6,JSRSX,C000032435,Select Class,figi-ticker-join
S000011871,JPMorgan SmartRetirement Income Fund,549300VHPNL9AC9Z7316,US4812A21817,GLEIF,BBG000JMX5Z4,BBG001SPJZG6,JSRCX,C000032434,Class C,figi-ticker-join
S000011871,JPMorgan SmartRetirement Income Fund,549300VHPNL9AC9Z7316,US4812A21999,GLEIF,BBG000JD0V38,BBG001SPFV79,JSRAX,C000032433,Class A,figi-ticker-join
S000011876,JPMorgan SmartRetirement 2040 Fund,549300FUD4TN9G6K7U44,US4812A41203,GLEIF,BBG000VPWVY8,BBG001T3WY72,SMTZX,C000070632,Class R2,figi-ticker-join
S000011975,Cohen & Steers Realty Shares,549300KCN1QXWPSZFT07,US1924761091,GLEIF,BBG000BG76C7,BBG001S6XF67,CSRSX,C000032691,Cohen & Steers Realty Shares,figi-ticker-join
S000011975,Cohen & Steers Realty Shares,549300KCN1QXWPSZFT07,US1924762081,GLEIF,BBG00PPS75H8,BBG00PPS75J6,CSJAX,,,unresolved
S000011975,Cohen & Steers Realty Shares,549300KCN1QXWPSZFT07,US1924763071,GLEIF,BBG00PPS75L3,BBG00PPS75M2,CSJCX,,,unresolved
S000011975,Cohen & Steers Realty Shares,549300KCN1QXWPSZFT07,US1924764061,GLEIF,BBG00PPS75N1,BBG00PPS75P9,CSJFX,,,unresolved
S000011975,Cohen & Steers Realty Shares,549300KCN1QXWPSZFT07,US1924765050,GLEIF,BBG00PPS75Q8,BBG00PPS75R7,CSJIX,,,unresolved
S000011975,Cohen & Steers Realty Shares,549300KCN1QXWPSZFT07,US1924766041,GLEIF,BBG00PPS7659,BBG00PPS7668,CSJRX,,,unresolved
S000011975,Cohen & Steers Realty Shares,549300KCN1QXWPSZFT07,US1924767031,GLEIF,BBG00PPS75S6,BBG00PPS75T5,CSJZX,,,unresolved
S000011976,Cohen & Steers Institutional Realty Shares,549300NPT0U4CRXPYK92,US19247U1060,GLEIF,BBG000BQNG99,BBG001SDXWF5,CSRIX,C000032692,Cohen & Steers Institutional Realty Shares,unique-pairing
S000011990,AB Government Money Market Portfolio,5493006YWHO7MNK2U579,US0186167484,SEC-NPORT,BBG00D0YHDJ9,BBG00D0YHDK7,GMOXX,C000172520,Institutional Class,figi-ticker-join
S000011999,Kentucky Tax-Free Income Series,549300M6RI6888R83354,US2661551000,GLEIF,BBG000BC8J19,BBG001S65QH2,KYTFX,C000032727,Kentucky Tax-Free Income Series,unique-pairing
S000012002,North Carolina Tax-Free Income Series,549300L1B850MUN5FK63,US2661555068,GLEIF,BBG000BJ0512,BBG001S7SVX6,TNTIX,C000032730,North Carolina Tax-Free Income Series,unique-pairing
S000012006,Intermediate Government Bond Series,5493000Y7HCG8WW51M20,US2661554079,GLEIF,BBG000BL1TF9,BBG001S7H119,DPIGX,C000032734,Intermediate Government Bond Series,unique-pairing
S000012072,Columbia Real Estate Equity Fund,1IRBYM2ZK2I8C9XMWI49,US19767A4233,SEC-NPORT,BBG00G723S16,BBG00G723S25,CREYX,,,unresolved
S000012079,Columbia Dividend Income Fund,5QUZHQ1FJJLYJDPCQR16,US19766M8405,SEC-NPORT,,,,,,unresolved
S000012081,Columbia Large Cap Growth Fund,KG8XSD65WNAI0QHT2D47,US19765Y3650,SEC-NPORT,BBG000SV52V6,BBG001T55PY6,CGFYX,C000078989,Columbia Large Cap Growth Fund Class Y,figi-ticker-join
S000012096,Columbia Corporate Income Fund,DERHCGZF5QUGBK32WQ53,US19766M8736,SEC-NPORT,BBG003BRLLX5,BBG003BRLLY4,CRIYX,C000122677,Columbia Corporate Income Fund Class Y,figi-ticker-join
S000012097,Columbia Total Return Bond Fund,7TUF7LZJ7F8AC48WIE77,US19766M7589,SEC-NPORT,BBG003BVZXR2,BBG003BVZXS1,CTBYX,C000122680,Columbia Total Return Bond Fund Class Y,figi-ticker-join
S000012098,Columbia U.S. Treasury Index Fund,Z3NLJ4CB2CLTOYV0LQ23,US19767A3813,SEC-NPORT,BBG00G5L7XC9,BBG00G5L7XD8,CUTYX,,,unresolved
S000012102,Columbia Small Cap Value Fund I,NMDYEARF71R3MBPDKO46,US19765Y3320,SEC-NPORT,BBG000DPP5W5,BBG001T55Q74,CSVYX,C000078991,Columbia Small Cap Value Fund I Class Y,figi-ticker-join
S000012121,Unrestricted Series,2549001C94NQESI1E862,US12021W1099,GLEIF,BBG000BNH5F0,BBG001S9Y1N2,BUNRX,,,unresolved
S000012121,Unrestricted Series,2549001C94NQESI1E862,US12021W2089,GLEIF,BBG000PYNWP4,BBG001SLYCJ6,BWNYX,C000033061,Greater Western New York Series,figi-ticker-join
S000012122,Greater Western New York Series,2549001C94NQESI1E862,US12021W1099,GLEIF,BBG000BNH5F0,BBG001S9Y1N2,BUNRX,,,unresolved
S000012122,Greater Western New York Series,2549001C94NQESI1E862,US12021W2089,GLEIF,BBG000PYNWP4,BBG001SLYCJ6,BWNYX,C000033061,Greater Western New York Series,figi-ticker-join
S000012125,AMERICAN GROWTH FUND Series One,2549000VCV26WP3TLK04,US0263931083,GLEIF,BBG000BBZJ75,BBG001S64VF4,AMRGX,C000033067,SERIES ONE CLASS D,figi-ticker-join
S000012125,AMERICAN GROWTH FUND Series One,2549000VCV26WP3TLK04,US0263932073,GLEIF,BBG000BCWFQ3,BBG001S6B9Y4,AMRAX,C000033068,SERIES ONE CLASS A,figi-ticker-join
S000012125,AMERICAN GROWTH FUND Series One,2549000VCV26WP3TLK04,US0263933063,GLEIF,BBG000BPM6R4,BBG001S9C4C2,AMRBX,C000033069,SERIES ONE CLASS B,figi-ticker-join
S000012125,AMERICAN GROWTH FUND Series One,2549000VCV26WP3TLK04,US0263934053,GLEIF,BBG000BH80J0,BBG001S72VD6,AMRCX,C000033070,SERIES ONE CLASS C,figi-ticker-join
S000012125,AMERICAN GROWTH FUND Series One,2549000VCV26WP3TLK04,US0263935043,GLEIF,,,,,,unresolved
S000012125,AMERICAN GROWTH FUND Series One,2549000VCV26WP3TLK04,US0263936033,GLEIF,,,,,,unresolved
S000012155,SEQUOIA FUND INC,54930012J5D0G125X006,US8174181060,GLEIF,BBG000BCHCV1,BBG001S66BG5,SEQUX,C000033159,SEQUOIA FUND INC,unique-pairing
S000012195,TIAA-CREF Short-Term Bond Fund,LX9SPIO1NDXQFEVEXG44,US87245P3617,SEC-NPORT,BBG00L1CM313,BBG00L1CM322,TCTWX,,,unresolved
S000012195,TIAA-CREF Short-Term Bond Fund,LX9SPIO1NDXQFEVEXG44,US8863158031,SEC-NPORT,BBG000NG7RJ1,BBG001SQM9R6,TISIX,C000033276,Institutional Class,figi-ticker-join
S000012196,TIAA-CREF High-Yield Fund,H2OKFT33VTKYL2CM0S54,US87245P3872,SEC-NPORT,BBG00L1CF758,BBG00L1CF767,TIHWX,,,unresolved
S000012197,TIAA-CREF Large-Cap Growth Fund,549300WD82RYV9745L98,US87244W3346,SEC-NPORT,BBG000NDV4C9,BBG001SQLTV8,TILGX,C000033282,Institutional Class,figi-ticker-join
S000012197,TIAA-CREF Large-Cap Growth Fund,549300WD82RYV9745L98,US87245P1892,SEC-NPORT,BBG00L1CFDN5,BBG00L1CFDP3,TILWX,,,unresolved
S000012198,TIAA-CREF Bond Plus Fund,0MUK3R86NU2905A9L154,US87245P3955,SEC-NPORT,BBG00L1CF384,BBG00L1CF3K0,TCBWX,,,unresolved
S000012198,TIAA-CREF Bond Plus Fund,0MUK3R86NU2905A9L154,US8863155060,SEC-NPORT,BBG000NDQ7D7,BBG001SQLT48,TIBFX,C000033285,Institutional Class,figi-ticker-join
S000012312,NVIT Bond Index Fund,549300X10AK0VTLHU121,US6386864028,SEC-NPORT,,,,,,unresolved
S000012318,SPDR(R) S&P(R) Aerospace & Defense ETF,5493006TZ0473G1GOE68,US78464A6313,SEC-NPORT,BBG0024LG845,BBG0024LG8W4,XAR,C000033534,SPDR(R) S&P(R) Aerospace & Defense ETF,figi-ticker-join
S000012319,SPDR(R) S&P(R) Oil & Gas Exploration & Production ETF,5493001H1FSSB667C124,US78468R5569,SEC-NPORT,BBG000BGB482,BBG001SB12P9,XOP,C000033535,SPDR(R) S&P(R) Oil & Gas Exploration & Production ETF,figi-ticker-join
S000012322,SPDR(R) S&P(R) Retail ETF,549300HHG63HQV071458,US78464A7147,SEC-NPORT,BBG000D80VV4,BBG001SMH2H7,XRT,C000033538,SPDR(R) S&P(R) Retail ETF,figi-ticker-join
S000012323,SPDR(R) S&P(R) Telecom ETF,549300HDKY7AYIBLN989,US78464A5406,SEC-NPORT,BBG001F6WLS5,BBG001V08KQ1,XTL,C000033539,SPDR(R) S&P(R) Telecom ETF,figi-ticker-join
S000012325,SPDR(R) S&P Regional Banking(SM) ETF,549300EFWJBKUN6WJX52,US78464A6982,SEC-NPORT,BBG000D82H52,BBG001SMH2R6,KRE,C000033541,SPDR(R) S&P Regional Banking(SM) ETF,figi-ticker-join
S000012329,SPDR(R) S&P(R) Software & Services ETF,5493005QE6PTF3R7AJ47,US78464A5992,SEC-NPORT,BBG0024LG4M4,BBG0024LG5C2,XSW,C000033545,SPDR(R) S&P(R) Software & Services ETF,figi-ticker-join
S000012333,SPDR(R) S&P(R) Metals & Mining ETF,5493008LMBT3IECLIE27,US78464A7550,SEC-NPORT,BBG000D83WR4,BBG001SMH2W0,XME,C000033549,SPDR(R) S&P(R) Metals & Mining ETF,figi-ticker-join
S000012379,WisdomTree Total Dividend Fund,549300H56BT6U7QF6P94,US97717W1099,SEC-NPORT,BBG000BSVPW0,BBG001SHKFZ5,DTD,C000033617,N/A,figi-ticker-join
S000012379,WisdomTree Total Dividend Fund,549300H56BT6U7QF6P94,US97717W8367,SEC-NPORT,BBG000BT2803,BBG001SHL7C7,DFJ,C000033620,N/A,figi-ticker-join
S000012379,WisdomTree Total Dividend Fund,549300H56BT6U7QF6P94,US97717W8516,SEC-NPORT,BBG000BT12H9,BBG001SHL470,DXJ,C000033618,N/A,figi-ticker-join
S000012380,WisdomTree Japan Hedged Equity Fund,549300MCUICL7FEQ7B68,US97717W8516,SEC-NPORT,BBG000BT12H9,BBG001SHL470,DXJ,C000033618,N/A,figi-ticker-join
S000012382,WisdomTree Japan SmallCap Dividend Fund,549300D78VACHVSVS593,US97717W8367,SEC-NPORT,BBG000BT2803,BBG001SHL7C7,DFJ,C000033620,N/A,figi-ticker-join
S000012384,WisdomTree International LargeCap Dividend Fund,549300BNQFH6IFLEV339,US97717W7948,SEC-NPORT,BBG000BSW3R4,BBG001SHKG65,DOL,C000033622,N/A,figi-ticker-join
S000012386,WisdomTree International SmallCap Dividend Fund,549300GPLEBOIFTJ3I32,US97717W7609,SEC-NPORT,BBG000BT4N71,BBG001SHLB38,DLS,C000033624,N/A,figi-ticker-join
S000012388,WisdomTree International Equity Fund,549300X1IP4KC9V84C74,US97717W7039,SEC-NPORT,BBG000BSYGZ4,BBG001SHKSW0,DWM,C000033626,N/A,figi-ticker-join
S000012390,WisdomTree High Dividend Fund,549300S5RBS4XFLQTK76,US97717W2089,SEC-NPORT,BBG000BSXYW9,BBG001SHKNX0,DHS,C000033628,N/A,figi-ticker-join
S000012392,WisdomTree LargeCap Dividend Fund,549300LN7CBL6TV5KI77,US97717W3079,SEC-NPORT,BBG000BT3296,BBG001SHL7K8,DLN,C000033630,N/A,figi-ticker-join
S000012393,WisdomTree MidCap Dividend Fund,549300PV2MVB1I9EGF54,US97717W5058,SEC-NPORT,BBG000BSWGB2,BBG001SHKG74,DON,C000033631,N/A,figi-ticker-join
S000012394,WisdomTree SmallCap Dividend Fund,549300DSULDR0XGW9I91,US97717W6049,SEC-NPORT,BBG000BSVCK2,BBG001SHKFX7,DES,C000033632,N/A,figi-ticker-join
S000012395,WisdomTree International High Dividend Fund,549300QDDDX3P5WM8J43,US97717W8029,SEC-NPORT,BBG000BT6K66,BBG001SHLHN3,DTH,C000033633,N/A,figi-ticker-join
S000012397,WisdomTree Global High Dividend Fund,5493000O9Q0265UHRT85,US97717W8771,SEC-NPORT,BBG000BSV1K6,BBG001SHKFW8,DEW,C000033635,N/A,figi-ticker-join
S000012398,WisdomTree Europe SmallCap Dividend Fund,5493001M2D6JHT41R207,US97717W8698,SEC-NPORT,BBG000BT0PS7,BBG001SHL425,DFE,C000033636,N/A,figi-ticker-join
S000012432,Vanguard Strategic Small-Cap Equity Fund,FO714QET3V4MYCZPGW24,US9220386091,SEC-NPORT,BBG000P2ZV91,BBG001SQW3R8,VSTCX,C000033747,Investor Shares,figi-ticker-join
S000012555,First Trust Capital Strength ETF,549300S73MXT502CI896,US33733E7325,SEC-NPORT,BBG01Q3ND3P9,BBG01Q3ND4Q6,WCMI,,,unresolved
S000012561,Columbia Variable Portfolio - Small Cap Value Fund,QFDZC6A36M07XEWD4L46,US19765R3030,SEC-NPORT,BBG000DBKP75,BBG001T0XM55,VCSCVAV,,,unresolved
S000012757,Vanguard Mid-Cap Value Index Fund,Q4QUKKUM8YYJ562GIO45,US9229085124,SEC-NPORT,BBG000Q1ZR82,BBG001SRN7W1,VOE,C000034430,ETF Shares,figi-ticker-join
S000012760,Vanguard Target Retirement 2030 Fund,WAMQ6MKVLP4GX1OJS418,GB00BZ6VJD72,GLEIF,BBG00CM7XFQ5,BBG00CM7XFR4,VAR30GA,C000034439,Investor Shares,unique-pairing
S000012761,Vanguard Target Retirement 2040 Fund,SR4MBA5TKXX2H6WDUH78,GB00BZ6VK781,GLEIF,BBG00CM7Y6P5,BBG00CM7Y6Q4,VAR40GA,C000034440,Investor Shares,unique-pairing
S000012762,Vanguard Target Retirement 2050 Fund,DOYXJE71NP7J4HHYUX53,GB00BZ6VKT06,GLEIF,BBG00CMD25V2,BBG00CMD25T5,VAR50GA,C000034441,Investor Shares,unique-pairing
S000012844,PIMCO High Yield Municipal Bond Fund,4LIV36RE2YOPJ7ZZHU91,US72201F6723,SEC-NPORT,BBG000NZT255,BBG001SQT9Q0,PHMIX,C000034730,Institutional,figi-ticker-join
S000012859,Thornburg Global Opportunities Fund,54930073SXOZ30XCR422,US8852151294,GLEIF,BBG000VB7547,BBG001T1Z5Y6,THOFX,C000058464,Thornburg Global Opportunities Fund - Class R5,figi-ticker-join
S000012859,Thornburg Global Opportunities Fund,54930073SXOZ30XCR422,US8852151377,GLEIF,BBG000VB74W9,BBG001T1Z5X7,THOVX,C000058463,Thornburg Global Opportunities Fund - Class R4,figi-ticker-join
S000012859,Thornburg Global Opportunities Fund,54930073SXOZ30XCR422,US8852151450,GLEIF,BBG000VB74N9,BBG001T1Z5W8,THORX,C000058462,Thornburg Global Opportunities Fund - Class R3,figi-ticker-join
S000012895,Growth Fund,5493002BRBIU3NVKKE62,US9032881081,GLEIF,BBG000BCK221,BBG001S66JC2,USAAX,C000034864,Growth Fund Shares,figi-ticker-join
S000012897,Growth and Tax Strategy Fund,54930086DOE05D3CVR93,US9032874078,GLEIF,BBG000BCHK16,BBG001S66CG3,USBLX,C000034866,Growth and Tax Strategy Fund,unique-pairing
S000012899,Income Fund,549300L6H18DOSG0F641,US90291A1060,GLEIF,BBG00FH3KG94,BBG00FH3KGB1,URIFX,,,unresolved
S000012903,International Fund,549300U2K802QJ0KDM43,US9032873088,GLEIF,BBG000BCK4T8,BBG001S66JN0,USIFX,C000034872,International Fund Shares,figi-ticker-join
S000012910,Precious Metals and Minerals Fund,54930094RTT4KG3I2H50,US9032871009,GLEIF,BBG000BCK2R4,BBG001S66JD1,USAGX,C000034879,Precious Metals and Minerals Fund Shares,figi-ticker-join
S000012926,Cornerstone Moderately Aggressive Fund,549300RN6ZYPTMPMQJ29,US9032872098,GLEIF,BBG000BCK454,BBG001S66JK3,USCRX,C000034896,Cornerstone Moderately Aggressive Fund,unique-pairing
S000012929,Government Securities Fund,549300M4WZNU0BPCZE64,US9032875067,GLEIF,BBG000BFV8N6,BBG001S6SR49,USGNX,C000034899,Government Securities Fund Shares,figi-ticker-join
S000012960,Emerging Markets Social Core Equity Portfolio,549300FJQY5TSIXJD844,US2332033636,SEC-NPORT,BBG000Q2ZY49,BBG001SRPJY1,DFESX,,,unresolved
S000013232,PIMCO Long Duration Total Return Fund,6H88Q2DZCBEGOMBEBB05,US72201F6236,SEC-NPORT,BBG000DT5HC5,BBG001SN5WS0,PLRIX,C000035567,Institutional,figi-ticker-join
S000013233,PIMCO Extended Duration Fund,DEDTN79GLWZ1KEDURI73,US72201F5998,SEC-NPORT,BBG000DT5DG0,BBG001SN5WN5,PEDIX,C000035569,Institutional,figi-ticker-join
S000013249,AXA/Franklin Small Cap Value Managed Volatility Portfolio,549300DMLH8VE1PS0Q40,US26883L7534,SEC-NPORT,BBG00ZTLXHY3,BBG00ZXBJT70,EQVMVUS,,,unresolved
S000013345,DFA Inflation-Protected Securities Portfolio,549300TG645KDIW1X492,US2332033552,SEC-NPORT,BBG000JDPKM4,BBG001SPG245,DIPSX,,,unresolved
S000013369,"T. Rowe Price Limited Duration Inflation Focused Bond Fund, Inc.",FLEHC3SRPQOO4TMXE569,US8727981032,GLEIF,BBG00B3TZHD8,BBG00B3TZHC9,TRBFX,C000036131,"T. Rowe Price Limited Duration Inflation Focused Bond Fund, Inc.",figi-ticker-join
S000013369,"T. Rowe Price Limited Duration Inflation Focused Bond Fund, Inc.",FLEHC3SRPQOO4TMXE569,US8727982022,GLEIF,BBG00B3TZK14,BBG00B3TZK23,TRLDX,C000161061,T. Rowe Price Limited Duration Inflation Focused Bond Fund-I Class,figi-ticker-join
S000013369,"T. Rowe Price Limited Duration Inflation Focused Bond Fund, Inc.",FLEHC3SRPQOO4TMXE569,US8727983012,GLEIF,BBG00TFXF6F1,BBG00TFXF6G0,TRPZX,,,unresolved
S000013499,iShares U.S. Preferred Stock ETF,549300YX74JNY54XCY80,US4642886877,SEC-NPORT,BBG000G7K7Q0,BBG001SNVWC8,PFF,C000036528,iShares U.S. Preferred Stock ETF,figi-ticker-join
S000013508,Calvert Ultra-Short Income Fund,549300IXKXR5NQT6M528,US1315823146,SEC-NPORT,BBG00HVYVP85,BBG00HVYVP94,CULRX,,,unresolved
S000013585,Short-Term Bond Fund of America,P0F9XIISTZ8DB31ZU527,US82524A8137,SEC-NPORT,BBG000RR68M2,BBG001SV40J3,RMMGX,C000077916,Class R-6,figi-ticker-join
S000013649,Retirement Living through 2010 Portfolio,549300EMRGETS90ONA32,US47805T7651,SEC-NPORT,,,,,,unresolved
S000013694,iShares Short Treasury Bond ETF,549300F8ZJ4IZLOOBP30,US4642886794,SEC-NPORT,BBG000QN04L8,BBG001SSD803,SHV,C000037536,iShares Short Treasury Bond ETF,figi-ticker-join
S000013695,iShares 3-7 Year Treasury Bond ETF,549300BUGBHWMFPSNL42,US4642886612,SEC-NPORT,BBG000QN0RR1,BBG001SSD812,IEI,C000037537,iShares 3-7 Year Treasury Bond ETF,figi-ticker-join
S000013696,iShares 10-20 Year Treasury Bond ETF,549300MH5J7BUV0VS287,US4642886539,SEC-NPORT,BBG000QN16D1,BBG001SSD830,TLH,C000037538,iShares 10-20 Year Treasury Bond ETF,figi-ticker-join
S000013697,iShares 1-3 Year Credit Bond ETF,549300T14S5IX7V5T008,US4642886463,SEC-NPORT,BBG000QN2BW8,BBG001SSD858,IGSB,,,unresolved
S000013698,iShares Intermediate Credit Bond ETF,549300ZJOCMXQZ0RKQ84,US4642886380,SEC-NPORT,BBG000QN1YR5,BBG001SSD849,IGIB,,,unresolved
S000013699,iShares Core U.S. Credit Bond ETF,5493004QFMCNV0WLX398,US4642886208,SEC-NPORT,BBG000QN2QQ2,BBG001SSD876,USIG,,,unresolved
S000013700,iShares Intermediate Government/Credit Bond ETF,549300USOBX01WS0GK74,US4642886125,SEC-NPORT,BBG000QN3319,BBG001SSD885,GVI,C000037542,iShares Intermediate Government/Credit Bond ETF,figi-ticker-join
S000013702,iShares MBS ETF,549300M0TH0IE2E6RP07,US4642885887,SEC-NPORT,BBG000QN3H90,BBG001SSD8B1,MBB,C000037544,iShares MBS ETF,figi-ticker-join
S000013796,Global Bond Fund,76DXPVU3WVUTJZFYDE42,US0303725776,SEC-NPORT,BBG000JYS307,BBG001T3T711,VAGLB1V,,,unresolved
S000013817,First Trust Value Line Dividend Index Fund,549300P5LD08LT4J5846,US33734H1068,SEC-NPORT,BBG000PX7V21,BBG001SLWD88,FVD,C000037913,First Trust Value Line Dividend Index Fund,figi-ticker-join
S000013931,iShares MSCI KLD 400 Social ETF,549300F924TT3OXSR002,US4642885705,SEC-NPORT,BBG000Q9BW99,BBG001SRYH02,DSI,C000038163,iShares MSCI KLD 400 Social ETF,figi-ticker-join
S000014011,Vanguard High Dividend Yield Index Fund,TR5F4U3Y3DQVBW8TQD97,US9219464065,SEC-NPORT,BBG000QBYWJ8,BBG001SS0V24,VYM,C000038295,ETF Shares,figi-ticker-join
S000014038,SPDR(R) S&P(R) World ex-US ETF,549300NVXJXJCDK35U34,US78463X8891,SEC-NPORT,BBG000Q8SV13,BBG001SRXRJ1,SPDW,,,unresolved
S000014039,SPDR(R) S&P(R) International Small Cap ETF,5493002VC63NJO18II02,US78463X8719,SEC-NPORT,BBG000Q8T4C0,BBG001SRXRK9,GWX,C000038338,SPDR(R) S&P(R) International Small Cap ETF,figi-ticker-join
S000014040,SPDR(R) Dow Jones International Real Estate ETF,549300L6MO7H2RBO8F96,US78463X8636,SEC-NPORT,BBG000Q8TD76,BBG001SRXRL8,RWX,C000038339,SPDR(R) Dow Jones International Real Estate ETF,figi-ticker-join
S000014041,SPDR(R) S&P GLOBAL INFRASTRUCTURE ETF,5493001CZU6BWAPKPM88,US78463X8552,SEC-NPORT,BBG000Q8TM21,BBG001SRXRM7,GII,C000038340,SPDR(R) S&P GLOBAL INFRASTRUCTURE ETF,figi-ticker-join
S000014046,SPDR(R) S&P(R) EMERGING ASIA PACIFIC ETF,549300EIUBUJ3UVV3B27,US78463X3017,SEC-NPORT,BBG000Q8QY82,BBG001SRXRB9,GMF,C000038345,SPDR(R) S&P(R) EMERGING ASIA PACIFIC ETF,figi-ticker-join
S000014047,SPDR(R) S&P(R) CHINA ETF,549300B1I89QUAK0X692,US78463X4007,SEC-NPORT,BBG000Q8R7Y1,BBG001SRXRC8,GXC,C000038346,SPDR(R) S&P(R) CHINA ETF,figi-ticker-join
S000014048,SPDR(R) S&P(R) EMERGING MARKETS ETF,5493005Z5SCOTBZOLJ04,US78463X5095,SEC-NPORT,BBG000Q8RM32,BBG001SRXRD7,SPEM,,,unresolved
S000014232,California Municipal Fund,549300TB8YHKFT7I8G29,US1304841083,GLEIF,,,,,,unresolved
S000014252,ProShares Ultra Financials,LYB0BLOHQZOQ1IGGW139,US74347X6334,SEC-NPORT,BBG000QXF181,BBG001SSTCK5,UYG,C000038811,ProShares Ultra Financials,figi-ticker-join
S000014255,ProShares Ultra Oil & Gas,TDJO5587152SHBGDDZ44,US74347G7051,SEC-NPORT,BBG000QXFNY4,BBG001SSTCM3,DIG,C000038814,ProShares Ultra Oil & Gas,figi-ticker-join
S000014260,ProShares Ultra Technology,92R00YYQVXPWTZPPGX58,US74347R6936,SEC-NPORT,BBG000QXKPR1,BBG001SSTD78,ROM,C000038819,ProShares Ultra Technology,figi-ticker-join
S000014304,ProShares UltraShort Oil & Gas,FQG71REHBHQSGRANGU57,US74347G1765,SEC-NPORT,BBG000QXHGG7,BBG001SSTCZ9,DUG,C000038863,ProShares UltraShort Oil & Gas,figi-ticker-join
S000014313,ProShares Ultra Basic Materials,57BSEOSJBOOM11VOKX24,US74347R7769,SEC-NPORT,BBG000QXDC07,BBG001SSTCF1,UYM,C000038872,ProShares Ultra Basic Materials,figi-ticker-join
S000014384,CORE PLUS FUND,8LFDEWNICHSXV3I4I007,US0249324932,SEC-NPORT,BBG000M2X0F7,BBG001SQ7966,ACCNX,C000039168,INVESTOR CLASS,figi-ticker-join
S000014385,SHORT DURATION FUND,3VTVXMH1JRM312VF5K71,US0249324361,SEC-NPORT,BBG000M7VQN2,BBG001SQ8PT4,ACSNX,C000039177,INVESTOR CLASS,figi-ticker-join
S000014410,PIMCO StocksPLUS International Fund (Unhedged),549300788EIV7LQVH379,US72201F5733,SEC-NPORT,BBG000NBN986,BBG001SQKQR0,PSKIX,C000039229,Institutional,figi-ticker-join
S000014515,JNL/FRANKLIN TEMPLETON MUTUAL SHARES FUND,3W1CUOCCKCSQK3VR0Q06,US46648M3759,GLEIF,,,,,,unresolved
S000014515,JNL/FRANKLIN TEMPLETON MUTUAL SHARES FUND,3W1CUOCCKCSQK3VR0Q06,US46648M3833,GLEIF,,,,,,unresolved
S000014517,JNL DISCIPLINED MODERATE FUND,549300ZFRW5TRM5UZV33,US46648L5672,GLEIF,,,,,,unresolved
S000014517,JNL DISCIPLINED MODERATE FUND,549300ZFRW5TRM5UZV33,US46648L5755,GLEIF,,,,,,unresolved
S000014518,JNL DISCIPLINED MODERATE GROWTH FUND,549300IOZWOEHPLNZ080,US46648L5425,GLEIF,,,,,,unresolved
S000014518,JNL DISCIPLINED MODERATE GROWTH FUND,549300IOZWOEHPLNZ080,US46648L5599,GLEIF,,,,,,unresolved
S000014519,JNL DISCIPLINED GROWTH FUND,5493008TLB1Y7THT9472,US46648L5839,GLEIF,,,,,,unresolved
S000014519,JNL DISCIPLINED GROWTH FUND,5493008TLB1Y7THT9472,US46648L5912,GLEIF,,,,,,unresolved
S000014548,DFA International Real Estate Securities Portfolio,549300CPCX0MJ9G37864,US2332033487,SEC-NPORT,BBG000RC3ZK0,BBG001STF0N1,DFITX,,,unresolved
S000014994,PIMCO Emerging Local Bond Fund,3KMZTL8PZ5381E27RD29,US72201F5162,SEC-NPORT,BBG000PX3906,BBG001SRJ4S8,PELBX,C000040832,Institutional,figi-ticker-join
S000014995,T. Rowe Price Overseas Stock Fund,O80MRID2HJVYBDLHU105,US87281D8359,SEC-NPORT,BBG00TFXF5T8,BBG00TFXF5V5,TRZSX,,,unresolved
S000015105,BBH International Equity Fund,5493003KO8Z8GKWQYO55,KYG0897W1087,GLEIF,,,,,,unresolved
S000015105,BBH International Equity Fund,5493003KO8Z8GKWQYO55,KYG089801073,GLEIF,,,,,,unresolved
S000015261,Powershares FTSE RAFI Developed Markets ex-U.S. Portfolio,5493006YNLEYEQTQPJ82,US46138E7435,SEC-NPORT,BBG000QJY458,BBG001SS8729,PXF,C000041881,Powershares FTSE RAFI Developed Markets ex-U.S. Portfolio,figi-ticker-join
S000015263,Powershares FTSE RAFI Emerging Markets Portfolio,5493003H1JIGI1UCJV78,US46138E7278,SEC-NPORT,BBG000QSJX15,BBG001SSJYS0,PXH,C000041883,Powershares FTSE RAFI Emerging Markets Portfolio,figi-ticker-join
S000015479,WisdomTree LargeCap Value Fund,549300CRR31IYZFB5D71,US97717W5470,SEC-NPORT,BBG000R1SHP2,BBG001SSZBN7,WTV,,,unresolved
S000015483,WisdomTree Emerging Markets High Dividend Fund,549300WHKBOTZX5KL565,US97717W3152,SEC-NPORT,BBG000RPWS52,BBG001SV1SY8,DEM,C000042129,N/A,figi-ticker-join
S000015505,WisdomTree Earnings 500 Fund,5493002XI0SKP3NC3U30,US97717W5884,SEC-NPORT,BBG000R1PCX7,BBG001SSZB57,EPS,C000042151,N/A,figi-ticker-join
S000015506,WisdomTree MidCap Earnings Fund,549300134Q3TJA4Z0M88,US97717W5702,SEC-NPORT,BBG000R1PNP2,BBG001SSZB66,EZM,C000042152,N/A,figi-ticker-join
S000015507,WisdomTree SmallCap Earnings Fund,549300TLCCFNMHQRJR72,US97717W5629,SEC-NPORT,BBG000R1R061,BBG001SSZBC9,EES,C000042153,N/A,figi-ticker-join
S000015554,Russell Global Equity Fund,VTHOU527SFHXM6LQY641,US7824944471,SEC-NPORT,BBG000QD1CD0,BBG001SS25T0,RLGYX,C000066919,Class Y,figi-ticker-join
S000015623,iShares Residential Real Estate Capped ETF,5493004WBOUA72JP1U19,US4642885622,SEC-NPORT,BBG000R72RT1,BBG001ST7G73,REZ,C000042584,iShares Residential Real Estate Capped ETF,figi-ticker-join
S000015626,iShares Mortgage Real Estate Capped ETF,549300WLIJWYXGL2J018,US46435G3424,SEC-NPORT,BBG000R73NK8,BBG001ST7GB8,REM,C000042587,iShares Mortgage Real Estate Capped ETF,figi-ticker-join
S000015627,iShares Real Estate 50 ETF,5493007O5MQ5SB3U7346,US4642885218,SEC-NPORT,BBG000R72F62,BBG001ST7G55,USRT,,,unresolved
S000015698,JPMorgan Income Builder Fund,64EDD3UF2MK5YCUN2U63,US48127B1109,GLEIF,,,,,,unresolved
S000015698,JPMorgan Income Builder Fund,64EDD3UF2MK5YCUN2U63,US48129C4050,GLEIF,BBG00J2DRYN8,BBG00J2DRYP6,JNBZX,,,unresolved
S000015703,Wells Fargo Emerging Growth Fund,549300RJFXIJ2I3KE059,US94988V4234,SEC-NPORT,BBG00LJT4HJ7,BBG00LJT4HK5,WEGRX,,,unresolved
S000015758,Pax High Yield Bond Fund,549300XS1BN61UNERX35,US7042238094,SEC-NPORT,BBG000DXDG20,BBG001SKC6D1,PXHIX,C000043227,Institutional Class,figi-ticker-join
S000015763,PAX ESG Beta Quality Fund,5493001FQOFD3O7VGQ38,US7042235025,SEC-NPORT,BBG000KHNLW2,BBG001ST3269,PWGIX,C000043242,Institutional Class,figi-ticker-join
S000015783,LVIP SSGA S&P 500 Index Fund,HZ6M8PNJZPCVFNAKW534,US4749038539,SEC-NPORT,BBG000JN91S6,BBG001T3PYM3,VLSP5SV,,,unresolved
S000015785,LVIP Baron Growth Opportunities Fund,F7QKW1QGK0Z0FAQB4H59,US5348983090,SEC-NPORT,BBG000JN5KC5,BBG001T3PX18,VLBGOSV,,,unresolved
S000015823,AllianzGI Income & Growth Fund,549300BI4Z61WQ2E4I32,US92837N5279,GLEIF,,,,,,unresolved
S000015823,AllianzGI Income & Growth Fund,549300BI4Z61WQ2E4I32,US92837N5352,GLEIF,BBG000CRHX05,BBG001SM51K8,AZNIX,C000043491,Institutional Class,figi-ticker-join
S000015823,AllianzGI Income & Growth Fund,549300BI4Z61WQ2E4I32,US92837N5501,GLEIF,,,,,,unresolved
S000015823,AllianzGI Income & Growth Fund,549300BI4Z61WQ2E4I32,US92837N5766,GLEIF,BBG000CRGSW2,BBG001SM51G3,AZNCX,C000043489,Class C,figi-ticker-join
S000015823,AllianzGI Income & Growth Fund,549300BI4Z61WQ2E4I32,US92837N5840,GLEIF,BBG000CRGR36,BBG001SM51D6,AZNAX,C000043488,Class A,figi-ticker-join
S000015871,Vanguard FTSE All-World ex-US Index Fund,DHT9U5XH2TTB8CZQX861,US9219377366,SEC-NPORT,BBG002458YT5,BBG002458YV2,VFWAX,C000105302,Admiral Shares,figi-ticker-join
S000015871,Vanguard FTSE All-World ex-US Index Fund,DHT9U5XH2TTB8CZQX861,US9220427754,SEC-NPORT,BBG000HMNZV5,BBG001SP7T00,VEU,C000043572,ETF Shares,figi-ticker-join
S000015873,SA Emerging Markets Value Fund,549300EM8RMWQRX5EP09,US78386T7752,SEC-NPORT,BBG000C2RLZ7,BBG001SL0MD7,SAEMX,,,unresolved
S000015874,SA Real Estate Securities Fund,549300YJOQJY8XYZKU26,US78386T7836,SEC-NPORT,BBG000C2RTF2,BBG001SL0QL9,SAREX,,,unresolved
S000015875,SA U.S. Fixed Income Fund,549300OKQJ6SSMZM0E72,US78386T7919,SEC-NPORT,BBG000C2S3F8,BBG001SL0T15,SAUFX,,,unresolved
S000015878,Schwab Global Real Estate Fund,54930056NJ1FRH4T9924,US8085177595,SEC-NPORT,BBG000QJMY19,BBG001SS7XN0,SWASX,C000043612,Schwab Global Real Estate Fund,figi-ticker-join
S000015970,LVIP MFS International Growth Fund,9LBFO02LQR4KRKTDGJ66,US4749032003,SEC-NPORT,BBG000JN8VW6,BBG001T3PY98,VLMIGSV,,,unresolved
S000015971,LVIP MFS Value Fund,I8PWKL6YNV2I0SRW8B56,US4749034082,SEC-NPORT,BBG000JN8X43,BBG001T3PYC4,VLMFVSV,,,unresolved
S000015973,LVIP Wellington Mid-Cap Value Fund,YK0OPVBPOSKDLICQZ378,US4749038380,SEC-NPORT,BBG000JN8Y96,BBG001T3PYF1,VLMCVSV,,,unresolved
S000015974,LVIP SSGA Small-Cap Index Fund,XOQF2PFRA3OF885Z6D59,US4749031013,SEC-NPORT,BBG000JN92T3,BBG001T3PYP0,VLSCISV,,,unresolved
S000015975,LVIP T. Rowe Price Growth Stock Fund,WRNAMU05RIX3QWP8GY77,US4749035071,SEC-NPORT,BBG000JN93R3,BBG001T3PYR8,VLTGSSV,,,unresolved
S000016241,ClearBridge Tactical Dividend Income Fund,549300RZNIVSD1X0ND90,US52471R7474,SEC-NPORT,BBG004HXHB89,BBG004HXHB98,LCBDX,C000127029,Class IS,figi-ticker-join
S000016249,Western Asset Short Duration Municipal Income Fund,549300TYCEXVVJWI4402,US52468A5746,GLEIF,BBG00XMLQN34,BBG00XMLQN43,CIABX,,,unresolved
S000016548,PIMCO Income Fund,XSQUIHC65X62JACTUZ45,US72201F4900,SEC-NPORT,BBG000R36W24,BBG001ST1P42,PIMIX,,,unresolved
S000016629,Western Asset Massachusetts Municipals Fund,5493009F6R6TIROF0431,US52469K1007,GLEIF,BBG000BCVQ62,BBG001S6B6M3,SLMMX,C000046431,Class A,figi-ticker-join
S000016644,Western Asset California Municipals Fund,549300VXOBFLWFTR6436,US52468T1025,GLEIF,BBG000BCHRD8,BBG001S66D53,SHRCX,C000046489,Class A,figi-ticker-join
S000016761,LVIP Clarion Global Real Estate Fund,ZJO68HZDT4S4CT0MS688,US5348981011,SEC-NPORT,BBG000JN7D39,BBG001T3PXQ1,VLCSGSV,,,unresolved
S000016766,Schwab Fundamental US Large Company Index Fund,5493000DZZS8PWI2NO50,US8085094428,SEC-NPORT,BBG000R36XL1,BBG001ST1PB4,SFLNX,C000046821,Institutional Shares,figi-ticker-join
S000016767,Schwab Fundamental US Small Company Index Fund,549300J7I6UZGD9CDR61,US8085094188,SEC-NPORT,BBG000R36YR3,BBG001ST1PD2,SFSNX,C000046824,Institutional Shares,figi-ticker-join
S000016768,Schwab Fundamental International Large Company Index Fund,549300LG0X7BXJAT9753,US8085093768,SEC-NPORT,BBG000R36WW1,BBG001ST1P79,SFNNX,C000046827,Institutional Shares,figi-ticker-join
S000016772,iShares iBoxx $ High Yield Corporate Bond ETF,549300FCCXHK7O37PQ68,US4642885135,SEC-NPORT,BBG000R2T3H9,BBG001ST0ZQ7,HYG,C000046846,iShares iBoxx $ High Yield Corporate Bond ETF,figi-ticker-join
S000016885,VanEck Vectors Russia ETF,549300FPRVRCCMKQFC88,US92189F4037,SEC-NPORT,BBG00JVF42Z3,BBG001ST8DV2,RSX1USD,,,unresolved
S000017013,ClearBridge Variable Appreciation Portfolio,549300JPS8VIXKYYNE50,US52467W8828,SEC-NPORT,,,,,,unresolved
S000017163,First Trust S&P REIT Index Fund,549300DIER127UHA3873,US33734G1085,GLEIF,BBG000R6DCB3,BBG001ST68Z1,FRI,C000047557,First Trust S&P REIT Index Fund,unique-pairing
S000017170,Calvert International Opportunities Fund,549300125QOYCBC7IB51,US1316497585,SEC-NPORT,BBG00N7YF5Y2,BBG00N7YF5Z1,COIRX,,,unresolved
S000017177,First Trust ISE-Revere Natural Gas Index Fund,549300SVX60NSSWYLS19,US33733E8075,SEC-NPORT,BBG000QJPZH6,BBG001SS80F0,FCG,C000047627,First Trust ISE-Revere Natural Gas Index Fund,figi-ticker-join
S000017178,First Trust ISE Water Index Fund,549300LST8NILRG2KK70,US33733B1008,GLEIF,BBG000QJSZL8,BBG001SS8248,FIW,C000047628,First Trust ISE Water Index Fund,unique-pairing
S000017326,SPDR(R) Barclays 1-3 Month T-Bill ETF,549300GQCVCME1YJ6B50,US78468R6633,SEC-NPORT,BBG000RFQSH8,BBG001STKCW9,BIL,C000047963,SPDR(R) Barclays 1-3 Month T-Bill ETF,figi-ticker-join
S000017328,SPDR(R) Barclays Intermediate Term Treasury ETF,54930015OAED5PVKCK44,US78464A6727,SEC-NPORT,BBG000RFR2N7,BBG001STKCX8,SPTI,,,unresolved
S000017329,SPDR(R) Barclays Long Term Treasury ETF,549300GYQKAMF6JUVI06,US78464A6644,SEC-NPORT,BBG000RFRG83,BBG001STKCY7,SPTL,,,unresolved
S000017330,SPDR(R) Barclays TIPS ETF,5493005MJ79DAO7AOD07,US78464A6560,SEC-NPORT,BBG000RFRRV3,BBG001STKCZ6,SPIP,,,unresolved
S000017334,SPDR(R) Barclays Aggregate Bond ETF,549300E2D1JKWI3P9D54,US78464A6495,SEC-NPORT,BBG000RFSB92,BBG001STKD11,SPAB,,,unresolved
S000017337,First Trust Large Cap Core AlphaDEX Fund,549300CHVBC9WSFOEV84,US33734K1097,SEC-NPORT,BBG000R6D2Y0,BBG001ST68X3,FEX,C000047995,First Trust Large Cap Core AlphaDEX Fund,figi-ticker-join
S000017338,First Trust Mid Cap Core AlphaDEX Fund,549300UMAZSND6P4WH64,US33735B1089,GLEIF,BBG000R6F9Q2,BBG001ST6943,FNX,C000047996,First Trust Mid Cap Core AlphaDEX Fund,unique-pairing
S000017341,First Trust Large Cap Growth AlphaDEX Fund,549300VT0JCDY0GNZJ32,US33735K1088,SEC-NPORT,BBG000R6FR55,BBG001ST6961,FTC,C000047999,First Trust Large Cap Growth AlphaDEX Fund,figi-ticker-join
S000017367,"Gabelli ESG Fund, Inc.",54930071DONP8PQLI882,US3624011017,GLEIF,BBG000QYQLM7,BBG001SSVDK0,SRIGX,C000048071,Class AAA,figi-ticker-join
S000017367,"Gabelli ESG Fund, Inc.",54930071DONP8PQLI882,US3624012007,GLEIF,BBG000QYMYY0,BBG001SSVCV0,SRIAX,C000048072,Class A,figi-ticker-join
S000017367,"Gabelli ESG Fund, Inc.",54930071DONP8PQLI882,US3624013096,GLEIF,BBG000QYQKW8,BBG001SSVDJ2,SRICX,C000048073,Class C,figi-ticker-join
S000017367,"Gabelli ESG Fund, Inc.",54930071DONP8PQLI882,US3624014086,GLEIF,BBG000QYT2Q2,BBG001SSVF07,SRIDX,C000048074,Class I,figi-ticker-join
S000017367,"Gabelli ESG Fund, Inc.",54930071DONP8PQLI882,US3624015075,GLEIF,,,,,,unresolved
S000017674,Fidelity Intermediate Bond Fund,VW34W3RS5HO0SXCVMN92,US3159121058,GLEIF,BBG000BBX9R7,BBG001S64HT0,FTHRX,C000048836,Fidelity Intermediate Bond Fund,unique-pairing
S000017683,Fidelity Advisor Floating Rate High Income Fund,06FDJUS8WLNCESCVCG06,US3158067039,SEC-NPORT,BBG00MH63JH6,BBG00MH63JJ4,FIQSX,,,unresolved
S000017684,Fidelity Advisor High Income Advantage Fund,EFPYCOBHJL5FFG1PYD40,US3158068029,SEC-NPORT,BBG00MH63149,BBG00MH63158,FIQTX,,,unresolved
S000017698,First Trust Energy AlphaDEX Fund,549300FP3GJL1GH4RT40,US33734X1274,SEC-NPORT,BBG000R6GG30,BBG001ST6998,FXN,C000048898,First Trust Energy AlphaDEX Fund,figi-ticker-join
S000017700,First Trust Health Care AlphaDEX Fund,5493009VIGFPXQC5HK94,US33734X1431,SEC-NPORT,BBG000R6BWD9,BBG001ST68R0,FXH,C000048900,First Trust Health Care AlphaDEX Fund,figi-ticker-join
S000017777,iShares International Select Dividend ETF,549300N6YD8GRWDMTI21,US4642884484,SEC-NPORT,BBG000BD5WF6,BBG001S7Y5C9,IDV*,,,unresolved
S000017793,Enterprise Mergers and Acquisitions Fund,549300KPY4X7FDNBER92,US3624021099,GLEIF,BBG000TVFP34,BBG001T6ZH97,EAAAX,C000085566,Class AAA,figi-ticker-join
S000017840,Plumb Balanced Fund,549300FTEFCWE3F4GE42,US9765861078,GLEIF,BBG000Q5SBN9,BBG001SRSLP3,PLBBX,C000049545,Plumb Balanced Fund,unique-pairing
S000017841,Plumb Equity Fund,549300JYX7V5946CIV82,US9765862068,GLEIF,BBG000Q5SCG5,BBG001SRSLT9,PLBEX,C000049546,Plumb Equity Fund,unique-pairing
S000017966,Eaton Vance Global Macro Absolute Return Fund,549300ME57K8CSQBY128,US2779237286,SEC-NPORT,BBG000RSK1F7,BBG001SV6SJ0,EIGMX,C000049803,Eaton Vance Global Macro Absolute Return Fund Class I,figi-ticker-join
S000017968,Eaton Vance Emerging Markets Local Income Fund,549300TX6IW7FQVQNZ22,US2779234473,SEC-NPORT,BBG000PYX9B9,BBG001T64XB3,EEIIX,C000084543,Eaton Vance Emerging Markets Local Income Fund Class I Shares,figi-ticker-join
S000018067,JPMorgan SmartRetirement 2045 Fund,5493001FFFGGJXMIFC77,US4812A41047,GLEIF,BBG000RT9K20,BBG001SV8642,JSAAX,C000050059,Class A,figi-ticker-join
S000018067,JPMorgan SmartRetirement 2045 Fund,5493001FFFGGJXMIFC77,US4812A41120,GLEIF,BBG000VPWNQ5,BBG001T3WT28,JSAZX,C000070635,Class R2,figi-ticker-join
S000018068,JPMorgan SmartRetirement 2050 Fund,549300S4F9ZOVKLFHG93,US48121A1007,GLEIF,BBG000VPWV87,BBG001T3WY27,JTSZX,C000070636,Class R2,figi-ticker-join
S000018070,iShares MSCI Chile Capped ETF,5493008SR8ZGY2IJU464,US4642866408,SEC-NPORT,BBG000TVZM75,BBG001T0LL05,ECH,C000050066,iShares MSCI Chile Capped ETF,figi-ticker-join
S000018072,iShares MSCI Thailand Capped ETF,54930063LOS2SG1Q8O13,US4642866242,SEC-NPORT,BBG000V36RY5,BBG001T13KY8,THD*,,,unresolved
S000018073,iShares MSCI Turkey ETF,549300Z5Q7R3VX4WT628,US4642867158,SEC-NPORT,BBG000RM06K5,BBG001STW0V3,TUR*,,,unresolved
S000018154,U.S. Social Core Equity 2 Portfolio,5493000O2UT3VQL92M59,US2332032984,SEC-NPORT,BBG000TYH950,BBG001T0S6Y4,DFUEX,,,unresolved
S000018229,Large Cap Blend Portfolio,549300J8IDGQV6XROU84,US6681402052,SEC-NPORT,,,,,,unresolved
S000018232,Emerging Markets Equity Portfolio,549300B2SFS01R9MCJ10,US6681405022,SEC-NPORT,,,,,,unresolved
S000018233,Short-Term Bond Portfolio,BEEDB5U9NNUVQYFFEL15,US6681406012,SEC-NPORT,,,,,,unresolved
S000018235,Multi-Sector Bond Portfolio,P0C14V6IL3O47L1ZG636,US6681408828,SEC-NPORT,,,,,,unresolved
S000018298,Goldman Sachs International Tax-Managed Equity Fund,3EPW4EQLX6NR7L382R49,US38150C6066,SEC-NPORT,BBG00KFNF8N9,BBG00KFNF8P7,GHTRX,,,unresolved
S000018299,Goldman Sachs International Equity Dividend and Premium Fund,TLB6XFYHFX2PZDM7GX97,US38150C5076,SEC-NPORT,BBG00KFNF8H6,BBG00KFNF8J4,GIDUX,,,unresolved
S000018300,Goldman Sachs International Small Cap Insights Fund,549300VMLASEOM8ZWE07,US38147X2348,SEC-NPORT,BBG009QLYP48,BBG009QLYP57,GICUX,C000161506,Class R6 Shares,figi-ticker-join
S000018301,Goldman Sachs Emerging Markets Equity Insights Fund,549300UHNMO4HOGWYU58,US38144N5692,SEC-NPORT,BBG000TGZCH9,BBG001T056B4,GERIX,C000050452,Institutional,figi-ticker-join
S000018301,Goldman Sachs Emerging Markets Equity Insights Fund,549300UHNMO4HOGWYU58,US38147X2595,SEC-NPORT,BBG009Q3TKX3,BBG009Q3TKY2,GERUX,C000161507,Class R6 Shares,figi-ticker-join
S000018474,VanEck Vectors Agribusiness ETF,549300PY1GVOA1FO5J32,US92189F7006,SEC-NPORT,BBG000KJ4073,BBG001SPSH76,MOO,C000051120,VanEck Vectors Agribusiness ETF,figi-ticker-join
S000018475,VanEck Vectors Uranium+Nuclear Energy ETF,549300D8E1PL8HGYOO89,US92189F6016,SEC-NPORT,BBG000KJ6RN4,BBG001SPSHC0,NLR,C000051121,VanEck Vectors Uranium+Nuclear Energy ETF,figi-ticker-join
S000018499,BlackRock Event Driven Equity Fund,549300CIW77EWO3D6C98,US09250J7349,SEC-NPORT,BBG000V15BC9,BBG001T0XKN9,BILPX,,,unresolved
S000018567,Goldman Sachs Inflation Protected Securities Fund,4OEORIROX7OTX3PIXA40,US38147X5804,SEC-NPORT,BBG009Q3VJ27,BBG009Q3VJ36,GSRUX,C000161294,Class R6 Shares,figi-ticker-join
S000018588,PIMCO StocksPLUS Long Duration Fund,QUL769QTM8LGBLCNMX95,US72201F4900,SEC-NPORT,BBG000R36W24,BBG001ST1P42,PIMIX,,,unresolved
S000018677,UBS Select Treasury Preferred Fund,549300DXQ8KM8WHPPG39,US90262Y8773,SEC-NPORT,BBG000RL0976,BBG001STTCL2,STPXX,C000051800,UBS Select Treasury Preferred Fund,figi-ticker-join
S000018724,ProShares UltraShort Nasdaq Biotechnology,PTULAHCC8IQGXP6RZP70,US74347G8380,SEC-NPORT,BBG008LP3D29,BBG001T7V4S7,PS6G,,,unresolved
S000018733,ProShares UltraShort 20+ Year Treasury,PQTQB8I6TMT6W5YFAJ57,US74347B2016,SEC-NPORT,BBG000BZK747,BBG001STFTT2,J40T,,,unresolved
S000018747,T. Rowe Price Africa & Middle East Fund,Q0BDHQYSLARY8T9Q5425,US87281D7856,SEC-NPORT,BBG00Z5LRD93,BBG00Z5LRDB0,TRZMX,,,unresolved
S000018782,SPDR(R) Barclays International Treasury Bond ETF,549300XTV2KNHC0UDP69,US78464A5166,SEC-NPORT,BBG000TH5D97,BBG001T05M47,BWX,C000051964,SPDR(R) Barclays International Treasury Bond ETF,figi-ticker-join
S000018783,SPDR(R) Citi International Government Inflation-Protected Bond ETF,5493002X18ZM866TLJ34,US78464A4904,SEC-NPORT,BBG000RFL3T5,BBG001STK554,WIP,C000051965,SPDR(R) Citi International Government Inflation-Protected Bond ETF,figi-ticker-join
S000018843,MFS Mid Cap Value Portfolio,549300DTS6NIQDMEIL78,US86664T5323,SEC-NPORT,BBG004JQX6T2,BBG004JQX6V9,MFMCVPS,,,unresolved
S000018844,MFS Limited Maturity Portfolio,549300278SPJGR06E765,US86664T5406,SEC-NPORT,BBG000RHLY77,BBG001STNQ82,MFSLIPI,,,unresolved
S000018861,iShares National Muni Bond ETF,549300H21FUYFQW9N157,US4642884146,SEC-NPORT,BBG000TC0WT9,BBG001SZV978,MUB,C000052220,iShares National Muni Bond ETF,figi-ticker-join
S000019117,State Street Institutional Treasury Money Market Fund,549300Q3FHSMZ70NLT76,US8574928706,SEC-NPORT,BBG000TH4C54,BBG001T05K32,TRVXX,C000052878,Investment Class,figi-ticker-join
S000019117,State Street Institutional Treasury Money Market Fund,549300Q3FHSMZ70NLT76,US8574928888,SEC-NPORT,BBG000TH4BT0,BBG001T05K23,TRIXX,C000052877,Premier Class,figi-ticker-join
S000019118,State Street Institutional Treasury Plus Money Market Fund,549300PNASLVKQG64331,US8574928540,SEC-NPORT,BBG000TH4BL8,BBG001T05K14,TPVXX,C000052879,Investment Class,figi-ticker-join
S000019118,State Street Institutional Treasury Plus Money Market Fund,549300PNASLVKQG64331,US8574928623,SEC-NPORT,BBG000TH49N1,BBG001T05JX2,TPIXX,C000052880,Premier Class,figi-ticker-join
S000019118,State Street Institutional Treasury Plus Money Market Fund,549300PNASLVKQG64331,US85749Q4486,SEC-NPORT,BBG00DBK85B2,BBG00DBK85C1,TPLXX,C000172254,Trust Class,figi-ticker-join
S000019124,iShares MSCI EAFE Small-Cap ETF,549300MJV5OZGVS4LX86,US4642882736,SEC-NPORT,BBG000T1G7X6,BBG001SYVWS7,SCZ,C000052896,iShares MSCI EAFE Small-Cap ETF,figi-ticker-join
S000019125,iShares MSCI Emerging Markets Small-Cap ETF,5493007YPFO23SID2674,US4642864759,SEC-NPORT,BBG000G4SNJ2,BBG001T2TH39,EEMS,C000052897,iShares MSCI Emerging Markets Small-Cap ETF,figi-ticker-join
S000019191,VanEck Vectors AMT-Free Long Municipal Index ETF,549300IDZV3WP33JOF22,US92189F5364,SEC-NPORT,BBG000V2BFB2,BBG001T10HL2,MLN,C000053008,VanEck Vectors AMT-Free Long Municipal Index ETF,figi-ticker-join
S000019193,VanEck Vectors High-Yield Municipal Index ETF,549300UT41BWOPGYSE94,US92189H4092,SEC-NPORT,BBG000C8Z562,BBG001SZDBR1,HYD,C000053010,VanEck Vectors High-Yield Municipal Index ETF,figi-ticker-join
S000019225,PowerShares 1-30 Laddered Treasury Portfolio,549300EGVX23CTYY1T22,US46138E1073,SEC-NPORT,BBG000THZPS6,BBG001T06L93,GOVI,,,unresolved
S000019228,PowerShares Preferred Portfolio,549300J11Q08WEERN210,US46138E5116,SEC-NPORT,BBG000TWWFV4,BBG001T0NSB6,PGX,C000053049,PowerShares Preferred Portfolio,figi-ticker-join
S000019229,PowerShares Emerging Markets Sovereign Debt Portfolio,549300VQ5VGUIVZMPZ95,US46138E7849,SEC-NPORT,BBG000TJ01Q5,BBG001T06LF6,PCY,C000053050,PowerShares Emerging Markets Sovereign Debt Portfolio,figi-ticker-join
S000019245,PowerShares National AMT-Free Municipal Bond Portfolio,549300WEUZO7LPK3WU38,US46138E5371,SEC-NPORT,BBG000TJ0K74,BBG001T06LJ2,PZA,C000053071,PowerShares National AMT-Free Municipal Bond Portfolio,figi-ticker-join
S000019315,William Blair Global Leaders Fund,IOPYXIUKG0D1RVEWTK45,US0930011137,GLEIF,BBG000TTMJ17,BBG001T0JH70,WGFIX,C000053608,Class I,figi-ticker-join
S000019332,WisdomTree Emerging Markets SmallCap Dividend Fund,549300IH7SUKJY3BJ337,US97717W2816,SEC-NPORT,BBG000Q3FFR5,BBG001SRPT24,DGS,C000053725,N/A,figi-ticker-join
S000019341,iShares California Muni Bond ETF,5493005PBQ3IFT3REX09,US4642883569,SEC-NPORT,BBG000TGH441,BBG001T03XM5,CMF,C000053739,iShares California Muni Bond ETF,figi-ticker-join
S000019356,iShares Global Infrastructure ETF,549300ZC2N3HUK3DTK30,US4642883726,SEC-NPORT,BBG000T1GGF6,BBG001SYVWT6,IGF,C000053784,iShares Global Infrastructure ETF,figi-ticker-join
S000019411,PowerShares California AMT-Free Municipal Bond Portfolio,549300M4U7LQNGAVRJ41,US46138E2063,SEC-NPORT,BBG000TJ0SG7,BBG001T06LL9,PWZ,C000053967,PowerShares California AMT-Free Municipal Bond Portfolio,figi-ticker-join
S000019457,Vanguard Market Neutral Fund,QX57RZTNJSJ8LE9TYK31,US92205G2030,SEC-NPORT,BBG000QDLPX7,BBG001SS2V40,VMNIX,C000054091,Institutional Shares,figi-ticker-join
S000019485,JNL/S&P 4 FUND,54930070F9HGHKL3M644,US46648L7249,GLEIF,,,,,,unresolved
S000019485,JNL/S&P 4 FUND,54930070F9HGHKL3M644,US46648L7322,GLEIF,,,,,,unresolved
S000019515,MFS Global Alternative Strategy Fund,ZT4WGKSWKFKB4CI0QU32,US55276T1079,GLEIF,BBG000QDLCM8,BBG001SS2T81,DVRAX,C000054207,A,figi-ticker-join
S000019534,WILSHIRE INTERNATIONAL EQUITY FUND,5493002FNXJ6S87GDQ54,US9718978144,SEC-NPORT,BBG000TWYGJ4,BBG001T0NVR2,WLTTX,C000065457,INSTITUTIONAL CLASS,figi-ticker-join
S000019665,SPDR(R) Barclays Short Term Treasury ETF,549300CVHDNMTIUMZ693,US78468R1014,SEC-NPORT,BBG0029J2JP3,BBG0029J2KF1,SPTS,,,unresolved
S000019666,SPDR(R) Barclays Short Term Corporate Bond ETF,549300D2BO7L1J2SO973,US78464A4748,SEC-NPORT,BBG000Q1MZ15,BBG001T6B0P2,SPSB,,,unresolved
S000019669,SPDR(R) Barclays High Yield Bond ETF,549300NCLW2248PN7J24,US78468R6229,SEC-NPORT,BBG000NXDKM8,BBG001SQS7X7,JNK,C000055013,SPDR(R) Barclays High Yield Bond ETF,figi-ticker-join
S000019698,Vanguard Mega Cap Index Fund,P6WGHORRB0XI7MFCHU09,US9219108571,SEC-NPORT,BBG000P65YP1,BBG001SQXKH0,VMCTX,C000055209,Institutional Shares,figi-ticker-join
S000019699,Vanguard Mega Cap Value Index Fund,V3ER6F2H43KWH31ZJ168,US9219108407,SEC-NPORT,BBG000V1FF75,BBG001T0Y6L1,MGV,C000055213,ETF Shares,figi-ticker-join
S000019700,Vanguard Mega Cap Growth Index Fund,RM8BENNF3HWR72TA0009,US9219108167,SEC-NPORT,BBG000V1FPR1,BBG001T0Y6W9,MGK,C000055216,ETF Shares,figi-ticker-join
S000019798,iShares J.P. Morgan USD Emerging Markets Bond ETF,54930070R8WH6MNUJG74,US4642882819,SEC-NPORT,BBG000NXKWH0,BBG001SQS9Y2,EMB,C000055529,iShares J.P. Morgan USD Emerging Markets Bond ETF,figi-ticker-join
S000019843,Columbia Variable Portfolio - Select International Equity Fund,Q0EBCBICSMH65I7QD232,US19766E4180,SEC-NPORT,BBG008D71NS0,BBG008D71NT9,CVPSIE1,,,unresolved
S000019900,Schwab Fundamental Emerging Markets Large Company Index Fund,549300N1SG6LIZ07FT30,US8085093438,SEC-NPORT,BBG000V9XML7,BBG001T1Y1W8,SFENX,C000055852,Institutional Shares,figi-ticker-join
S000019901,Schwab Fundamental International Small Company Index Fund,549300GCJINB4JWMW576,US8085093198,SEC-NPORT,BBG000V9XN17,BBG001T1Y1Y6,SFILX,C000055855,Institutional Shares,figi-ticker-join
S000019923,Fidelity Income Replacement 2038 Fund,549300T747P3O1OJOU87,US31617L1035,GLEIF,,,,,,unresolved
S000020099,Miller Convertible Bond Fund,549300385AFE8C5Z7E24,US60055P1021,GLEIF,BBG000V8DNS2,BBG001T1QYN5,MCFAX,C000056395,Class A Shares,figi-ticker-join
S000020234,Floating Rate Income Fund,54930033PNK0RNQZG892,US41015E1551,SEC-NPORT,BBG000VDSYN6,BBG001T26NM0,JFIDX,,,unresolved
S000020421,DFA Selectively Hedged Global Fixed Income Portfolio,5493007FXNXFTGEH1168,US2332032232,SEC-NPORT,BBG000VGTM36,BBG001T2DQH1,DFSHX,,,unresolved
S000020422,U.S. Sustainability Core 1 Portfolio,5493008WNM76U570MU21,US2332032158,SEC-NPORT,BBG000VH4BQ0,BBG001T2G2L6,DFSIX,,,unresolved
S000020450,PowerShares DWA Developed Markets Momentum Portfolio,549300ZCQS17LC3E3Y50,US46138E8755,SEC-NPORT,BBG000P0MST4,BBG001SQTTF8,PIZ,C000057374,PowerShares DWA Developed Markets Momentum Portfolio,figi-ticker-join
S000020646,Madison Core Bond Fund,254900KXQJDPZNNEA190,US5574921962,SEC-NPORT,BBG015L7N1N5,BBG015L7N1P3,MBORX,,,unresolved
S000020651,Madison Mid Cap Fund,254900GFBYFLI6QYMW95,US5574924859,SEC-NPORT,BBG002F3X8N3,BBG002F3X8P1,MMCRX,C000124803,Mid Cap Fund Class R6,figi-ticker-join
S000020665,SPDR (R) S&P (R) International Dividend ETF,549300ZZCTLBRXQKF293,US78463X7729,SEC-NPORT,BBG000VC0TD0,BBG001T21KR6,DWX,C000057694,SPDR (R) S&P (R) International Dividend ETF,figi-ticker-join
S000020717,T. Rowe Price Institutional Floating Rate Fund,863VOPTBPYYVTH00FU88,US77958B4023,SEC-NPORT,BBG000VB71X4,BBG001T1Z5L0,RPIFX,C000057839,T. Rowe Price Institutional Floating Rate Fund,figi-ticker-join
S000020717,T. Rowe Price Institutional Floating Rate Fund,863VOPTBPYYVTH00FU88,US77958B8735,SEC-NPORT,BBG00TFXFFX1,BBG00TFXFFY0,TRAZX,,,unresolved
S000020792,BLACKROCK MULTI-ASSET INCOME PORTFOLIO,IBB3EVPMDEHKHDPXA468,US09257E6620,SEC-NPORT,BBG00FY3XVP0,BBG00FY3XVQ9,BKMIX,,,unresolved
S000020867,Thrivent Partner Worldwide Allocation Fund,5493003N2AUD9Q1LYH95,US8858821429,GLEIF,BBG000PYR7R3,BBG001SRK2S0,TWAIX,C000058556,Class S,figi-ticker-join
S000020867,Thrivent Partner Worldwide Allocation Fund,5493003N2AUD9Q1LYH95,US8858821593,GLEIF,BBG000PYR5S6,BBG001SRK2M6,TWAAX,C000058555,Class A,figi-ticker-join
S000021031,NVIT Core Bond Fund,549300QCVK3NHYLE2575,US6386861966,SEC-NPORT,BBG000MFRJR1,BBG001T4R971,VNCBFYV,,,unresolved
S000021040,NVIT Short Term Bond Fund,549300UQ781MJCK8JH31,US63868M3088,SEC-NPORT,BBG000MGCJW9,BBG001T4RKZ5,VNSTBYV,,,unresolved
S000021058,PIMCO RAE Fundamental Advantage PLUS Fund,7QYFIQP34NJNMEYP7U11,US72201F1104,SEC-NPORT,BBG000QG9LR0,BBG001SS4X44,PFATX,C000059899,Institutional,figi-ticker-join
S000021247,SPDR(R) S&P(R) EMERGING MARKETS SMALL CAP ETF,549300KXEWO8WPVG8S70,US78463X7562,SEC-NPORT,BBG000FT16M0,BBG001T2PHC3,EWX,C000060582,SPDR(R) S&P(R) EMERGING MARKETS SMALL CAP ETF,figi-ticker-join
S000021458,Pax Global Environmental Markets Fund,5493004WSDJ280SE8M13,US7042237757,SEC-NPORT,BBG000HLQ7J0,BBG001T39ZD8,PGINX,C000061358,Institutional Class,figi-ticker-join
S000021459,Pax Small Cap Fund,549300GOOKRMB3XGNR17,US7042238177,SEC-NPORT,BBG000HLQHX2,BBG001T39ZQ4,PXSIX,C000061361,Institutional Class,figi-ticker-join
S000021460,iShares MSCI ACWI ex U.S. ETF,5493000IN0VJK5DV3698,US4642882405,SEC-NPORT,BBG000TH7DF8,BBG001S56R18,ACWX,C000061363,iShares MSCI ACWI ex U.S. ETF,figi-ticker-join
S000021461,iShares MSCI ACWI ETF,549300KZ2WFTI4GQ7M77,US4642882579,SEC-NPORT,BBG000TH6VB3,BBG001S56QV7,ACWI,C000061364,iShares MSCI ACWI ETF,figi-ticker-join
S000021462,iShares MSCI Israel Capped ETF,5493002NZTVKJGKTNC72,US4642866325,SEC-NPORT,BBG000V35C42,BBG001T13884,EIS*,,,unresolved
S000021488,Dreyfus Institutional Preferred Government Money Market Fund,5493001BRBYRXP4A4K56,US26200X1000,SEC-NPORT,BBG000BZQGN0,BBG001SKJNK9,DSVXX,C000061453,Institutional Shares,figi-ticker-join
S000021657,LVIP SSGA Bond Index Fund,X5PPJVEZIDWEFRKRER10,US5348986630,SEC-NPORT,BBG000LBJPY8,BBG001T48FM1,VLSBISV,,,unresolved
S000021658,LVIP SSGA International Index Fund,9JGZTL6DAJQG1H1UEI15,US5348986556,SEC-NPORT,BBG000LBJTD3,BBG001T48FT4,VLSIISV,,,unresolved
S000021659,LVIP SSGA Large Cap 100 Fund,ZGG96APH7D63U63FX232,US5348986226,SEC-NPORT,BBG000LBJV48,BBG001T48FW0,VLSLCSV,,,unresolved
S000021660,LVIP SSGA Small-Mid Cap 200 Fund,XDP4P8WUU8MSZILKKQ09,US5348986143,SEC-NPORT,BBG000LBJW37,BBG001T48FY8,VLSSMSV,,,unresolved
S000021661,LVIP SSGA Developed International 150 Fund,ZC1JP9GQKS75O7IOKT07,US5348986481,SEC-NPORT,BBG000LBJR74,BBG001T48FP8,VLSDISV,,,unresolved
S000021662,LVIP SSGA Emerging Markets 100 Fund,YXMQSSTE7K566U77J545,US5348986309,SEC-NPORT,BBG000LBJS81,BBG001T48FR6,VLSEMSV,,,unresolved
S000021672,Cohen & Steers Global Realty Majors ETF,54930071PTEFFC477C85,US00162Q1067,GLEIF,BBG000FQ53Y6,BBG001T2NDS7,RDOG,C000062111,Cohen & Steers Global Realty Majors ETF,unique-pairing
S000021764,SPDR(R) Dow Jones Global Real Estate ETF,549300NEMKJTY73KOC44,US78463X7497,SEC-NPORT,BBG000FS2Q74,BBG001T2P370,RWO,C000062489,SPDR(R) Dow Jones Global Real Estate ETF,figi-ticker-join
S000021940,Oppenheimer Global Equity Portfolio,549300KIRHW1PYYOQ328,US10923M2944,SEC-NPORT,,,,,,unresolved
S000022039,Schwab International Core Equity Fund,549300O8SH1VZD5EOI67,US8085092109,SEC-NPORT,BBG000D7RDM7,BBG001T0T8G9,SICNX,C000063316,Institutional Shares,figi-ticker-join
S000022057,Dodge & Cox Global Stock Fund,549300HOK7CK7CS0WO80,US2562062024,GLEIF,BBG000FPPSM4,BBG001T2NBP4,DODWX,C000063339,Dodge & Cox Global Stock Fund,unique-pairing
S000022091,QS U.S. Large Cap Equity Fund,549300A1FH0C72JOX391,US52469H2893,SEC-NPORT,BBG000FNQB45,BBG001T2N078,LMISX,C000063389,Class IS,figi-ticker-join
S000022173,INVESCO SUMMIT FUND,54930046OUUG206C1Q36,US0014131371,GLEIF,BBG000BFJ3L3,BBG001S61BW2,SMMIX,C000063686,CLASS P,figi-ticker-join
S000022173,INVESCO SUMMIT FUND,54930046OUUG206C1Q36,US0014131454,GLEIF,BBG000Q1GS36,BBG001SPPVN0,CSMMX,C000063685,CLASS C,figi-ticker-join
S000022173,INVESCO SUMMIT FUND,54930046OUUG206C1Q36,US0014131603,GLEIF,BBG000Q1GRN6,BBG001SPPVL2,ASMMX,C000063683,CLASS A,figi-ticker-join
S000022364,VanEck Vectors Natural Resources ETF,5493001Y68MF5TFNKP40,US92189F8418,SEC-NPORT,BBG000C0MB88,BBG001STNTP7,HAP,C000064328,VanEck Vectors Natural Resources ETF,figi-ticker-join
S000022425,Franklin International Growth Fund,549300FFQ9Q5UZ95E702,US3535336495,SEC-NPORT,BBG004QJ7BZ1,BBG004QJ7C07,FILRX,C000128792,Class R6,figi-ticker-join
S000022444,Deutsche Global Infrastructure Fund,549300PVLPCCDJRWQR23,US25156A8586,SEC-NPORT,BBG000GVFTW8,BBG001T326B1,TOLIX,C000064598,Institutional Class,figi-ticker-join
S000022492,Lord Abbett International Dividend Income Fund,549300EKDR96M35J2Z31,US5439153595,SEC-NPORT,BBG000GJGTL6,BBG001T2Y3H9,LAIDX,C000065062,Class I,figi-ticker-join
S000022496,iShares MSCI All Country Asia ex Japan ETF,549300EQSX1KKO1KLL54,US4642881829,SEC-NPORT,BBG000G6GXC5,BBG001T2V2D8,AAXJ,C000065072,iShares MSCI All Country Asia ex Japan ETF,figi-ticker-join
S000022498,iShares Global Clean Energy ETF,549300WONOCNDW382894,US4642882249,SEC-NPORT,BBG000BBM0N2,BBG001S7XDQ8,ICLN,C000065074,iShares Global Clean Energy ETF,figi-ticker-join
S000022521,Baron Focused Growth Fund,549300GVW8GCMDR04865,US06828M2070,GLEIF,BBG000H6N0N6,BBG001T35RK2,BFGFX,C000065146,Baron Focused Growth Fund,figi-ticker-join
S000022521,Baron Focused Growth Fund,549300GVW8GCMDR04865,US06828M5040,SEC-NPORT,BBG000HT5R84,BBG001T3D5D9,BFGIX,C000077806,Institutional Shares,figi-ticker-join
S000022556,PIMCO Global Advantage Strategy Bond Fund,YPZSSUF52R5JGG5DTZ31,US72201M4463,SEC-NPORT,BBG000BHGMY6,BBG001SKRXJ0,PSAIX,C000065241,Institutional,figi-ticker-join
S000022631,SPDR(R) Barclays Emerging Markets Local Bond ETF,549300UZIXAGB0EPMT96,US78464A3914,SEC-NPORT,BBG001JZPCN0,BBG001V0JXM5,EBND,C000065485,SPDR(R) Barclays Emerging Markets Local Bond ETF,figi-ticker-join
S000022757,Direxion Daily India Bull 3X Shares,5493000K7TFK1VOE8781,US25490K3317,SEC-NPORT,BBG000QFNDN8,BBG001T6Y451,INDL,C000065885,Direxion Daily India Bull 3X Shares,figi-ticker-join
S000022760,Direxion Daily Energy Bull 3X Shares,2JB4KUARIHFQ3UW6AS94,US25460G6098,SEC-NPORT,BBG000JLH8F0,BBG001T3NVC2,ERX,C000065888,Direxion Daily Energy Bull 3X Shares,figi-ticker-join
S000022761,Direxion Daily Financial Bull 3X Shares,K98KMGGYJD1W0EDCBP05,US25459Y6941,SEC-NPORT,BBG000GV1RY5,BBG001T32293,0DFC,,,unresolved
S000022762,Direxion Daily Real Estate Bull 3X Shares,P8BQAXSX9Q7HO4G7MO50,US25459W7552,SEC-NPORT,BBG000J9G9N7,BBG001T3KCM6,DRN,C000065890,Direxion Daily Real Estate Bull 3X Shares,figi-ticker-join
S000022767,Direxion Daily S&P 500(R) Bull 3X Shares,WJRYIWB43R3GOXOHLG28,US25459W8626,SEC-NPORT,BBG000JLGQR8,BBG001T3NV87,SPXL,,,unresolved
S000022778,Direxion Daily Mid Cap Bull 3X Shares,B15Q6MX3OEO111P4BX96,US25459W7305,SEC-NPORT,BBG000D0NHM7,BBG001T0KQ41,MIDU,C000065906,Direxion Daily Mid Cap Bull 3X Shares,figi-ticker-join
S000022780,Direxion Daily Energy Bear 3X Shares,7CGLL92I97RWQVY01719,US25460G1792,SEC-NPORT,BBG000JLLQ38,BBG001T3NVG8,ERY,C000065908,Direxion Daily Energy Bear 3X Shares,figi-ticker-join
S000022786,Direxion Daily Small Cap Bull 3X Shares,EI6O4TKYTT2L506TQD71,US25459W8477,SEC-NPORT,BBG000JLCF41,BBG001T3NV41,TNA,,,unresolved
S000022789,Direxion Daily Emerging Markets Bull 3X Shares,25X0LWHQPBGJZE4GP927,US25490K2814,SEC-NPORT,BBG000H9W9L3,BBG001T36VZ6,EDC,C000065917,Direxion Daily Emerging Markets Bull 3X Shares,figi-ticker-join
S000022922,SPDR(R) Barclays Mortgage Backed Bond ETF,549300RAN9OO0VDPBS19,US78464A3831,SEC-NPORT,BBG000F94VG3,BBG001T2HF72,SPMB,,,unresolved
S000022923,SPDR(R) Barclays Intermediate Term Corporate Bond ETF,549300V0LZHF2UQ4WK69,US78464A3757,SEC-NPORT,BBG000F8Y230,BBG001T2HCY9,SPIB,,,unresolved
S000022924,SPDR(R) Barclays Long Term Corporate Bond ETF,5493005PBSB4DEK8L973,US78464A3674,SEC-NPORT,BBG000BSXL57,BBG001SRZBZ6,SPLB,,,unresolved
S000022925,SPDR(R) Barclays Convertible Securities ETF,549300IXKU3G7R6DMX93,US78464A3591,SEC-NPORT,BBG000FTQMS2,BBG001T2PMD1,CWB,C000066456,SPDR(R) Barclays Convertible Securities ETF,figi-ticker-join
S000022994,JPMorgan Strategic Income Opportunities Fund,7D65K6RFGRT1E0TUOV35,US48121L1145,GLEIF,BBG00J2DRYL0,BBG00J2DRYM9,JSOZX,,,unresolved
S000023000,PUTNAM EMERGING MARKETS EQUITY FUND,S0SJ0EIZ7FP38W3KHB08,US7467641095,GLEIF,BBG000KGXN40,BBG001T3ZPV1,PEMMX,,,unresolved
S000023374,MFS New Discovery Value Portfolio,549300X8U0YDKOFKNA72,US86664T4417,SEC-NPORT,BBG000FPC8M2,BBG001T2N755,MFSNDVI,,,unresolved
S000023378,MFS Inflation-Adjusted Bond Portfolio,5493008RHGZT7FZTCC74,US86664T3591,SEC-NPORT,BBG000FPB3S8,BBG001T2N728,MFIABPI,,,unresolved
S000023459,International Growth and Income Fund,YL3KK71VNXCVQVLGE239,US45956T1051,GLEIF,BBG000C41PN5,BBG001SV8ZZ4,IGAAX,C000068962,Class A,figi-ticker-join
S000023459,International Growth and Income Fund,YL3KK71VNXCVQVLGE239,US45956T3032,GLEIF,BBG000C46TG0,BBG001SV9HK9,IGICX,C000068970,Class C,figi-ticker-join
S000023459,International Growth and Income Fund,YL3KK71VNXCVQVLGE239,US45956T4022,GLEIF,BBG000DLD7G1,BBG001T1NTF8,IGIFX,C000068971,Class F-1,figi-ticker-join
S000023459,International Growth and Income Fund,YL3KK71VNXCVQVLGE239,US45956T5011,GLEIF,BBG000C41WC2,BBG001SV90F2,IGFFX,C000068972,Class F-2,figi-ticker-join
S000023459,International Growth and Income Fund,YL3KK71VNXCVQVLGE239,US45956T6001,GLEIF,BBG000C41T93,BBG001SV90C5,CGIAX,C000068973,Class 529-A,figi-ticker-join
S000023459,International Growth and Income Fund,YL3KK71VNXCVQVLGE239,US45956T7330,GLEIF,BBG00H5Q5GP1,BBG00H5Q5GQ0,FGIGX,,,unresolved
S000023459,International Growth and Income Fund,YL3KK71VNXCVQVLGE239,US45956T7413,GLEIF,BBG00H5Q5GS8,BBG00H5Q5GT7,FGGGX,,,unresolved
S000023459,International Growth and Income Fund,YL3KK71VNXCVQVLGE239,US45956T7587,GLEIF,BBG00H5Q5H15,BBG00H5Q5H24,TGAGX,,,unresolved
S000023459,International Growth and Income Fund,YL3KK71VNXCVQVLGE239,US45956T7660,GLEIF,BBG00H5Q5H42,BBG00H5Q5H51,TGAIX,,,unresolved
S000023459,International Growth and Income Fund,YL3KK71VNXCVQVLGE239,US45956T7744,GLEIF,BBG00FYJ9089,BBG00FYJ9098,IGAIX,,,unresolved
S000023459,International Growth and Income Fund,YL3KK71VNXCVQVLGE239,US45956T7827,GLEIF,BBG00BH639V6,BBG00BH639W5,RIGIX,C000164802,Class R-5E,figi-ticker-join
S000023459,International Growth and Income Fund,YL3KK71VNXCVQVLGE239,US45956T7900,GLEIF,BBG006XPK4N8,BBG006XPK4P6,RIIEX,C000145095,Class R-2E,figi-ticker-join
S000023459,International Growth and Income Fund,YL3KK71VNXCVQVLGE239,US45956T8080,GLEIF,BBG000C49FF8,BBG001SV9NH0,CIICX,C000068975,Class 529-C,figi-ticker-join
S000023459,International Growth and Income Fund,YL3KK71VNXCVQVLGE239,US45956T8163,GLEIF,BBG000C32F94,BBG001SV3Z70,RIGGX,C000077902,Class R-6,figi-ticker-join
S000023459,International Growth and Income Fund,YL3KK71VNXCVQVLGE239,US45956T8247,GLEIF,BBG000C41ZW3,BBG001SV9124,RIGFX,C000068968,Class R-5,figi-ticker-join
S000023459,International Growth and Income Fund,YL3KK71VNXCVQVLGE239,US45956T8320,GLEIF,BBG000C41YV7,BBG001SV90K6,RIGEX,C000068967,Class R-4,figi-ticker-join
S000023459,International Growth and Income Fund,YL3KK71VNXCVQVLGE239,US45956T8403,GLEIF,BBG000C41YM7,BBG001SV90J8,RGICX,C000068966,Class R-3,figi-ticker-join
S000023459,International Growth and Income Fund,YL3KK71VNXCVQVLGE239,US45956T8577,GLEIF,BBG000C41VY0,BBG001SV90D4,RIGBX,C000068965,Class R-2,figi-ticker-join
S000023459,International Growth and Income Fund,YL3KK71VNXCVQVLGE239,US45956T8650,GLEIF,BBG000C3YTJ8,BBG001SV8JN3,RIGAX,C000068964,Class R-1,figi-ticker-join
S000023459,International Growth and Income Fund,YL3KK71VNXCVQVLGE239,US45956T8734,GLEIF,BBG000C4DLG9,BBG001SVB274,CGIFX,C000068963,Class 529-F-1,figi-ticker-join
S000023459,International Growth and Income Fund,YL3KK71VNXCVQVLGE239,US45956T8817,GLEIF,BBG000C4DLQ8,BBG001SVB283,CGIEX,C000068976,Class 529-E,figi-ticker-join
S000023507,iShares Short-Term National Muni Bond ETF,5493006UX6BTVQQ8GI65,US4642881589,SEC-NPORT,BBG000BJ2TL6,BBG001SLS4Q3,SUB,C000069126,iShares Short-Term National Muni Bond ETF,figi-ticker-join
S000023585,iShares Core Conservative Allocation ETF,5493006RWQOSWQVI0659,US4642898831,SEC-NPORT,BBG000KD2X85,BBG001T3YTX2,AOK,C000069397,iShares Core Conservative Allocation ETF,figi-ticker-join
S000023587,iShares Core Growth Allocation ETF,549300ZG5FYWPWUAQ063,US4642898674,SEC-NPORT,BBG000KD76D3,BBG001T3YV58,AOR,C000069399,iShares Core Growth Allocation ETF,figi-ticker-join
S000023588,iShares Core Aggressive Allocation ETF,549300E2532X6GS7V091,US4642898591,SEC-NPORT,BBG000KD8RP3,BBG001T3YVL0,AOA,C000069400,iShares Core Aggressive Allocation ETF,figi-ticker-join
S000023614,iShares International Treasury Bond ETF,549300B2GPMXZXJU1462,US4642881175,SEC-NPORT,BBG000H03774,BBG001T33MN2,IGOV,C000069477,iShares International Treasury Bond ETF,figi-ticker-join
S000023661,IQ Hedge Multi-Strategy Tracker ETF,549300GO30U3VROX3G48,US45409B1070,GLEIF,BBG000HFDKL5,BBG001T382B4,QAI,C000069675,IQ Hedge Multi-Strategy Tracker ETF,unique-pairing
S000023716,PIMCO RAE Fundamental PLUS EMG Fund,E5LPIUVQZNA4IY7QBQ29,US72201M1154,GLEIF,BBG000BHXP89,BBG001S7KT78,PEFPX,C000069770,Class P,figi-ticker-join
S000023716,PIMCO RAE Fundamental PLUS EMG Fund,E5LPIUVQZNA4IY7QBQ29,US72201M1311,GLEIF,BBG000BHQ5M5,BBG001SL6RP7,PEFIX,C000069768,Institutional,figi-ticker-join
S000023782,AMG GW&K Small Cap Core Fund,5493001178XREBUBAW34,US00170K1410,GLEIF,BBG00G3F5TC5,BBG00G3F5TD4,GWEZX,,,unresolved
S000023793,Met/Dimensional International Small Company Portfolio,549300VPTU8NKMR6RY52,US10923P5787,GLEIF,,,,,,unresolved
S000023793,Met/Dimensional International Small Company Portfolio,549300VPTU8NKMR6RY52,US10923P5860,GLEIF,,,,,,unresolved
S000023794,Van Eck Global Natural Resources Portfolio,84OXE86TSHVRE27KZR34,US10923R5090,GLEIF,,,,,,unresolved
S000023794,Van Eck Global Natural Resources Portfolio,84OXE86TSHVRE27KZR34,US10923R6080,GLEIF,,,,,,unresolved
S000024038,"T. Rowe Price Global Real Estate Fund, Inc.",UEMCKN39EX7XRU8REB17,US87279M1027,GLEIF,BBG000JXJ7R1,BBG001T3STF9,PAGEX,C000070254,T. Rowe Price Global Real Estate Fund-Advisor Class,figi-ticker-join
S000024038,"T. Rowe Price Global Real Estate Fund, Inc.",UEMCKN39EX7XRU8REB17,US87279M2017,GLEIF,BBG000JXJFJ2,BBG001T3STN0,TRGRX,C000070253,"T. Rowe Price Global Real Estate Fund, Inc.",figi-ticker-join
S000024038,"T. Rowe Price Global Real Estate Fund, Inc.",UEMCKN39EX7XRU8REB17,US87279M3007,GLEIF,BBG00FFRQCC2,BBG00FFRQCD1,TIRGX,,,unresolved
S000024177,AQR Diversified Arbitrage Fund,9SU636C3FFO5J0KHWM63,US00191K1043,GLEIF,BBG006YWP162,BBG006YWP171,QDARX,C000145937,Class R6,figi-ticker-join
S000024177,AQR Diversified Arbitrage Fund,9SU636C3FFO5J0KHWM63,US00203H1077,GLEIF,BBG000L24K93,BBG001T45TY1,ADANX,C000070967,Class N,figi-ticker-join
S000024202,DFA Short-Term Extended Quality Portfolio,549300UKO8H5DQFJFW90,US23320G5210,SEC-NPORT,BBG000HXM664,BBG001T3FG25,DFEQX,,,unresolved
S000024337,PIMCO Government Money Market Fund,549300XUGLULJEQL0159,US72201P8602,SEC-NPORT,BBG000KZ49R6,BBG001T44QS5,PGFXX,C000072055,Class M,figi-ticker-join
S000024337,PIMCO Government Money Market Fund,549300XUGLULJEQL0159,US72202E5345,SEC-NPORT,BBG00CFTZWT3,BBG00CFTZWV0,PGYXX,C000169180,Institutional Class,figi-ticker-join
S000024507,SFT Advantus Index 500 Fund,549300G6PNE5BCVU7620,US00757F1012,GLEIF,,,,,,unresolved
S000024507,SFT Advantus Index 500 Fund,549300G6PNE5BCVU7620,US00757F2002,GLEIF,,,,,,unresolved
S000024507,SFT Advantus Index 500 Fund,549300G6PNE5BCVU7620,US00757F3091,GLEIF,,,,,,unresolved
S000024524,"T. Rowe Price Global Multi-Sector Bond Fund, Inc.",DZPNMRPE4CX3QYEF2U95,US74149N1063,GLEIF,BBG000DJ5YB1,BBG001T1DWF2,PRSNX,C000072749,"T. Rowe Price Global Multi-Sector Bond Fund, Inc.",figi-ticker-join
S000024524,"T. Rowe Price Global Multi-Sector Bond Fund, Inc.",DZPNMRPE4CX3QYEF2U95,US74149N2053,GLEIF,BBG000KVX1H1,BBG001T43M32,PRSAX,C000072750,T. Rowe Price Global Multi-Sector Bond Fund&#151;Advisor Class,figi-ticker-join
S000024677,Mid Value Fund,5493008V2RRN7PSLWV55,US47804A1979,SEC-NPORT,BBG000L0QZ36,BBG001T459B0,JMVNX,,,unresolved
S000024707,Baron International Growth Fund,549300FU1GI99J4NKZ96,US06828M6030,SEC-NPORT,BBG000HT5RZ4,BBG001T3D5F7,BINIX,C000077807,Institutional Shares,figi-ticker-join
S000024753,Spirit of America Income Fund,549300C7KFCEM3QBIB19,US8485791086,GLEIF,BBG000L27DT4,BBG001T45W83,SOAIX,C000073513,Class A,figi-ticker-join
S000024772,Global X MSCI Argentina ETF,5493002TMUWISFBTZV19,US37950E2596,SEC-NPORT,BBG001K93GS6,BBG001V0LJT6,ARGT,C000073663,Global X MSCI Argentina ETF,figi-ticker-join
S000024908,ProShares UltraPro QQQ,03026FQTQRJ0JSTBI779,US74347X8314,SEC-NPORT,BBG000QB9Y48,BBG001T6S396,TQQQ,C000074098,ProShares UltraPro QQQ,figi-ticker-join
S000024909,ProShares UltraPro Short QQQ,KC8ZSAS0N653Z8PPTO65,US74347G1922,SEC-NPORT,,,,,,unresolved
S000024909,ProShares UltraPro Short QQQ,KC8ZSAS0N653Z8PPTO65,US74350P6759,SEC-NPORT,BBG000QBB5Z4,BBG001T6S3C2,SQQQ,C000074099,ProShares UltraPro Short QQQ,figi-ticker-join
S000024941,New Covenant Growth Fund,NBX1ARV3J4JXF08Z8869,US6436421019,GLEIF,BBG000BYT2H8,BBG001SFJQG8,NCGFX,C000074154,New Covenant Growth Fund,unique-pairing
S000024971,MFS Global Real Estate Fund,ROYDM6SL56ZXYAENS860,US5529827207,SEC-NPORT,BBG003518JS5,BBG003518JV1,MGLRX,C000117929,R6,figi-ticker-join
S000025018,Golub Group Equity Fund,5493006IEN6BGGL5H994,US92046L3042,GLEIF,BBG000LLYDZ5,BBG001T4CFF4,GGEFX,C000074420,Golub Group Equity Fund,unique-pairing
S000025074,Vanguard FTSE All-World ex-US Small-Cap Index Fund,4G186P9TJV7H6GBIH247,US9220425931,SEC-NPORT,BBG00N8781C1,BBG00N8781D0,VFSAX,,,unresolved
S000025074,Vanguard FTSE All-World ex-US Small-Cap Index Fund,4G186P9TJV7H6GBIH247,US9220427184,SEC-NPORT,BBG000D6RYS7,BBG001T0SKD6,VSS,C000074581,ETF Shares,figi-ticker-join
S000025079,MML Small Company Value Fund,549300QHTZT44DQGZI95,US5530972620,SEC-NPORT,,,,,,unresolved
S000025158,Vanguard Total Bond Market II Index Fund,E3F24BZCDA1UXGFMYX67,US92203C1053,GLEIF,BBG001M6NNQ5,BBG001V10GB2,VTBIX,C000075027,Investor Shares,figi-ticker-join
S000025186,GMO U.S. Treasury Fund,0NIBQB0NDRTFX04R2J69,US3620133690,SEC-NPORT,BBG000LLV5Q5,BBG001T4CD23,GUSTX,C000075084,GMO U.S. Treasury Fund,figi-ticker-join
S000025199,GMO Asset Allocation Bond Fund,XMFQA7127YTH95F0NH19,US3620133773,SEC-NPORT,BBG000LLSXK4,BBG001T4CCN2,GABFX,C000075103,Class VI,figi-ticker-join
S000025336,Met/Templeton International Bond Portfolio,549300RNF5NX161HZ494,US10923M4502,SEC-NPORT,,,,,,unresolved
S000025394,American Funds U.S. Government Money Market Fund,DQVF8OHSEMDLUZG4L468,US02630U1079,GLEIF,BBG000C1Z1T1,BBG001STXSY8,AFAXX,C000075886,Class A,figi-ticker-join
S000025394,American Funds U.S. Government Money Market Fund,DQVF8OHSEMDLUZG4L468,US02630U3059,GLEIF,BBG000C1Z6K9,BBG001STXTP6,AFCXX,C000075895,Class C,figi-ticker-join
S000025394,American Funds U.S. Government Money Market Fund,DQVF8OHSEMDLUZG4L468,US02630U4040,GLEIF,BBG000C1Z6R2,BBG001STXTQ5,AFFXX,C000075896,Class F-1,figi-ticker-join
S000025394,American Funds U.S. Government Money Market Fund,DQVF8OHSEMDLUZG4L468,US02630U5039,GLEIF,BBG000C1Z7D5,BBG001STXTR4,AFGXX,C000075897,Class F-2,figi-ticker-join
S000025394,American Funds U.S. Government Money Market Fund,DQVF8OHSEMDLUZG4L468,US02630U6029,GLEIF,BBG000C25T48,BBG001STYQV4,AAFXX,C000075898,Class 529-A,figi-ticker-join
S000025394,American Funds U.S. Government Money Market Fund,DQVF8OHSEMDLUZG4L468,US02630U7191,GLEIF,BBG00XNB5840,BBG00XNB5859,ABZXX,,,unresolved
S000025394,American Funds U.S. Government Money Market Fund,DQVF8OHSEMDLUZG4L468,US02630U7274,GLEIF,BBG00L07KQS7,BBG00L07KQT6,AAZXX,,,unresolved
S000025394,American Funds U.S. Government Money Market Fund,DQVF8OHSEMDLUZG4L468,US02630U7357,GLEIF,BBG00H5Q49M1,BBG00H5Q49N0,FMUXX,,,unresolved
S000025394,American Funds U.S. Government Money Market Fund,DQVF8OHSEMDLUZG4L468,US02630U7431,GLEIF,,,,,,unresolved
S000025394,American Funds U.S. Government Money Market Fund,DQVF8OHSEMDLUZG4L468,US02630U7761,GLEIF,BBG00FY3XCM5,BBG00FY3XCN4,USGXX,,,unresolved
S000025394,American Funds U.S. Government Money Market Fund,DQVF8OHSEMDLUZG4L468,US02630U7845,GLEIF,BBG00BH646D1,BBG00BH646G8,RAGXX,C000164807,Class R-5E,figi-ticker-join
S000025394,American Funds U.S. Government Money Market Fund,DQVF8OHSEMDLUZG4L468,US02630U7928,GLEIF,BBG006XPJHL3,BBG006XPJHM2,RBEXX,C000148462,Class R-2E,figi-ticker-join
S000025394,American Funds U.S. Government Money Market Fund,DQVF8OHSEMDLUZG4L468,US02630U8009,GLEIF,BBG000C287C4,BBG001STZBF4,CCFXX,C000075900,Class 529-C,figi-ticker-join
S000025394,American Funds U.S. Government Money Market Fund,DQVF8OHSEMDLUZG4L468,US02630U8181,GLEIF,BBG000C21474,BBG001STY4N2,RAFXX,C000075893,Class R-6,figi-ticker-join
S000025394,American Funds U.S. Government Money Market Fund,DQVF8OHSEMDLUZG4L468,US02630U8264,GLEIF,BBG000C21063,BBG001STY0S5,RAEXX,C000075892,Class R-5,figi-ticker-join
S000025394,American Funds U.S. Government Money Market Fund,DQVF8OHSEMDLUZG4L468,US02630U8348,GLEIF,BBG000C1ZPT8,BBG001STXXR5,RADXX,C000075891,Class R-4,figi-ticker-join
S000025394,American Funds U.S. Government Money Market Fund,DQVF8OHSEMDLUZG4L468,US02630U8421,GLEIF,BBG000C1ZQG0,BBG001STXXS4,RACXX,C000075890,Class R-3,figi-ticker-join
S000025394,American Funds U.S. Government Money Market Fund,DQVF8OHSEMDLUZG4L468,US02630U8595,GLEIF,BBG000C1ZNL1,BBG001STXXQ6,RABXX,C000075889,Class R-2,figi-ticker-join
S000025394,American Funds U.S. Government Money Market Fund,DQVF8OHSEMDLUZG4L468,US02630U8678,GLEIF,BBG000C1Z7R0,BBG001STXTS3,RAAXX,C000075888,Class R-1,figi-ticker-join
S000025394,American Funds U.S. Government Money Market Fund,DQVF8OHSEMDLUZG4L468,US02630U8835,GLEIF,BBG000C2DV17,BBG001STZZQ9,EAFXX,C000075901,Class 529-E,figi-ticker-join
S000025459,Transamerica BlackRock Global Allocation VP,ORP3UMV3V03ZTFCT2438,US89360D4135,SEC-NPORT,,,,,,unresolved
S000025589,Laudus U.S. Large Cap Growth Fund,54930017OMFIVKDL2J78,US51855Q5493,SEC-NPORT,BBG000BM64Q5,BBG001SDDW49,LGILX,C000076665,Laudus U.S. Large Cap Growth Fund,figi-ticker-join
S000025657,INVESCO CORE PLUS BOND FUND,NCXB2DT3OPGBTXZ48T67,US00141A1988,GLEIF,BBG00HK2Q0R7,BBG00HK2Q0S6,ASRTX,,,unresolved
S000025657,INVESCO CORE PLUS BOND FUND,NCXB2DT3OPGBTXZ48T67,US00141A4388,SEC-NPORT,BBG003D4ZGS6,BBG003D4ZGT5,CPBFX,C000120777,Class R6,figi-ticker-join
S000025771,Alps Equal Sector Weight ETF,549300DIPNPLSZDP3V51,US00162Q2057,GLEIF,BBG000N8Y785,BBG001T53M75,EQL,C000077058,Alps Equal Sector Weight ETF,unique-pairing
S000025791,AXA 500 Managed Volatility Portfolio,549300ONLL59JVUF0G83,US26883L8862,SEC-NPORT,BBG00ZSNB8R2,BBG00ZVN3RG7,EQEMVUU,,,unresolved
S000025792,AXA International Managed Volatility Portfolio,549300L8Z13N32FGYQ33,US26883L8292,SEC-NPORT,BBG00ZSNBX15,BBG00ZVXB823,EQINTMV,,,unresolved
S000025793,ATM International Managed Volatility Portfolio,549300ZRPU29NJ1TJ520,US26883L8110,SEC-NPORT,BBG00ZSNBYT3,BBG00ZVTSRS4,ATIMVUU,,,unresolved
S000025795,ATM Large Cap Managed Volatility Portfolio,549300WRK5H11FMAI810,US26883L8789,SEC-NPORT,BBG00ZSNBB22,BBG00ZVVZTF1,ATCMVUS,,,unresolved
S000025797,AXA 400 Managed Volatility Portfolio,549300VWHSFOOWSKV115,US26883L8607,SEC-NPORT,BBG00ZTLWP58,BBG00ZWWPJK5,EQEMVUS,,,unresolved
S000025798,ATM Mid Cap Managed Volatility Portfolio,549300KN2ZD51R09SW75,US26883L8524,SEC-NPORT,BBG010SWV9K1,BBG010SWV9L0,ATMMCMK,,,unresolved
S000025800,AXA 2000 Managed Volatility Portfolio,549300KH60RI2KL55G52,US26883L8458,SEC-NPORT,BBG00ZSNBCB0,BBG00ZVNLWK1,EQ20MVU,,,unresolved
S000025801,ATM Small Cap Managed Volatility Portfolio,549300FRK5133T10O371,US26883L8375,SEC-NPORT,BBG00ZSNBDZ2,BBG00ZVTVY50,ATCMVUU,,,unresolved
S000025820,PIMCO Emerging Markets Corporate Bond Fund,7QI077YR4PK6NX1N1I12,US72201P5228,SEC-NPORT,BBG000N5KMV7,BBG001T52LQ7,PEMIX,C000077188,Institutional,figi-ticker-join
S000025875,Calvert High Yield Bond Fund,549300CCIV46L1T22Z08,US1315822726,SEC-NPORT,BBG00N7YF8S3,BBG00N7YF8T2,CYBRX,,,unresolved
S000025931,IQ Merger Arbitrage ETF,549300Q7XHADH3DHV187,US45409B8000,SEC-NPORT,BBG000BBBDD7,BBG001S6VS16,MNA,C000077928,IQ Merger Arbitrage ETF,figi-ticker-join
S000026031,Pacific Dynamix - Conservative Growth Portfolio,549300AZCX1T5DR48X47,US69480V1136,GLEIF,,,,C000078100,Class I,unique-pairing
S000026032,Pacific Dynamix - Moderate Growth Portfolio,549300MEO0OGWYC6PF25,US69480V1219,GLEIF,,,,C000078101,Class I,unique-pairing
S000026033,Pacific Dynamix - Growth Portfolio,5493008GKJV37KVY9S91,US69480V1391,GLEIF,,,,C000078102,Class I,unique-pairing
S000026034,PD Large-Cap Growth Index Portfolio,549300WBM8LXIIRNX765,US6948094197,SEC-NPORT,,,,,,unresolved
S000026036,PD Large-Cap Value Index Portfolio,5493007FOOTZXFJS6Q90,US6948093934,SEC-NPORT,,,,,,unresolved
S000026037,PD Small-Cap Value Index Portfolio,549300W5VZDB4SQ28O92,US6948093777,SEC-NPORT,,,,,,unresolved
S000026038,PD Small-Cap Growth Index Portfolio,549300YUTTUT13JUZY59,US6948093850,SEC-NPORT,,,,,,unresolved
S000026039,PD Aggregate Bond Index Portfolio,5493001GGMFY25ZVRH08,US6948094353,SEC-NPORT,,,,,,unresolved
S000026040,PD High Yield Bond Market Portfolio,5493006O6ZTDQB3J5450,US6948094270,SEC-NPORT,,,,,,unresolved
S000026041,PD International Large-Cap Portfolio,549300MFLY3SOXEJYT18,US6948093694,SEC-NPORT,,,,,,unresolved
S000026042,PD Emerging Markets Portfolio,549300R221H7V6VVYY08,US6948093512,SEC-NPORT,,,,,,unresolved
S000026083,Viking Tax-Free Fund for North Dakota,5493008A1FRCUURB2493,US9268262071,GLEIF,BBG000KD8M29,BBG001SJL4H5,VNDFX,C000078180,"Viking Tax-Free Fund for North Dakota, Class A",figi-ticker-join
S000026126,"T. Rowe Price U.S. Large-Cap Core Fund, Inc.",549300UPL95VCG3J6X04,US74149R1077,GLEIF,BBG000N4HRS7,BBG001T527V2,TRULX,C000078270,"T. Rowe Price U.S. Large-Cap Core Fund, Inc.",figi-ticker-join
S000026126,"T. Rowe Price U.S. Large-Cap Core Fund, Inc.",549300UPL95VCG3J6X04,US74149R2067,GLEIF,BBG000N4HSQ7,BBG001T527X0,PAULX,C000078271,T. Rowe Price U.S. Large-Cap Core Fund-Advisor Class,figi-ticker-join
S000026126,"T. Rowe Price U.S. Large-Cap Core Fund, Inc.",549300UPL95VCG3J6X04,US74149R3057,GLEIF,BBG00FGSBHK5,BBG00FGSBHL4,RCLIX,,,unresolved
S000026126,"T. Rowe Price U.S. Large-Cap Core Fund, Inc.",549300UPL95VCG3J6X04,US74149R4048,GLEIF,BBG00TFXF5X3,BBG00TFXF5Y2,TRZLX,,,unresolved
S000026132,Bond Trust,549300VA17RPTF33B015,US41015G2599,SEC-NPORT,BBG000NQY6L2,BBG001T58L36,JAGBX,,,unresolved
S000026152,SPDR(R) Wells Fargo Preferred Stock ETF,549300DLQEVIC6XUR013,US78464A2924,SEC-NPORT,BBG000P8NH38,BBG001T5L3N9,PSK,C000078463,SPDR(R) Wells Fargo Preferred Stock ETF,figi-ticker-join
S000026211,First Trust NASDAQ ABA Community Bank Index Fund,549300QXF6DXPEKB3F89,US33736Q1040,GLEIF,BBG000N6XBP2,BBG001T52Z13,QABA,C000078718,First Trust NASDAQ ABA Community Bank Index Fund,unique-pairing
S000026341,PIMCO Broad U.S. TIPS Index Exchange-Traded Fund,PJRCQKZRS8WNQ21UV176,US72201R4039,SEC-NPORT,BBG000P46ZY2,BBG001T5HFT1,TIPZ,C000079102,PIMCO Broad U.S. TIPS Index Exchange-Traded Fund,figi-ticker-join
S000026342,PIMCO 1-5 Year U.S. TIPS Index Exchange-Traded Fund,CGBCXOHVREVKRN953H79,US72201R2058,GLEIF,BBG000P08VP7,BBG001T5DWK7,STPZ,C000079103,PIMCO 1-5 Year U.S. TIPS Index Exchange-Traded Fund,unique-pairing
S000026387,WisdomTree Managed Futures Strategy Fund,549300FCBI6VKNXMGC85,US97717W1255,SEC-NPORT,BBG001CSJZ68,BBG001V038F5,WTMF,,,unresolved
S000026411,Fidelity Freedom Index Income Fund,549300HM1SMPCKWQSL02,US3157921509,GLEIF,BBG000PN14D7,BBG001T5RLQ0,FIKFX,C000079279,Investor Class,figi-ticker-join
S000026500,TIAA-CREF Bond Index Fund,NCAWRAP0DM0YEWRNTR48,US87245P4110,SEC-NPORT,BBG00L1CG1T4,BBG00L1CG1V1,TBIWX,,,unresolved
S000026552,iShares Russell Top 200 Growth ETF,549300DT9HJY4DKTGI57,US4642894384,SEC-NPORT,BBG000PBGFP9,BBG001T5LBR7,IWY,C000079751,iShares Russell Top 200 Growth ETF,figi-ticker-join
S000026553,iShares Russell Top 200 ETF,549300C61G8VMXGKB962,US4642894467,SEC-NPORT,BBG000PBF2B4,BBG001T5LBQ8,IWL,C000079752,iShares Russell Top 200 ETF,figi-ticker-join
S000026554,iShares Russell Top 200 Value ETF,5493005EJDC8RL947G06,US4642894202,SEC-NPORT,BBG000PBGXC4,BBG001T5LBS6,IWX,C000079753,iShares Russell Top 200 Value ETF,figi-ticker-join
S000026631,Schwab U.S. Broad Market ETF,549300Z43HSC4Q4CI525,US8085241029,GLEIF,BBG000PRZSP5,BBG001T5XQT9,SCHB,C000079978,Schwab U.S. Broad Market ETF,unique-pairing
S000026632,Schwab U.S. Large-Cap ETF,549300D3593FFQX1M411,US8085242019,GLEIF,BBG000PS05G1,BBG001T5XQV6,SCHX,C000079979,Schwab U.S. Large-Cap ETF,unique-pairing
S000026633,Schwab U.S. Large-Cap Growth ETF,549300X647G1Z3XCRR98,US8085243009,GLEIF,BBG000Q0CS41,BBG001T66WN0,SCHG,C000079980,Schwab U.S. Large-Cap Growth ETF,unique-pairing
S000026634,Schwab U.S. Large-Cap Value ETF,549300FRX8JVCKQ08Y53,US8085244098,SEC-NPORT,BBG000Q0D5X8,BBG001T66WQ7,SCHV,C000079981,Schwab U.S. Large-Cap Value ETF,figi-ticker-join
S000026635,Schwab U.S. Mid-Cap ETF,549300CX4Y7E1N0YFZ10,US8085245087,SEC-NPORT,BBG001CSJ5M6,BBG001V036R6,SCHM,C000079982,Schwab U.S. Mid-Cap ETF,figi-ticker-join
S000026636,Schwab U.S. Small-Cap ETF,5493003UKSEZNILT8D61,US8085246077,SEC-NPORT,BBG000PS0FX0,BBG001T5XQW5,SCHA,C000079983,Schwab U.S. Small-Cap ETF,figi-ticker-join
S000026637,Schwab International Equity ETF,5493003PP4X6ZGIBL520,US8085248057,SEC-NPORT,BBG000PS0RP3,BBG001T5XQY3,SCHF,C000079984,Schwab International Equity ETF,figi-ticker-join
S000026638,Schwab International Small-Cap Equity ETF,549300WKPJ36EQS9LQ80,US8085248883,SEC-NPORT,BBG000Q5PVN8,BBG001T6L7C0,SCHC,C000079985,Schwab International Small-Cap Equity ETF,figi-ticker-join
S000026639,Schwab Emerging Markets Equity ETF,549300BX5O2DW26SGM55,US8085247067,SEC-NPORT,BBG000Q5QG14,BBG001T6L7D9,SCHE,C000079986,Schwab Emerging Markets Equity ETF,figi-ticker-join
S000026651,iShares 10+ Year Credit Bond ETF,5493002XJCHL78PKW767,US4642895118,SEC-NPORT,BBG000PGKK27,BBG001T5MKD1,IGLB,,,unresolved
S000026652,iShares Core 10+ Year USD Bond ETF,549300AS0BPHN7FEW779,US4642894798,SEC-NPORT,BBG000PGL182,BBG001T5MKJ5,ILTB,C000080010,iShares Core 10+ Year USD Bond ETF,figi-ticker-join
S000026750,PIMCO 25+ Year Zero Coupon U.S. Treasury Index Exchange-Traded Fund,6LH9877XNH3K5SHPAI89,US72201R8824,SEC-NPORT,BBG000PN8QP8,BBG001T5RZK5,ZROZ,C000080240,PIMCO 25+ Year Zero Coupon U.S. Treasury Index Exchange-Traded Fund,figi-ticker-join
S000026751,PIMCO Enhanced Short Maturity Active Exchange-Traded Fund,VOYE9Z80GB9431LFS645,US72201R8337,SEC-NPORT,BBG000PVW5B4,BBG001T618D9,MINT,C000080241,PIMCO Enhanced Short Maturity Active Exchange-Traded Fund,figi-ticker-join
S000026784,MainStay Epoch U.S. Equity Yield Fund,549300VUF2DM62SGU537,US56063J1043,GLEIF,BBG000HLFJ51,BBG001T39WX3,EPLPX,C000080507,Class A,figi-ticker-join
S000026784,MainStay Epoch U.S. Equity Yield Fund,549300VUF2DM62SGU537,US56063J2033,GLEIF,BBG000PVTGX0,BBG001T61796,EPLKX,C000080508,Class C,figi-ticker-join
S000026784,MainStay Epoch U.S. Equity Yield Fund,549300VUF2DM62SGU537,US56064L7029,SEC-NPORT,BBG00GPXRD42,BBG00GPXRD51,EPLDX,,,unresolved
S000026786,MainStay Epoch Global Equity Yield Fund,549300AP2JN3R7T55E64,US56064B5710,GLEIF,,,,,,unresolved
S000026829,Transamerica US Growth,549300CGBSDCLRHKAO38,US89356M7653,SEC-NPORT,BBG0118LBBD0,BBG0118LBBF8,TAGHX,,,unresolved
S000026829,Transamerica US Growth,549300CGBSDCLRHKAO38,US8939623737,SEC-NPORT,BBG00767PRW0,BBG00767PWC1,TRUSGI2,,,unresolved
S000026859,Vanguard Short-Term Government Bond Index Fund,9WRNUKXX21PRBRE7HY40,US92206C1027,GLEIF,BBG000PWZXV6,BBG001T62M74,VGSH,C000080843,ETF Shares,figi-ticker-join
S000026862,Vanguard Short-Term Corporate Bond Index Fund,GW69FWO1NUHCKLV98X51,US92206C4096,SEC-NPORT,BBG000PWXXY5,BBG001T62KZ7,VCSH,C000080852,ETF Shares,figi-ticker-join
S000026863,Vanguard Intermediate-Term Corporate Bond Index Fund,VKDXEYNPEMWGHJ22MR31,US92206C8709,SEC-NPORT,BBG000PWYVH7,BBG001T62M38,VCIT,C000080855,ETF Shares,figi-ticker-join
S000026865,Vanguard Mortgage-Backed Securities Index Fund,157FPOCFDEEVUKWE4M41,US92206C7719,SEC-NPORT,BBG000PX1043,BBG001T62MF5,VMBS,C000080861,ETF Shares,figi-ticker-join
S000026955,VanEck Vectors Junior Gold Miners ETF,549300P2HS5GYBL1ME59,US92189F7915,SEC-NPORT,BBG000PTYMS2,BBG001T60G06,GDXJ,C000081187,VanEck Vectors Junior Gold Miners ETF,figi-ticker-join
S000026979,Global X China Consumer ETF,549300ZKPZ4CX85D8R98,US37950E4089,SEC-NPORT,BBG000PYGRT9,BBG001T64BB1,CHIQ,C000081214,Global X China Consumer ETF,figi-ticker-join
S000027049,Deutsche Central Cash Management Government Fund,5493003GD84DGSXJ7618,US25160K3068,SEC-NPORT,,,,,,unresolved
S000027214,AQR Managed Futures Strategy Fund,07BUS8UTTPW0D72K9M62,US00203H8593,SEC-NPORT,BBG000Q3JJP5,BBG001T6DH00,AQMIX,C000082154,Class I,figi-ticker-join
S000027244,Causeway International Opportunities Fund,5493001TPHD0NQ5GP943,US14949Q1076,GLEIF,BBG000Q42NJ9,BBG001T6FF84,CIOIX,C000082229,Institutional Class,figi-ticker-join
S000027244,Causeway International Opportunities Fund,5493001TPHD0NQ5GP943,US14949Q2066,GLEIF,BBG000Q42P04,BBG001T6FF93,CIOVX,C000082230,Investor Class,figi-ticker-join
S000027257,Baron Real Estate Fund,549300CF6DJFQ0S5V274,US06828M8010,SEC-NPORT,BBG001HYQL72,BBG001V0DS51,BREIX,C000082257,Institutional Shares,figi-ticker-join
S000027808,INVESCO EQUITY AND INCOME FUND,549300LZ4Z04FLFDGP21,US00142J1236,GLEIF,BBG003D503Y3,BBG003D503Z2,IEIFX,C000120778,Class R6,figi-ticker-join
S000027810,INVESCO GROWTH AND INCOME FUND,549300L113DYTU346V10,US00141A1806,GLEIF,BBG00HK2PQX4,BBG00HK2PQY3,1760834D,,,unresolved
S000027810,INVESCO GROWTH AND INCOME FUND,549300L113DYTU346V10,US00142J1152,GLEIF,BBG003D50DR9,BBG003D50DS8,GIFFX,C000120779,Class R6,figi-ticker-join
S000027817,INVESCO EQUALLY-WEIGHTED S&P 500 FUND,549300AZLKVP0SZLA573,US00142J1319,GLEIF,BBG003D503F4,BBG003D503G3,VADFX,C000120780,Class R6,figi-ticker-join
S000027821,INVESCO S&P 500 INDEX FUND,549300J0LXNSW5N3T336,US00141A1319,GLEIF,BBG00GFPXJ86,BBG00GFPXJ95,SPISX,,,unresolved
S000027821,INVESCO S&P 500 INDEX FUND,549300J0LXNSW5N3T336,US00141A1491,GLEIF,BBG00HK2PYT2,BBG00HK2PYV9,SPITX,,,unresolved
S000027840,INVESCO VALUE OPPORTUNITIES FUND,54930057Z0HOHHXRFN73,US00143N8341,SEC-NPORT,BBG00GFPXJL1,BBG00GFPXJM0,VVOSX,,,unresolved
S000027920,Direxion Daily Semiconductor Bull 3X Shares,549300CSAWUY4LTETA16,US25459W4583,SEC-NPORT,BBG000QG1D78,BBG001T6YQM3,SOXL,C000084845,Direxion Daily Semiconductor Bull 3X Shares,figi-ticker-join
S000027941,Papp Small & Mid-Cap Growth Fund,5493003YT5D3OH7HI658,US69315C1080,GLEIF,BBG000QFPFG9,BBG001T6Y5D9,PAPPX,C000084913,Papp Small & Mid-Cap Growth Fund,unique-pairing
S000028038,JNL/AMERICAN FUNDS BLUE CHIP INCOME AND GROWTH FUND,549300UDPMPQ0R5FZZ77,US46644W3934,GLEIF,,,,,,unresolved
S000028038,JNL/AMERICAN FUNDS BLUE CHIP INCOME AND GROWTH FUND,549300UDPMPQ0R5FZZ77,US46644W4197,GLEIF,,,,,,unresolved
S000028040,JNL/AMERICAN FUNDS GLOBAL SMALL CAPITALIZATION FUND,549300752MFV7NU9SW54,US46644W3512,GLEIF,,,,,,unresolved
S000028040,JNL/AMERICAN FUNDS GLOBAL SMALL CAPITALIZATION FUND,549300752MFV7NU9SW54,US46644W3694,GLEIF,,,,,,unresolved
S000028041,JNL/AMERICAN FUNDS GROWTH-INCOME FUND,549300KWVD453S8IXU65,US46644W3108,GLEIF,,,,,,unresolved
S000028041,JNL/AMERICAN FUNDS GROWTH-INCOME FUND,549300KWVD453S8IXU65,US46644W3280,GLEIF,,,,,,unresolved
S000028042,JNL/AMERICAN FUNDS INTERNATIONAL FUND,549300CY4RFIM25F4M98,US46644W2860,GLEIF,,,,,,unresolved
S000028042,JNL/AMERICAN FUNDS INTERNATIONAL FUND,549300CY4RFIM25F4M98,US46644W2944,GLEIF,,,,,,unresolved
S000028043,JNL/AMERICAN FUNDS NEW WORLD FUND,549300H25VHN68D56J20,US46644W2605,GLEIF,,,,,,unresolved
S000028043,JNL/AMERICAN FUNDS NEW WORLD FUND,549300H25VHN68D56J20,US46644W2787,GLEIF,,,,,,unresolved
S000028092,Archer Balanced Fund,5493006BPWCZ4KYZOD43,US03951C1062,GLEIF,BBG000F19XY1,BBG001SN9FJ3,ARCHX,C000085570,Archer Balanced Fund,unique-pairing
S000028163,DoubleLine Total Return Bond Fund,54930080M2JY1L0IFX13,US2586201038,SEC-NPORT,BBG000QMKPS4,BBG001T7VFW7,DBLTX,C000086126,Class I,figi-ticker-join
S000028163,DoubleLine Total Return Bond Fund,54930080M2JY1L0IFX13,US2586202028,SEC-NPORT,BBG000QMKR19,BBG001T7VFZ4,DLTNX,C000086127,Class N,figi-ticker-join
S000028227,MainStay High Yield Municipal Bond Fund,549300QXVF3SZ2KO6339,US56063U5213,SEC-NPORT,BBG000QLB9P5,BBG001T7T393,MMHIX,C000086338,Class I,figi-ticker-join
S000028297,PowerShares S&P SmallCap Energy Portfolio,5493008GV13MOHGPN118,US46138G4745,SEC-NPORT,BBG000QM6Q44,BBG001T7V3C6,PSCE,C000086472,PowerShares S&P SmallCap Energy Portfolio,figi-ticker-join
S000028298,PowerShares S&P SmallCap Financials Portfolio,5493000XQDG1G4TON220,US46138E1560,SEC-NPORT,BBG000QM6ZZ0,BBG001T7V3D5,PSCF,C000086473,PowerShares S&P SmallCap Financials Portfolio,figi-ticker-join
S000028299,PowerShares S&P SmallCap Health Care Portfolio,549300H788QVJZP22U20,US46138E1495,SEC-NPORT,BBG000QM7C26,BBG001T7V3G2,PSCH,C000086474,PowerShares S&P SmallCap Health Care Portfolio,figi-ticker-join
S000028302,PowerShares S&P SmallCap Materials Portfolio,5493002VPQ23N7PNSV38,US46138G2012,SEC-NPORT,BBG000QM8780,BBG001T7V3K7,PSCM,C000086477,PowerShares S&P SmallCap Materials Portfolio,figi-ticker-join
S000028330,MML Short-Duration Bond Fund,XL07OZJZFFLZ255H7071,US55312G7549,SEC-NPORT,,,,,,unresolved
S000028361,AllianzGI International Small-Cap Fund,5493008LAX4C6210YR24,US92838V2051,GLEIF,BBG000QP5045,BBG001T88BV1,ALOIX,C000086675,Institutional Class,figi-ticker-join
S000028522,MainStay ICAP International Fund,549300FPTWJRAID17352,US56063J7164,SEC-NPORT,BBG000BH33X3,BBG001SBLX88,ICEUX,C000087298,Class I,figi-ticker-join
S000028525,MainStay S&P 500 Index Fund,5493003KCMU84KHQDX98,US56063J1613,GLEIF,BBG000BFM4X4,BBG001S6PV52,MSPIX,C000087314,Class I,figi-ticker-join
S000028525,MainStay S&P 500 Index Fund,5493003KCMU84KHQDX98,US56063J1795,GLEIF,BBG000BTNYJ3,BBG001SFCZ93,MSXAX,C000087313,Class A,figi-ticker-join
S000028525,MainStay S&P 500 Index Fund,5493003KCMU84KHQDX98,US56063J1878,GLEIF,BBG000C3XBT7,BBG001SRJVH0,MYSPX,C000087312,Investor Class,figi-ticker-join
S000028529,MainStay Floating Rate Fund,549300TKK2EWM1KEEX83,US56064L7938,SEC-NPORT,BBG00HK2HWM2,BBG00HK2HWN1,MXFEX,,,unresolved
S000028532,MainStay Conservative Allocation Fund,549300GI3BTC5N4VFN57,US56063U1097,GLEIF,BBG000PWKK40,BBG001SRHDG3,MCKNX,C000087350,Investor Class,figi-ticker-join
S000028532,MainStay Conservative Allocation Fund,549300GI3BTC5N4VFN57,US56063U2087,GLEIF,BBG000D01967,BBG001SM9KT3,MCKAX,C000087351,Class A,figi-ticker-join
S000028534,MainStay Moderate Growth Allocation Fund,549300VXKHL3MH2IL746,US56064B3244,GLEIF,,,,,,unresolved
S000028534,MainStay Moderate Growth Allocation Fund,549300VXKHL3MH2IL746,US56064B3327,GLEIF,,,,,,unresolved
S000028534,MainStay Moderate Growth Allocation Fund,549300VXKHL3MH2IL746,US56064B3400,GLEIF,,,,,,unresolved
S000028534,MainStay Moderate Growth Allocation Fund,549300VXKHL3MH2IL746,US56064B3574,GLEIF,,,,,,unresolved
S000028534,MainStay Moderate Growth Allocation Fund,549300VXKHL3MH2IL746,US56064B3657,GLEIF,,,,,,unresolved
S000028534,MainStay Moderate Growth Allocation Fund,549300VXKHL3MH2IL746,US56064B3731,GLEIF,,,,,,unresolved
S000028536,MainStay Indexed Bond Fund,549300O98OR0VH1HJ155,US56063J2520,GLEIF,BBG000BFM3X6,BBG001S6PV43,MIXIX,C000087370,Class I,figi-ticker-join
S000028536,MainStay Indexed Bond Fund,549300O98OR0VH1HJ155,US56063J2603,GLEIF,BBG000BV9ZC8,BBG001SFZ3G1,MIXAX,C000087372,Class A,figi-ticker-join
S000028536,MainStay Indexed Bond Fund,549300O98OR0VH1HJ155,US56063J2785,GLEIF,BBG000C3X8T4,BBG001SRJ042,MIXNX,C000087371,Investor Class,figi-ticker-join
S000028537,MainStay Total Return Bond Fund,549300F3C2BWGPG60278,US56063J1951,GLEIF,BBG000BFM311,BBG001S6PV25,MTMIX,C000087377,Class I,figi-ticker-join
S000028537,MainStay Total Return Bond Fund,549300F3C2BWGPG60278,US56063J2116,GLEIF,BBG000BWGBS4,BBG001SH4QY0,MTMCX,C000087376,Class C,figi-ticker-join
S000028537,MainStay Total Return Bond Fund,549300F3C2BWGPG60278,US56063J2298,GLEIF,,,,,,unresolved
S000028537,MainStay Total Return Bond Fund,549300F3C2BWGPG60278,US56063J2371,GLEIF,BBG000BT0GC4,BBG001SDQTB4,MTMAX,C000087374,Class A,figi-ticker-join
S000028537,MainStay Total Return Bond Fund,549300F3C2BWGPG60278,US56063J2454,GLEIF,BBG000C3X9V9,BBG001SRJJM1,MTMNX,C000087373,Investor Class,figi-ticker-join
S000028537,MainStay Total Return Bond Fund,549300F3C2BWGPG60278,US56064B4317,GLEIF,BBG008B923F5,BBG008B923H3,MTRDX,C000127150,Class R6,figi-ticker-join
S000028537,MainStay Total Return Bond Fund,549300F3C2BWGPG60278,US56064B5066,GLEIF,,,,,,unresolved
S000028538,MainStay Tax Advantaged Short Term Bond Fund,549300ZY6MAJ3210UG92,US56063J1381,GLEIF,BBG000BFM5D3,BBG001S6PV70,MSTIX,C000087380,Class I,figi-ticker-join
S000028538,MainStay Tax Advantaged Short Term Bond Fund,549300ZY6MAJ3210UG92,US56063J1464,GLEIF,BBG000BWQ7M8,BBG001SHK1T3,MSTAX,C000087379,Class A,figi-ticker-join
S000028538,MainStay Tax Advantaged Short Term Bond Fund,549300ZY6MAJ3210UG92,US56063J1530,GLEIF,BBG000C3XD59,BBG001SRJWC3,MYTBX,C000087378,Investor Class,figi-ticker-join
S000028542,MainStay International Opportunities Fund,549300PQST4ZGMIXWU52,US56063U6385,SEC-NPORT,BBG000QP4M48,BBG001SSFBQ6,MYIIX,C000087396,Class I,figi-ticker-join
S000028553,iShares MSCI Indonesia ETF,549300FG1ZHYGIRCFP28,US46429B3096,SEC-NPORT,BBG000QVL5M3,BBG001S56QM7,EIDO,C000087423,iShares MSCI Indonesia ETF,figi-ticker-join
S000028554,iShares MSCI New Zealand Capped ETF,549300BBCVC1Z8Y7R424,US4642891232,SEC-NPORT,BBG0015M9W30,BBG001TC2GR2,ENZL,C000087424,iShares MSCI New Zealand Capped ETF,figi-ticker-join
S000028556,iShares MSCI Poland Capped ETF,549300AWENQCY4VS9S36,US46429B6065,SEC-NPORT,BBG000QYG6S5,BBG001S56L11,EPOL,C000087428,iShares MSCI Poland Capped ETF,figi-ticker-join
S000028580,LVIP BlackRock Inflation Protected Bond Fund,MZ4W4ROOON3S99B8WI92,US5348985236,SEC-NPORT,,,,,,unresolved
S000028582,LVIP JPMorgan High Yield Fund,BLWDO4YKUZYDSHV3V628,US5348985491,SEC-NPORT,,,,,,unresolved
S000028681,iShares MSCI Ireland Capped ETF,549300SZBK4ZIEXV2U24,US46429B5075,SEC-NPORT,BBG000QVLXY9,BBG001S56P85,EIRL,C000087779,iShares MSCI Ireland Capped ETF,figi-ticker-join
S000028691,Variable Portfolio - Jennison Mid Cap Growth Fund,549300FLQ62VBWXVS581,US19766L1070,GLEIF,,,,,,unresolved
S000028727,Global X Copper Miners ETF,549300L5RUQZ388WGS57,US37954Y8306,SEC-NPORT,BBG000QRNHZ0,BBG001T8JBX7,COPX,C000087858,Global X Copper Miners ETF,figi-ticker-join
S000028730,Global X Silver Miners ETF,549300W0XPL6JJ7JYT05,US37954Y8488,SEC-NPORT,BBG000BW4G60,BBG001SSPRJ8,SIL,C000087861,Global X Silver Miners ETF,figi-ticker-join
S000028735,iShares MSCI Philippines ETF,54930043SLQ30SHQRM91,US46429B4086,SEC-NPORT,BBG0016RN6D8,BBG001TCKW33,EPHE,C000087875,iShares MSCI Philippines ETF,figi-ticker-join
S000028757,Met/Eaton Vance Floating Rate Portfolio,549300DRYEZRS9FSUN68,US10923M4924,SEC-NPORT,,,,,,unresolved
S000028848,Thrivent Government Bond Fund,549300BMAP0CZO213A55,US8858821262,GLEIF,BBG000QDG7J9,BBG001T6W4Q0,TBFIX,C000088464,Class S,figi-ticker-join
S000028848,Thrivent Government Bond Fund,549300BMAP0CZO213A55,US8858821346,GLEIF,BBG000QDG781,BBG001T6W4P1,TBFAX,C000088463,Class A,figi-ticker-join
S000028870,SPDR(R) Nuveen S&P(R) High Yield Municipal Bond ETF,54930036TY0W1EQHEK50,US78464A2841,SEC-NPORT,BBG001MHWXD3,BBG001V11QG4,HYMB,C000088522,SPDR(R) Nuveen S&P(R) High Yield Municipal Bond ETF,figi-ticker-join
S000028884,"Cohen & Steers Preferred Securities & Income Fund, Inc.",549300K2VDWJX1NSUI44,US19248X3070,SEC-NPORT,BBG000QTYMY4,BBG001T8M0W8,CPXIX,,,unresolved
S000028941,VanEck Vectors J.P. Morgan EM Local Currency Bond ETF,549300CNWPR88MZBEA63,US92189H3003,SEC-NPORT,BBG000BF8YP3,BBG001T9BPT7,EMLC,C000088891,VanEck Vectors J.P. Morgan EM Local Currency Bond ETF,figi-ticker-join
S000028942,VanEck Vectors Investment Grade Floating Rate ETF,549300KYMEXRFZZLM685,US92189F4862,SEC-NPORT,BBG001NKQWL5,BBG001V14Q53,FLTR,C000088892,VanEck Vectors Investment Grade Floating Rate ETF,figi-ticker-join
S000028947,SPDR(R) Barclays International Corporate Bond ETF,549300V3SXQ5D61UEN24,US78464A1512,SEC-NPORT,BBG000QXPDR3,BBG001T8QLK1,IBND,C000088912,SPDR(R) Barclays International Corporate Bond ETF,figi-ticker-join
S000028956,MFS Global Bond Fund,XE280U8NKIY4V6K1JN70,US5527438825,SEC-NPORT,BBG003DDK793,BBG003DDK7B0,MGBOX,C000120923,R6,figi-ticker-join
S000028958,MFS Commodity Strategy Fund,T0OEQ8I3F6DXUJCOV412,US55276T8264,SEC-NPORT,BBG00395QR77,BBG00395QR86,MCSRX,C000119775,R6,figi-ticker-join
S000028984,WisdomTree Emerging Markets Local Debt Fund,549300SEEWOPCRAVKB36,US97717X8671,SEC-NPORT,BBG0014GXD84,BBG001SVS9X2,ELD,C000088998,N/A,figi-ticker-join
S000028996,PIMCO 0-5 Year High Yield Corporate Bond Index Exchange-Traded Fund,C5UMYP9E80TI8X2OWG13,US72201R7834,SEC-NPORT,BBG001R058S4,BBG001V1XW67,HYS,C000089019,PIMCO 0-5 Year High Yield Corporate Bond Index Exchange-Traded Fund,figi-ticker-join
S000029061,Wells Fargo Premier Large Company Growth Fund,549300274OAZNFJPY711,US94987W8102,SEC-NPORT,BBG003NFBQN9,BBG003NFBQP7,EKJFX,C000120086,Class R6,figi-ticker-join
S000029062,Wells Fargo Emerging Markets Equity Fund,5493009K4PYGG5761N44,US94987W5397,SEC-NPORT,BBG004SBL066,BBG004SBL084,EMGDX,C000130053,Class R6,figi-ticker-join
S000029069,LS Opportunity Fund,549300QQ64C1N4236K79,US92046L6011,SEC-NPORT,BBG000QZ2402,BBG001T8SM54,LSOFX,C000089323,LS Opportunity Fund,figi-ticker-join
S000029101,Wells Fargo Diversified Income Builder Fund,549300FP4HFAVX1JJC53,US94988V4317,SEC-NPORT,BBG00LJT4H16,BBG00LJT4H25,EKSRX,,,unresolved
S000029104,Wells Fargo Disciplined U.S. Core Fund,549300MGIU94BMG90588,US94988V3087,SEC-NPORT,BBG00B454SW8,BBG00B454SX7,EVSRX,C000163729,Class R6,figi-ticker-join
S000029107,Wells Fargo High Yield Bond Fund,54930002ABPAT8LDZI59,US94988A7265,SEC-NPORT,BBG007G3WG18,BBG007G3WG27,EKHIX,C000150669,Institutional Class,figi-ticker-join
S000029198,Russell Global Infrastructure Fund,YLLCHFXPBQ1D4DCY1U29,US7824942491,SEC-NPORT,BBG000C7DLS9,BBG001SYNTC0,RGIYX,C000089838,Class Y,figi-ticker-join
S000029199,Russell Global Opportunistic Credit Fund,QMX8CVY41B3G014K7N60,US7824941816,SEC-NPORT,BBG000R4JV20,BBG001T94412,RGCYX,C000089839,Class Y,figi-ticker-join
S000029320,Goldman Sachs High Yield Floating Rate Fund,20OHG0KU8S4HBIU77D72,US38145L1668,SEC-NPORT,BBG00JC32HS8,BBG00JC32HT7,GFRSX,,,unresolved
S000029346,Direxion Daily Brazil Bull 3X Shares,549300T02YU3KFGO6S08,US25460G7088,SEC-NPORT,BBG004F0NT23,BBG004F0NTV1,BRZU,C000090189,Direxion Daily Brazil Bull 3X Shares,figi-ticker-join
S000029348,Direxion Daily Gold Miners Index Bear 3X Shares,549300HIQ2RB0ZCO0820,US25461A1896,SEC-NPORT,BBG0019YYBZ3,BBG001SX2G97,DUST,C000090191,Direxion Daily Gold Miners Index Bear 3X Shares,figi-ticker-join
S000029397,Secured Options Portfolio,549300QEJQNCSUC9L688,US3786905808,SEC-NPORT,BBG00D6QR8S0,BBG00D6QR8V6,GLSOX,,,unresolved
S000029400,AXA/AB Short Duration Government Bond Portfolio,549300XO88CBQSO85I85,US26883L7872,SEC-NPORT,BBG00ZTLWLC9,BBG00ZWWM7D2,EQDGBUU,,,unresolved
S000029407,Schwab U.S. TIPS ETF,5493001H0ESLTZTZWE77,US8085248701,SEC-NPORT,BBG000BGN6P5,BBG001T9F777,SCHP,C000090317,Schwab U.S. TIPS ETF,figi-ticker-join
S000029408,Schwab Short-Term U.S. Treasury ETF,5493005SHO0WH9C7RN69,US8085248628,SEC-NPORT,BBG000BGNS77,BBG001T9F795,SCHO,C000090318,Schwab Short-Term U.S. Treasury ETF,figi-ticker-join
S000029409,Schwab Intermediate-Term U.S. Treasury ETF,549300LPS1K6133V2Q55,US8085248545,SEC-NPORT,BBG000BGP762,BBG001T9F7C1,SCHR,C000090319,Schwab Intermediate-Term U.S. Treasury ETF,figi-ticker-join
S000029428,"T. Rowe Price Real Assets Fund, Inc.",5493008NLR7XEV5QEO07,US87279W1009,GLEIF,BBG000BB1CJ4,BBG001T0F7D9,PRAFX,C000090373,"T. Rowe Price Real Assets Fund, Inc.",figi-ticker-join
S000029428,"T. Rowe Price Real Assets Fund, Inc.",5493008NLR7XEV5QEO07,US87279W2098,GLEIF,BBG009Y15FT0,BBG009Y15FV7,PRIKX,C000159678,T. Rowe Price Real Assets Fund-I Class,figi-ticker-join
S000029428,"T. Rowe Price Real Assets Fund, Inc.",5493008NLR7XEV5QEO07,US87279W3088,GLEIF,BBG00TFXF625,BBG00TFXF634,TRZRX,,,unresolved
S000029441,Global X Lithium ETF,5493004G7TKT5SOCWN15,US37954Y8553,SEC-NPORT,BBG000BF74Y0,BBG001T9BM41,LIT,C000090392,Global X Lithium ETF,figi-ticker-join
S000029442,Global X Uranium ETF,549300FJZ5SE0HHSHI40,US37954Y8710,SEC-NPORT,BBG0018JWV58,BBG001TF8NP6,URA,C000090393,Global X Uranium ETF,figi-ticker-join
S000029581,JPMorgan Managed Income Fund,54930080XGK0GXPQLV03,US46641U1503,GLEIF,BBG00H5VZ232,BBG00H5VZ241,JMGLX,,,unresolved
S000029604,TIAA-CREF Emerging Markets Equity Fund,5493004W92G2B8L4SC94,US87245M2695,SEC-NPORT,BBG0015KHD00,BBG001TC1SM2,TEMLX,C000090853,Institutional Class,figi-ticker-join
S000029604,TIAA-CREF Emerging Markets Equity Fund,5493004W92G2B8L4SC94,US87249N1072,SEC-NPORT,BBG00L1CG864,BBG00L1CG891,TEMVX,,,unresolved
S000029605,TIAA-CREF Emerging Markets Equity Index Fund,5493004RD24327BLFY59,US87245P2478,SEC-NPORT,BBG00L1CG4M5,BBG00L1CG4W4,TENWX,,,unresolved
S000029608,CM Commodity Index Fund,549300PTUKSPWZ66DV80,US92107P1030,GLEIF,,,,,,unresolved
S000029700,Vanguard Target Retirement 2055 Fund,MSUXFUFSS7RPN0GD6081,GB00BZ6VKV28,GLEIF,BBG00CM7YZK6,BBG00CM7YZL5,VAR55GA,C000091317,Investor Shares,unique-pairing
S000029786,ALERIAN MLP ETF,549300WPBLCQJSVVVV61,US00162Q4525,SEC-NPORT,BBG0015CS200,BBG001TBMNT5,AMLP,C000091496,ALERIAN MLP ETF,figi-ticker-join
S000029813,PIMCO High Yield Spectrum Fund,XCZ3FIMJ83Q4C0RCNL56,US72201W2044,SEC-NPORT,BBG00164Z4W0,BBG001TCGD67,PHSIX,C000091648,Institutional Class,figi-ticker-join
S000029959,AQR Risk Parity Fund,L78U4GN0NU02PQQXU194,US00191K8808,SEC-NPORT,BBG006YWP5B7,BBG006YWP5D5,AQRRX,C000145939,Class R6,figi-ticker-join
S000030002,Vanguard Russell 1000 Growth Index Fund,ZOICJ1BTWYKFQSJDPN63,US92206C6802,SEC-NPORT,BBG0016LBV85,BBG001TCH518,VONG,C000092014,ETF Shares,figi-ticker-join
S000030019,Vanguard S&P Small-Cap 600 Value Index Fund,1L9X7IT41PS23HRPVG96,US9219327783,SEC-NPORT,BBG0015VYWQ7,BBG001TC6ML1,VIOV,C000092048,ETF Shares,figi-ticker-join
S000030031,RiverPark Large Growth Fund,5493002CO4PZHOIJYB36,US76882K1088,GLEIF,BBG001LM4625,BBG001V0WVV4,RPXIX,C000092088,Institutional Class,figi-ticker-join
S000030037,SPDR(R) S&P(R) Global Natural Resources ETF,549300TY1RVQ2C1UO359,US78463X5418,SEC-NPORT,BBG0015XSHT0,BBG001TC9HP5,GNR,C000092104,SPDR(R) S&P(R) Global Natural Resources ETF,figi-ticker-join
S000030045,VanEck Vectors Rare Earth/Strategic Metals ETF,549300CC0W53Y8C5LO70,US92189H8051,SEC-NPORT,BBG0018555F4,BBG001TCVD33,REMX,C000092114,VanEck Vectors Rare Earth/Strategic Metals ETF,figi-ticker-join
S000030113,THE ARBITRAGE EVENT-DRIVEN FUND,71ZPS0ACY0O0VMTK8636,US03875R4039,SEC-NPORT,BBG0016YWRY4,BBG001TCN8Y9,AEDNX,C000092485,Class I,figi-ticker-join
S000030145,RiverFront Strategic Income Fund,549300MMTMZ13HHBMZ80,US00162Q7833,SEC-NPORT,BBG005CZ6C22,BBG005CZ6C31,RIGS,C000092591,RiverFront Strategic Income Fund,figi-ticker-join
S000030189,AMERICAN FUNDS TAX-EXEMPT FUND OF NEW YORK,C0V4BQZZVIEYRMW6YD58,US02630X1019,GLEIF,BBG0018BVDK9,BBG001TCWCP0,NYAAX,C000092891,Class A,figi-ticker-join
S000030189,AMERICAN FUNDS TAX-EXEMPT FUND OF NEW YORK,C0V4BQZZVIEYRMW6YD58,US02630X3098,GLEIF,BBG0018BVDS1,BBG001TCWCR8,NYACX,C000092893,Class C,figi-ticker-join
S000030189,AMERICAN FUNDS TAX-EXEMPT FUND OF NEW YORK,C0V4BQZZVIEYRMW6YD58,US02630X4088,GLEIF,BBG0018BVF06,BBG001TCWCS7,NYAEX,C000092894,Class F-1,figi-ticker-join
S000030189,AMERICAN FUNDS TAX-EXEMPT FUND OF NEW YORK,C0V4BQZZVIEYRMW6YD58,US02630X5077,GLEIF,BBG0018BVF42,BBG001TCWCT6,NYAFX,C000092895,Class F-2,figi-ticker-join
S000030189,AMERICAN FUNDS TAX-EXEMPT FUND OF NEW YORK,C0V4BQZZVIEYRMW6YD58,US02630X6067,GLEIF,BBG00FY3X5Z6,BBG00FY3X602,TFNYX,,,unresolved
S000030189,AMERICAN FUNDS TAX-EXEMPT FUND OF NEW YORK,C0V4BQZZVIEYRMW6YD58,US02630X7057,GLEIF,BBG00H5Q3SV0,BBG00H5Q3SW9,TATEX,,,unresolved
S000030190,AMERICAN FUNDS MORTGAGE FUND,C5033DWGZLEAE8CW5708,US02630V1052,GLEIF,BBG0018BV4L8,BBG001TCWC70,MFAAX,C000092896,Class A,figi-ticker-join
S000030190,AMERICAN FUNDS MORTGAGE FUND,C5033DWGZLEAE8CW5708,US02630V3033,GLEIF,BBG0018BV571,BBG001TCWCB5,MFACX,C000092905,Class C,figi-ticker-join
S000030190,AMERICAN FUNDS MORTGAGE FUND,C5033DWGZLEAE8CW5708,US02630V4023,GLEIF,BBG0018BV5F2,BBG001TCWCC4,MFAEX,C000092906,Class F-1,figi-ticker-join
S000030190,AMERICAN FUNDS MORTGAGE FUND,C5033DWGZLEAE8CW5708,US02630V5012,GLEIF,BBG0018BV5P1,BBG001TCWCD3,MFAFX,C000092907,Class F-2,figi-ticker-join
S000030190,AMERICAN FUNDS MORTGAGE FUND,C5033DWGZLEAE8CW5708,US02630V6002,GLEIF,BBG0018BV3J3,BBG001TCWC43,CMFAX,C000092908,Class 529-A,figi-ticker-join
S000030190,AMERICAN FUNDS MORTGAGE FUND,C5033DWGZLEAE8CW5708,US02630V7331,GLEIF,BBG00H5Q3RP9,BBG00H5Q3RQ8,FMMFX,,,unresolved
S000030190,AMERICAN FUNDS MORTGAGE FUND,C5033DWGZLEAE8CW5708,US02630V7414,GLEIF,BBG00H5Q3RR7,BBG00H5Q3RS6,FFMFX,,,unresolved
S000030190,AMERICAN FUNDS MORTGAGE FUND,C5033DWGZLEAE8CW5708,US02630V7745,GLEIF,BBG00FY3THQ5,BBG00FY3THR4,AFFMX,,,unresolved
S000030190,AMERICAN FUNDS MORTGAGE FUND,C5033DWGZLEAE8CW5708,US02630V7828,GLEIF,BBG00BH5YJF0,BBG00BH5YJG9,RMAHX,C000164806,Class R-5E,figi-ticker-join
S000030190,AMERICAN FUNDS MORTGAGE FUND,C5033DWGZLEAE8CW5708,US02630V7901,GLEIF,BBG006XPJJT1,BBG006XPJJV8,RMBEX,C000148445,Class R-2E,figi-ticker-join
S000030190,AMERICAN FUNDS MORTGAGE FUND,C5033DWGZLEAE8CW5708,US02630V8081,GLEIF,BBG0018BX3K9,BBG001SB9GR8,CMFCX,C000092910,Class 529-C,figi-ticker-join
S000030190,AMERICAN FUNDS MORTGAGE FUND,C5033DWGZLEAE8CW5708,US02630V8164,GLEIF,BBG0018BVD74,BBG001TCWCM3,RMAGX,C000092903,Class R-6,figi-ticker-join
S000030190,AMERICAN FUNDS MORTGAGE FUND,C5033DWGZLEAE8CW5708,US02630V8248,GLEIF,BBG0018BVCW8,BBG001TCWCL4,RMAFX,C000092902,Class R-5,figi-ticker-join
S000030190,AMERICAN FUNDS MORTGAGE FUND,C5033DWGZLEAE8CW5708,US02630V8321,GLEIF,BBG0018BVCN8,BBG001TCWCK5,RMAEX,C000092901,Class R-4,figi-ticker-join
S000030190,AMERICAN FUNDS MORTGAGE FUND,C5033DWGZLEAE8CW5708,US02630V8404,GLEIF,BBG0018BV973,BBG001TCWCJ7,RMACX,C000092900,Class R-3,figi-ticker-join
S000030190,AMERICAN FUNDS MORTGAGE FUND,C5033DWGZLEAE8CW5708,US02630V8578,GLEIF,BBG0018BV795,BBG001TCWCH9,RMABX,C000092899,Class R-2,figi-ticker-join
S000030190,AMERICAN FUNDS MORTGAGE FUND,C5033DWGZLEAE8CW5708,US02630V8651,GLEIF,BBG0018BV633,BBG001TCWCF1,RMAAX,C000092898,Class R-1,figi-ticker-join
S000030190,AMERICAN FUNDS MORTGAGE FUND,C5033DWGZLEAE8CW5708,US02630V8818,GLEIF,BBG0018BV3X7,BBG001TCWC52,CMFEX,C000092911,Class 529-E,figi-ticker-join
S000030275,Federated Bank Loan Core Fund,549300FJK5JF0KIC2N83,US31409N8048,SEC-NPORT,,,,,,unresolved
S000030315,Transamerica Large Cap Value,549300NMC5GPLD2ULC77,US8935092572,SEC-NPORT,BBG0018YX551,BBG001TFZ7R9,TWQZX,C000093291,I2,figi-ticker-join
S000030455,Archer Income Fund,5493000U6YE12YDDT022,US0394911053,GLEIF,BBG001MHDV11,BBG001V11NV4,ARINX,C000093505,Archer Income Fund,unique-pairing
S000030456,Archer Stock Fund,5493009NXX109XUMKG45,US0394912044,GLEIF,BBG001MHF0R9,BBG001V11NX2,ARSKX,C000093506,Archer Stock Fund,unique-pairing
S000030481,iShares 0-5 Year TIPS Bond ETF,549300GIWSEGOQLZR212,US46429B7477,SEC-NPORT,BBG0019SRJP8,BBG001TG5H89,STIP,C000093655,iShares 0-5 Year TIPS Bond ETF,figi-ticker-join
S000030518,Schwab U.S. REIT ETF,549300OLDKO120DR6467,US8085248479,SEC-NPORT,BBG001CSKWZ1,BBG001V039G2,SCHH,C000094080,Schwab U.S. REIT ETF,figi-ticker-join
S000030566,TCW Emerging Markets Local Currency Income Fund,549300MHVWQ08HBJ5K10,US8723653098,GLEIF,BBG001B9WD83,BBG001TK4TH5,TGWIX,C000094780,Class I,figi-ticker-join
S000030601,Voya Multi-Manager International Equity Fund,5493000U21RQGM1DSK59,US92914A5965,SEC-NPORT,BBG0019RG4P5,BBG001TG5406,IIGIX,C000094856,Class I,figi-ticker-join
S000030799,Capital Appreciation Value Fund,549300C767SP8UZZCZ04,US47803V1199,SEC-NPORT,BBG001CBFG89,BBG001TWRMC4,JCAVX,,,unresolved
S000030878,JNL/PPM AMERICA FLOATING RATE INCOME FUND,1O7QZWOIU4UVOH40U082,US46648L1200,GLEIF,,,,,,unresolved
S000030878,JNL/PPM AMERICA FLOATING RATE INCOME FUND,1O7QZWOIU4UVOH40U082,US46648L1382,GLEIF,,,,,,unresolved
S000030894,Baron Emerging Markets Fund,549300K626NYG7JN7Q83,US06828M8762,SEC-NPORT,BBG002QK0BK5,BBG002QK0BL4,BEXIX,C000095862,Institutional Shares,figi-ticker-join
S000030928,Transamerica International Equity,549300VAB3EZIHJBZ196,US8935092168,SEC-NPORT,BBG0074VL016,BBG0074VL025,TRWIX,,,unresolved
S000030928,Transamerica International Equity,549300VAB3EZIHJBZ196,US89360T5829,SEC-NPORT,BBG00F5FM6G2,BBG00F5FM6H1,TRWTX,,,unresolved
S000030965,PowerShares S&P SmallCap Low Volatility Portfolio,5493006HSOM15DF54551,US46138G1022,GLEIF,BBG00449DVG7,BBG00449DVH6,XSLV,C000096000,PowerShares S&P SmallCap Low Volatility Portfolio,unique-pairing
S000030967,PowerShares S&P 500 Low Volatility Portfolio,549300FATA6ZCF8G1744,US46138E3541,SEC-NPORT,BBG001P2KBP1,BBG001V18CG8,SPLV,C000096002,PowerShares S&P 500 Low Volatility Portfolio,figi-ticker-join
S000030998,Deutsche X-trackers MSCI Emerging Markets Hedged Equity ETF,HC71NFWMM3L2KVQMCX82,US2330511013,GLEIF,BBG001QWQCK1,BBG001V1QT71,DBEM,C000096054,Deutsche X-trackers MSCI Emerging Markets Hedged Equity ETF,unique-pairing
S000030999,Deutsche X-trackers MSCI EAFE Hedged Equity ETF,VB3LV8F59BT690138S60,US2330512003,SEC-NPORT,BBG001QVX940,BBG001S9Z3V8,DBEF,C000096055,Deutsche X-trackers MSCI EAFE Hedged Equity ETF,figi-ticker-join
S000031053,PowerShares Senior Loan Portfolio,549300SIHU6DQELRNG59,US46138G5080,SEC-NPORT,BBG001K94N28,BBG001V0MBC0,BKLN,C000096299,PowerShares Senior Loan Portfolio,figi-ticker-join
S000031109,AMERICAN FUNDS GLOBAL BALANCED FUND,IW8BXWMJ747EV3OLWY78,US02629W1062,GLEIF,BBG001DJY9Z6,BBG001V06L63,GBLAX,C000096495,Class A,figi-ticker-join
S000031109,AMERICAN FUNDS GLOBAL BALANCED FUND,IW8BXWMJ747EV3OLWY78,US02629W3043,GLEIF,BBG001DJY888,BBG001V06L45,GBLCX,C000096504,Class C,figi-ticker-join
S000031109,AMERICAN FUNDS GLOBAL BALANCED FUND,IW8BXWMJ747EV3OLWY78,US02629W4033,GLEIF,BBG001DJYHX0,BBG001V04K94,GBLEX,C000096505,Class F-1,figi-ticker-join
S000031109,AMERICAN FUNDS GLOBAL BALANCED FUND,IW8BXWMJ747EV3OLWY78,US02629W5022,GLEIF,BBG001DJYJ02,BBG001V04KB1,GBLFX,C000096506,Class F-2,figi-ticker-join
S000031109,AMERICAN FUNDS GLOBAL BALANCED FUND,IW8BXWMJ747EV3OLWY78,US02629W6012,GLEIF,BBG001DJYL16,BBG001V06LC6,CBFAX,C000096507,Class 529-A,figi-ticker-join
S000031109,AMERICAN FUNDS GLOBAL BALANCED FUND,IW8BXWMJ747EV3OLWY78,US02629W7341,GLEIF,BBG00H5Q3T02,BBG00H5Q3T11,FFBGX,,,unresolved
S000031109,AMERICAN FUNDS GLOBAL BALANCED FUND,IW8BXWMJ747EV3OLWY78,US02629W7424,GLEIF,BBG00H5Q3T48,BBG00H5Q3T57,FFGGX,,,unresolved
S000031109,AMERICAN FUNDS GLOBAL BALANCED FUND,IW8BXWMJ747EV3OLWY78,US02629W7598,GLEIF,BBG00H5Q3T75,BBG00H5Q3T84,TFBGX,,,unresolved
S000031109,AMERICAN FUNDS GLOBAL BALANCED FUND,IW8BXWMJ747EV3OLWY78,US02629W7671,GLEIF,BBG00H5Q3T93,BBG00H5Q3TB0,TFGBX,,,unresolved
S000031109,AMERICAN FUNDS GLOBAL BALANCED FUND,IW8BXWMJ747EV3OLWY78,US02629W7754,GLEIF,BBG00FWL3CJ4,BBG00FWL3CK2,GFBLX,,,unresolved
S000031109,AMERICAN FUNDS GLOBAL BALANCED FUND,IW8BXWMJ747EV3OLWY78,US02629W7838,GLEIF,BBG00BH5Y5N1,BBG00BH5Y5P9,RGBHX,C000164811,Class R-5E,figi-ticker-join
S000031109,AMERICAN FUNDS GLOBAL BALANCED FUND,IW8BXWMJ747EV3OLWY78,US02629W7911,GLEIF,BBG006XPJBM5,BBG006XPJBQ1,RGGHX,C000148460,Class R-2E,figi-ticker-join
S000031109,AMERICAN FUNDS GLOBAL BALANCED FUND,IW8BXWMJ747EV3OLWY78,US02629W8091,GLEIF,BBG001DJYLT6,BBG001V06KK9,CBFCX,C000096509,Class 529-C,figi-ticker-join
S000031109,AMERICAN FUNDS GLOBAL BALANCED FUND,IW8BXWMJ747EV3OLWY78,US02629W8174,GLEIF,BBG001DJYKG2,BBG001V04KL0,RGBGX,C000096502,Class R-6,figi-ticker-join
S000031109,AMERICAN FUNDS GLOBAL BALANCED FUND,IW8BXWMJ747EV3OLWY78,US02629W8257,GLEIF,BBG001DJYK72,BBG001V04KM9,RGBFX,C000096501,Class R-5,figi-ticker-join
S000031109,AMERICAN FUNDS GLOBAL BALANCED FUND,IW8BXWMJ747EV3OLWY78,US02629W8331,GLEIF,BBG001DJYJN7,BBG001V04KH5,RGBEX,C000096500,Class R-4,figi-ticker-join
S000031109,AMERICAN FUNDS GLOBAL BALANCED FUND,IW8BXWMJ747EV3OLWY78,US02629W8414,GLEIF,BBG001DJYJ93,BBG001V04KG6,RGBCX,C000096499,Class R-3,figi-ticker-join
S000031109,AMERICAN FUNDS GLOBAL BALANCED FUND,IW8BXWMJ747EV3OLWY78,US02629W8588,GLEIF,BBG001DJYJ66,BBG001V04KF7,RGBBX,C000096498,Class R-2,figi-ticker-join
S000031109,AMERICAN FUNDS GLOBAL BALANCED FUND,IW8BXWMJ747EV3OLWY78,US02629W8661,GLEIF,BBG001DJYJ20,BBG001V04KD9,RGBLX,C000096497,Class R-1,figi-ticker-join
S000031109,AMERICAN FUNDS GLOBAL BALANCED FUND,IW8BXWMJ747EV3OLWY78,US02629W8745,GLEIF,BBG001DJYNJ3,BBG001V06LJ9,CBFFX,C000096496,Class 529-F-1,figi-ticker-join
S000031109,AMERICAN FUNDS GLOBAL BALANCED FUND,IW8BXWMJ747EV3OLWY78,US02629W8828,GLEIF,BBG001DJYM87,BBG001V06LF3,CBFEX,C000096510,Class 529-E,figi-ticker-join
S000031154,Deutsche High Income Fund,TWIQP8VKJK957HT5V127,US25155T6358,SEC-NPORT,BBG000C074J9,BBG001SL8XL6,KHYIX,C000096667,Institutional Class,figi-ticker-join
S000031160,Deutsche Global Equity Fund,549300VE52DGR0TFBL27,US25156G5099,SEC-NPORT,BBG000CR4NG4,BBG001SCCC46,MGINX,C000096698,Institutional Class,figi-ticker-join
S000031174,SPDR(R) S&P(R) Emerging Markets Dividend ETF,5493000CJCE3FTDXMN84,US78463X5335,SEC-NPORT,BBG001JZPDN8,BBG001V0JXP2,EDIV,C000096745,SPDR(R) S&P(R) Emerging Markets Dividend ETF,figi-ticker-join
S000031292,Direxion Daily S&P 500 (R) Bear 1X Shares,549300T7XOX6HMMC6T83,US25460E8690,SEC-NPORT,BBG00D1WLCQ1,BBG00D1WLCR0,SPDN,C000097007,Direxion Daily S&P 500 (R) Bear 1X Shares,figi-ticker-join
S000031341,Columbia Floating Rate Fund,ENJCZN57I5DQL3TXEX26,US19766J5737,SEC-NPORT,BBG008NM74N7,BBG008NM74S2,CFRYX,C000158965,Columbia Floating Rate Fund Class Y,figi-ticker-join
S000031344,Columbia U.S. Government Mortgage Fund,TJ30X3X4Z9WHP6KG4C22,US19766J5810,SEC-NPORT,BBG0077WWHJ3,BBG0077WWHL0,CUGYX,C000149222,Columbia U.S. Government Mortgage Fund Class Y,figi-ticker-join
S000031346,Columbia High Yield Bond Fund,D0A8CA0QT3K0EUQM7B46,US19766C4950,SEC-NPORT,BBG003BVZSV8,BBG003BVZSW7,CHYYX,C000121135,Columbia High Yield Bond Fund Class Y,figi-ticker-join
S000031354,Columbia Diversified Equity Income Fund,GBD4E5863JX2QJ01SX72,US19766C5866,SEC-NPORT,BBG003BRLP57,BBG003BRLP66,CDEYX,C000119014,Columbia Diversified Equity Income Fund Class Y,figi-ticker-join
S000031356,Columbia Disciplined Core Fund,WZFYKIH0EHMJ78PRD419,US19766J5653,SEC-NPORT,BBG008NM7QW8,BBG008NM7QZ5,CCQYX,C000158971,Columbia Disciplined Core Fund Class Y,figi-ticker-join
S000031365,Columbia Dividend Opportunity Fund,83MDPK3YCMHWUC6DLS25,US19766C5601,SEC-NPORT,BBG003BRLSC3,BBG003BRLSD2,CDOYX,C000121137,Columbia Dividend Opportunity Fund Class Y,figi-ticker-join
S000031370,Columbia Seligman Communications and Information Fund,549300KHHZC2NVRZZZ09,US19842W1018,GLEIF,,,,,,unresolved
S000031370,Columbia Seligman Communications and Information Fund,549300KHHZC2NVRZZZ09,US19842W2008,GLEIF,,,,,,unresolved
S000031370,Columbia Seligman Communications and Information Fund,549300KHHZC2NVRZZZ09,US19842W3097,GLEIF,,,,,,unresolved
S000031370,Columbia Seligman Communications and Information Fund,549300KHHZC2NVRZZZ09,US19842W4087,GLEIF,,,,,,unresolved
S000031370,Columbia Seligman Communications and Information Fund,549300KHHZC2NVRZZZ09,US19842W5076,GLEIF,,,,,,unresolved
S000031370,Columbia Seligman Communications and Information Fund,549300KHHZC2NVRZZZ09,US19842W6066,GLEIF,,,,,,unresolved
S000031370,Columbia Seligman Communications and Information Fund,549300KHHZC2NVRZZZ09,US19842W7056,GLEIF,,,,,,unresolved
S000031370,Columbia Seligman Communications and Information Fund,549300KHHZC2NVRZZZ09,US19842W8047,GLEIF,,,,,,unresolved
S000031370,Columbia Seligman Communications and Information Fund,549300KHHZC2NVRZZZ09,US19842W8872,GLEIF,,,,,,unresolved
S000031375,Columbia Select Smaller-Cap Value Fund,FWJUEONBPD2EVWSB3B02,US19766J5992,SEC-NPORT,BBG0077WWGZ7,BBG0077WWH03,CSSYX,C000149224,Columbia Select Smaller-Cap Value Fund-Class Y,figi-ticker-join
S000031379,Columbia Emerging Markets Bond Fund,4OPR5RZITXTAR58MG788,US19766C5452,SEC-NPORT,BBG003BRLSM2,BBG003BRLSN1,CEBYX,C000122766,Columbia Emerging Markets Bond Fund Class Y,figi-ticker-join
S000031462,JPMorgan Global Allocation Fund,05BPHY57BRZ28M05ST85,US48127B1281,GLEIF,,,,,,unresolved
S000031462,JPMorgan Global Allocation Fund,05BPHY57BRZ28M05ST85,US48129C3060,GLEIF,BBG00J2DRYS3,BBG00J2DRYT2,GAOZX,,,unresolved
S000031462,JPMorgan Global Allocation Fund,05BPHY57BRZ28M05ST85,US48129C8507,GLEIF,BBG00M3GWC28,BBG00M3GWC37,GAORX,,,unresolved
S000031462,JPMorgan Global Allocation Fund,05BPHY57BRZ28M05ST85,US48129C8689,GLEIF,BBG00M3GWBX6,BBG00M3GWBY5,GAOFX,,,unresolved
S000031462,JPMorgan Global Allocation Fund,05BPHY57BRZ28M05ST85,US48129C8762,GLEIF,BBG00M3GWBR3,BBG00M3GWBS2,GAOTX,,,unresolved
S000031478,Tarkio Fund,54930084VJMU58MP8Z56,US18143P1049,GLEIF,BBG0035HFBV5,BBG0035HFBW4,TARKX,C000097869,Tarkio Fund,unique-pairing
S000031502,TOPS Conservative ETF Portfolio,549300C5JVVXIIJS4082,US66538K8421,GLEIF,,,,,,unresolved
S000031503,TOPS Balanced ETF Portfolio,549300VPGO1ULIQDTI28,US66538K8348,GLEIF,,,,,,unresolved
S000031504,TOPS Moderate Growth ETF Portfolio,549300YDJH2RX6OEMR02,US66538K8264,GLEIF,,,,,,unresolved
S000031505,TOPS Growth ETF Portfolio,549300RZ9W22FGP7P063,US66538K8181,GLEIF,,,,,,unresolved
S000031506,TOPS Aggressive Growth ETF Portfolio,5493008CBBL2Q5QGII10,US66538K7928,GLEIF,,,,,,unresolved
S000031717,iShares MSCI China ETF,549300Q0IWAYMYXW0R77,US46429B6719,SEC-NPORT,BBG001LRJJH4,BBG001S56D46,MCHI,C000098688,iShares MSCI China ETF,figi-ticker-join
S000031795,First Trust Emerging Markets AlphaDEX Fund,54930075W3FUHU1JJG48,US33737J1824,SEC-NPORT,BBG001MKMZJ6,BBG001V11W80,FEM,C000099049,First Trust Emerging Markets AlphaDEX Fund,figi-ticker-join
S000031796,First Trust Europe AlphaDEX Fund,5493000IHJBNPZO0TC53,US33737J1170,SEC-NPORT,BBG001MKQKC2,BBG001V11YX8,FEP,C000099050,First Trust Europe AlphaDEX Fund,figi-ticker-join
S000031799,First Trust China AlphaDEX Fund,549300X7CFZMNE2POE32,US33737J1410,SEC-NPORT,BBG001MKPW19,BBG001V11WR9,FCA,C000099053,First Trust China AlphaDEX Fund,figi-ticker-join
S000031802,First Trust Developed Markets Ex-US AlphaDEX Fund,549300SVX2E7BU0PDC63,US33737J1741,SEC-NPORT,BBG001MKQJK6,BBG001V11YW9,FDT,C000099056,First Trust Developed Markets Ex-US AlphaDEX Fund,figi-ticker-join
S000031836,SPDR Barclays Issuer Scored Corporate Bond ETF,549300TAUX1W391UBA63,US78464A1447,SEC-NPORT,BBG001M534W4,BBG001V10544,SPBO,,,unresolved
S000031837,iShares Edge MSCI Min Vol EAFE ETF,549300N5K4JSWEZ74544,US46429B6891,SEC-NPORT,BBG0025X2VX0,BBG0025X2WP7,EFAV,C000099140,iShares Edge MSCI Min Vol EAFE ETF,figi-ticker-join
S000031838,iShares Edge MSCI Min Vol USA ETF,54930006KUZN6GLGL496,US46429B6974,SEC-NPORT,BBG0025X2FJ1,BBG0025X2G81,USMV,C000099141,iShares Edge MSCI Min Vol USA ETF,figi-ticker-join
S000031844,iShares Core High Dividend ETF,549300M7WVLJWAVPDO86,US46429B6636,SEC-NPORT,BBG001LRJC70,BBG001V0XLT8,HDV,C000099165,iShares Core High Dividend ETF,figi-ticker-join
S000031859,Global Balanced Fund,JGEO1G15TNSISDFXHQ08,US02630E1038,GLEIF,BBG006NTHZ29,BBG006NTHZ10,AFISGLB,,,unresolved
S000031879,GLOBAL REAL ESTATE FUND,549300EK3ONWUWNADZ09,US0250764646,SEC-NPORT,BBG001KNQ3H1,BBG001V0QSN7,ARYVX,C000099278,INVESTOR CLASS,figi-ticker-join
S000031879,GLOBAL REAL ESTATE FUND,549300EK3ONWUWNADZ09,US02508F6126,SEC-NPORT,BBG015LH9F94,BBG015LH9FB1,ACIWX,,,unresolved
S000031904,VP Unconstrained Bond Portfolio,6C5519UGH7WX3W03CU84,US56064D5106,SEC-NPORT,,,,,,unresolved
S000032043,Deutsche Enhanced Commodity Strategy Fund,U72UPDOVVEAXSRWTZF97,US25159L8366,SEC-NPORT,BBG000QV4JF0,BBG001SNRPC8,SKIRX,C000099774,Institutional Class,figi-ticker-join
S000032044,Deutsche Global Real Estate Securities Fund,S3F7OHQGFS84K9XEJE32,US25159L1098,GLEIF,BBG000M8QQ56,BBG001SQ8X99,RRGAX,C000099780,Class A,figi-ticker-join
S000032044,Deutsche Global Real Estate Securities Fund,S3F7OHQGFS84K9XEJE32,US25159L4068,SEC-NPORT,BBG000M8QRQ1,BBG001SQ8XD4,RRGIX,C000099784,Institutional Class,figi-ticker-join
S000032045,Deutsche Real Estate Securities Fund,2EGUP71H6PBMSKMC3J09,US25159L7376,SEC-NPORT,BBG000CJ6DJ9,BBG001SFG0B3,RRRRX,C000099790,Institutional Class,figi-ticker-join
S000032049,PIMCO Total Return Fund IV,PY0CUOITINQ307GVTQ46,US72201W7175,SEC-NPORT,BBG001NQ0PZ0,BBG001V16CB5,PTUIX,C000099802,Institutional Class,figi-ticker-join
S000032435,AB Global Dynamic Allocation Portfolio,5493001KS6KHTJSBGC09,US10923M1045,GLEIF,,,,,,unresolved
S000032438,Met/Franklin Low Duration Total Return Portfolio,549300HDUGIR8TU0PL77,US10923M4767,SEC-NPORT,,,,,,unresolved
S000032449,Columbia Short-Term Cash Fund,549300VVFD6ONXJAKQ35,US19766H2397,SEC-NPORT,,,,,,unresolved
S000032495,Global X SuperDividend ETF,549300WHBWBK1U3N4G54,US37960A6698,SEC-NPORT,BBG001QVTV19,BBG001V1QND7,SDIV,C000100210,Global X SuperDividend ETF,figi-ticker-join
S000032497,iShares Edge MSCI Min Vol Emerging Markets ETF,5493004IJ7V6ULMP5F52,US4642865335,SEC-NPORT,BBG0025X3F19,BBG0025X3FS0,EEMV,C000100212,iShares Edge MSCI Min Vol Emerging Markets ETF,figi-ticker-join
S000032498,iShares Edge MSCI Min Vol Global ETF,549300DZXYYH8TOP8M46,US4642865251,SEC-NPORT,BBG0025X38X0,BBG0025X39Q6,ACWV,C000100213,iShares Edge MSCI Min Vol Global ETF,figi-ticker-join
S000032548,JPMorgan Floating Rate Income Fund,K21GU2WTRTI2PVQVCH83,US46637K2574,GLEIF,BBG005DLBTB9,BBG005DLBTH3,JPHRX,C000132280,Class R6,figi-ticker-join
S000032697,PIMCO RAE Fundamental PLUS Small Fund,UT17HYFPFUE66KKMZM55,US72201W6755,SEC-NPORT,BBG001P0WVX9,BBG001V17VV0,PCFIX,C000100907,Institutional Class,figi-ticker-join
S000032698,PIMCO RAE Fundamental PLUS International Fund,FRE2ROMRMC2BDS43QJ31,US72201W6672,SEC-NPORT,BBG001P0X324,BBG001V17VY7,PTSIX,C000100919,Institutional Class,figi-ticker-join
S000032712,MFS New Discovery Value Fund,LRMRW30Z8FYTIFW1W860,US5529826969,SEC-NPORT,BBG003519VC4,BBG003519VF1,NDVVX,C000117930,R6,figi-ticker-join
S000032773,Parametric Commodity Strategy Fund,HRKCSKMNIKIQ8EY5JT96,US2779232238,SEC-NPORT,BBG001QSXGF9,BBG001V1JYK3,EIPCX,C000101132,Parametric Commodity Strategy Fund Institutional Class,figi-ticker-join
S000032784,T. Rowe Price Emerging Markets Local Currency Bond Fund,308254AVG0WE2QK20V13,US77956H3690,SEC-NPORT,BBG00BGYSGD3,BBG00BGYSGF1,TEIMX,C000166322,T. Rowe Price Emerging Markets Local Currency Bond Fund-I Class,figi-ticker-join
S000032784,T. Rowe Price Emerging Markets Local Currency Bond Fund,308254AVG0WE2QK20V13,US87281D7690,SEC-NPORT,BBG00Z5LRDG5,BBG00Z5LRDH4,TRZFX,,,unresolved
S000032811,The Hartford World Bond Fund,1GHK00KQL17L6GJ0T728,US41664T2226,SEC-NPORT,BBG00G6S3P52,BBG00G6S3P61,HWDFX,,,unresolved
S000032915,Lord Abbett Growth Leaders Fund,54930074HNMKS2EXE462,US5439152845,SEC-NPORT,BBG001PH4KN8,BBG001V1BT86,LGLIX,C000101591,Class I,figi-ticker-join
S000032925,VanEck Vectors CEF Municipal Income ETF,549300PUUB20HTFO1M17,US92189F4607,SEC-NPORT,BBG001WL62Y7,BBG001WL63R3,XMPT,C000101627,VanEck Vectors CEF Municipal Income ETF,figi-ticker-join
S000033013,QuantShares U.S. Market Neutral Anti-Beta Fund,549300YBDDPCJBGJCO29,US00110G4082,GLEIF,BBG0021PGZZ5,BBG0021PH0S9,BTAL,C000101802,QuantShares U.S. Market Neutral Anti-Beta Fund,unique-pairing
S000033059,SPDR SSGA Multi-Asset Real Return ETF,5493007QJU53DW46ZK83,US78467V1035,GLEIF,BBG002XY8871,BBG002XY88Z0,RLY,C000101916,SPDR SSGA Multi-Asset Real Return ETF,unique-pairing
S000033059,SPDR SSGA Multi-Asset Real Return ETF,5493007QJU53DW46ZK83,US78467V8485,SEC-NPORT,BBG0084H8467,BBG0084H8485,TOTL,C000144728,SPDR DoubleLine Total Return Tactical ETF,figi-ticker-join
S000033060,SPDR SSGA Income Allocation ETF,549300JLXDIL3P817435,US78467V2025,SEC-NPORT,BBG002XY89W1,BBG002XY8BM7,INKM,C000101917,SPDR SSGA Income Allocation ETF,figi-ticker-join
S000033064,SPDR Blackstone / GSO Senior Loan ETF,549300ME4SR63Y3TRD06,CH0225415063,GLEIF,,,,,,unresolved
S000033064,SPDR Blackstone / GSO Senior Loan ETF,549300ME4SR63Y3TRD06,CH0225415089,GLEIF,,,,,,unresolved
S000033064,SPDR Blackstone / GSO Senior Loan ETF,549300ME4SR63Y3TRD06,US78467V6083,SEC-NPORT,BBG004DF1D49,BBG004DF1DW8,SRLN,C000101921,SPDR Blackstone / GSO Senior Loan ETF,figi-ticker-join
S000033136,iShares Floating Rate Bond ETF,549300G2T0MQ0NCEG317,US46429B6552,SEC-NPORT,BBG001QWVB81,BBG001V1QYX1,FLOT,C000102031,iShares Floating Rate Bond ETF,figi-ticker-join
S000033156,Schwab U.S. Aggregate Bond ETF,549300EMR2FMUC3JFN76,US8085248396,SEC-NPORT,BBG001WBMKQ0,BBG001WBMLH8,SCHZ,C000102078,Schwab U.S. Aggregate Bond ETF,figi-ticker-join
S000033201,Global X MLP ETF,5493002HV8507QNNGD19,US37954Y3430,SEC-NPORT,BBG002WKD5Y2,BBG002WKD6P0,MLPA,C000102168,Global X MLP ETF,figi-ticker-join
S000033233,PIMCO Total Return Active Exchange-Traded Fund,WFXVQL1P1SLFR2PGV620,US72201R7750,SEC-NPORT,BBG002N12B91,BBG002N12C17,BOND,C000102215,PIMCO Total Return Active Exchange-Traded Fund,figi-ticker-join
S000033315,FlexShares Morningstar Global Upstream Natural Resources Index Fund,549300NRG12H5S0TF735,US33939L4077,SEC-NPORT,BBG00243P818,BBG00243P8S9,GUNR,C000102371,FlexShares Morningstar Global Upstream Natural Resources Index Fund,figi-ticker-join
S000033316,FlexShares iBoxx 3-Year Target Duration TIPS Index Fund,549300ZWYVY56P3FZI25,US33939L5066,SEC-NPORT,BBG00243PB66,BBG00243PBY5,TDTT,C000102372,FlexShares iBoxx 3-Year Target Duration TIPS Index Fund,figi-ticker-join
S000033325,VanEck Vectors Mortgage REIT Income ETF,54930027HZP6Q1ONAO98,US92189F4524,SEC-NPORT,BBG001ZSTN14,BBG001ZSTNT4,MORT,C000102386,VanEck Vectors Mortgage REIT Income ETF,figi-ticker-join
S000033394,DFA LTIP PORTFOLIO,5493002LL7DG39YNJG30,US25239Y8738,SEC-NPORT,BBG002H4T8S9,BBG002H4T8T8,DRXIX,,,unresolved
S000033448,Brookfield Global Listed Infrastructure Fund,549300CPI6ZUYPQLC173,US1127405017,GLEIF,BBG0029KXKS0,BBG0029KXKT9,BGLAX,C000102856,Class A,figi-ticker-join
S000033458,First Trust North American Energy Infrastructure Fund,549300K1YJMSAM1GH775,US33738D1019,GLEIF,BBG0034YTQY8,BBG0034YTRP6,EMLP,C000102880,First Trust North American Energy Infrastructure Fund,unique-pairing
S000033466,VanEck Vectors BDC Income ETF,5493000CQN0MMJGTGK14,US92189F4110,SEC-NPORT,BBG00440GKJ4,BBG00440GL84,BIZD,C000102898,VanEck Vectors BDC Income ETF,figi-ticker-join
S000033565,"T. Rowe Price Floating Rate Fund, Inc.",55EVHYN9ZAYVXIDNQB12,US87279B1061,GLEIF,BBG001XHB457,BBG001XHB466,PRFRX,C000103068,"T. Rowe Price Floating Rate Fund, Inc.",figi-ticker-join
S000033565,"T. Rowe Price Floating Rate Fund, Inc.",55EVHYN9ZAYVXIDNQB12,US87279B2051,GLEIF,BBG001XHDKS4,BBG001XHDKV0,PAFRX,C000103069,T. Rowe Price Floating Rate Fund-Advisor Class,figi-ticker-join
S000033565,"T. Rowe Price Floating Rate Fund, Inc.",55EVHYN9ZAYVXIDNQB12,US87279B3042,GLEIF,BBG00FFRQC78,BBG00FFRQC87,TFAIX,,,unresolved
S000033565,"T. Rowe Price Floating Rate Fund, Inc.",55EVHYN9ZAYVXIDNQB12,US87279B4032,GLEIF,BBG00TFXF661,BBG00TFXF670,TRIZX,,,unresolved
S000033634,Direxion NASDAQ-100(R) Equal Weighted Index Shares,549300P2QNSIMTCCZ681,US25459Y2072,SEC-NPORT,BBG001KXTSV5,BBG001V0SZW9,QQQE,C000103352,Direxion NASDAQ-100(R) Equal Weighted Index Shares,figi-ticker-join
S000033635,Fidelity Emerging Markets Index Fund,9VI7T88ORCJIKH9IIM98,US3161463316,SEC-NPORT,BBG001YF5WT9,BBG001YF5WV6,FPADX,C000103361,Institutional Premium Class,figi-ticker-join
S000033683,Transamerica Emerging Markets Debt,549300UOGL5KQ4NPEX35,US8935091418,SEC-NPORT,BBG0074VLQ00,BBG0074VLQ37,IAADX,,,unresolved
S000033683,Transamerica Emerging Markets Debt,549300UOGL5KQ4NPEX35,US89354D4455,SEC-NPORT,BBG008P2LBP5,BBG008P2LBQ4,TAEDX,,,unresolved
S000033795,MFS Emerging Markets Debt Local Currency Fund,5493001KPK8UJ27DMD68,US5527463237,SEC-NPORT,BBG003MV7B44,BBG003MV7B53,EMLNX,C000123138,R6,figi-ticker-join
S000033806,iShares Emerging Markets Local Currency Bond ETF,549300ZZ765YKMMG3526,US4642865178,SEC-NPORT,BBG0025X4HC2,BBG0025X4J38,LEMB,C000104446,iShares Emerging Markets Local Currency Bond ETF,figi-ticker-join
S000033831,SPDR S&P 1500 Value Tilt ETF,549300DDGDTCN7DTIA86,US78464A1280,GLEIF,BBG003HBVSB2,BBG003HBVT20,VLU,C000104492,SPDR S&P 1500 Value Tilt ETF,unique-pairing
S000033926,MainStay VP Eagle Small Growth Portfolio,549300VXWSMCSHWOUI87,US56064D4943,SEC-NPORT,,,,,,unresolved
S000033930,MainStay VP T. Rowe Price Equity Income Portfolio,549300I82F7Q9FG0VP41,US56064D2475,SEC-NPORT,,,,,,unresolved
S000033934,Payden Emerging Markets Local Bond Fund,549300ZRY78UEWJB7K76,US7043292678,GLEIF,,,,,,unresolved
S000033949,Eaton Vance Multi-Strategy All Market Fund,549300QLS00MSCRQU042,US27826A1025,GLEIF,BBG0024WRTL4,BBG0024WRTM3,EAAMX,C000104668,Eaton Vance Multi-Strategy All Market Fund Class A,figi-ticker-join
S000034126,METROPOLITAN WEST UNCONSTRAINED BOND FUND,549300ZZVSC0UDZL8M80,US5929057496,SEC-NPORT,BBG00248BM48,BBG00248BM57,MWCIX,C000105186,Class I,figi-ticker-join
S000034163,Schwab U.S. Dividend Equity ETF,549300MUIMRQQDWJ5226,US8085247976,SEC-NPORT,BBG0025RWKW5,BBG0025RWLM4,SCHD,C000105320,Schwab U.S. Dividend Equity ETF,figi-ticker-join
S000034406,VanEck Vectors Biotech ETF,549300PGHG6VYS4R2K51,US92189F7261,SEC-NPORT,BBG000C1FW33,BBG002DP3D21,BBH,C000105864,VanEck Vectors Biotech ETF,figi-ticker-join
S000034408,VanEck Vectors Oil Services ETF,549300WSDUDKDJCJOV22,US92189H6071,SEC-NPORT,BBG000D02J82,BBG001SGYST1,OIH,C000105866,VanEck Vectors Oil Services ETF,figi-ticker-join
S000034409,VanEck Vectors Pharmaceutical ETF,5493008SDOYUHMC8LF44,US92189F6925,SEC-NPORT,BBG000BCKT22,BBG001S73GG5,PPH,C000105867,VanEck Vectors Pharmaceutical ETF,figi-ticker-join
S000034411,VanEck Vectors Semiconductor ETF,549300MJTG2N9QRH7I02,US92189F6768,SEC-NPORT,BBG000BV7ZQ5,BBG002D68GN8,SMH,C000105869,VanEck Vectors Semiconductor ETF,figi-ticker-join
S000034415,TCW Global Bond Fund,549300LNSLRWNNL82Q34,US8723658873,SEC-NPORT,BBG0025KJN40,BBG0025KJN59,TGGBX,C000105877,Class I,figi-ticker-join
S000034517,DIREXION DAILY JUNIOR GOLD MINERS INDEX BEAR 3X SHARES,54930022QLCZI8802L76,US25461A1714,SEC-NPORT,BBG005CM7H38,BBG005CM7H29,JDST,C000106085,DIREXION DAILY JUNIOR GOLD MINERS INDEX BEAR 3X SHARES,figi-ticker-join
S000034530,PowerShares KBW Bank Portfolio,5493006QRDPX6RZ3LB17,US46138E6288,SEC-NPORT,BBG0027F1TD5,BBG0027F1V40,KBWB,C000106122,PowerShares KBW Bank Portfolio,figi-ticker-join
S000034585,JPMorgan International Unconstrained Equity Fund,549300RMZ0H6Q5148Y98,US48121L1301,GLEIF,BBG004LMCY74,BBG004LMCY83,IUENX,C000106404,Class R6,figi-ticker-join
S000034585,JPMorgan International Unconstrained Equity Fund,549300RMZ0H6Q5148Y98,US48121L1483,GLEIF,BBG004LMCY10,BBG004LMCY29,IUEFX,C000106403,Class R5,figi-ticker-join
S000034585,JPMorgan International Unconstrained Equity Fund,549300RMZ0H6Q5148Y98,US48121L1558,GLEIF,BBG004LMCXT2,BBG004LMCXV9,IUERX,C000106402,Class R2,figi-ticker-join
S000034585,JPMorgan International Unconstrained Equity Fund,549300RMZ0H6Q5148Y98,US48121L1632,GLEIF,BBG004LMCYL8,BBG004LMCYM7,IUESX,C000106401,Select Class,figi-ticker-join
S000034585,JPMorgan International Unconstrained Equity Fund,549300RMZ0H6Q5148Y98,US48121L1715,GLEIF,BBG004LMCXG6,BBG004LMCXH5,IUCEX,C000106400,Class C,figi-ticker-join
S000034585,JPMorgan International Unconstrained Equity Fund,549300RMZ0H6Q5148Y98,US48121L1897,GLEIF,BBG004LMCWW0,BBG004LMCWX9,IUAEX,C000106399,Class A,figi-ticker-join
S000034651,DFA World ex U.S. Government Fixed Income Portfolio,5493001KSJU4MGHNS208,US23320G3231,SEC-NPORT,BBG0027G68X2,BBG0027G68Y1,DWFIX,,,unresolved
S000034697,iShares MSCI Emerging Markets Asia ETF,549300QNROXHZ53JWF91,US4642864262,SEC-NPORT,BBG002MYG8C8,BBG002MYG936,EEMA,C000106873,iShares MSCI Emerging Markets Asia ETF,figi-ticker-join
S000034700,iShares MSCI India Small-Cap ETF,549300ZTQ7NM17G19H49,US46429B6149,SEC-NPORT,BBG002DMN4P1,BBG002DMN5F9,SMIN,C000106876,iShares MSCI India Small-Cap ETF,figi-ticker-join
S000034702,iShares MSCI India ETF,549300282VMCFH7S5848,US46429B5984,SEC-NPORT,BBG002DMN3L7,BBG002DMN4B6,INDA,C000106878,iShares MSCI India ETF,figi-ticker-join
S000034746,PowerShares S&P International Developed Momentum Portfolio,549300FP3CLYT6WN8W75,US46138E2220,SEC-NPORT,BBG002PL3Z37,BBG002PL3ZV6,IDMO,C000106969,PowerShares S&P International Developed Momentum Portfolio,figi-ticker-join
S000034749,PowerShares S&P Emerging Markets Low Volatility Portfolio,549300GNOVL6PZKC5748,US46138E2972,SEC-NPORT,BBG002DJ8GK3,BBG002DJ8H94,EELV,C000106972,PowerShares S&P Emerging Markets Low Volatility Portfolio,figi-ticker-join
S000034856,Goldman Sachs Managed Futures Strategy Fund,3J24L49YUVS4LPAV0F85,US38150C8799,SEC-NPORT,BBG00KFNGTK5,BBG00KFNGTL4,GMSWX,,,unresolved
S000034874,SPDR Barclays Investment Grade Floating Rate ETF,549300QJ0FR0L0XRBI28,US78468R2004,SEC-NPORT,BBG0029J2H86,BBG0029J2J00,FLRN,C000107256,SPDR Barclays Investment Grade Floating Rate ETF,figi-ticker-join
S000034945,MML Focused Equity Fund,549300SLRZRGITT1HD33,US5530971978,SEC-NPORT,,,,,,unresolved
S000034946,MML Fundamental Growth Fund,5493004SX3XV4PR5XZ31,US5530971713,SEC-NPORT,,,,,,unresolved
S000034948,GMO Resources Fund,549300RZ6MOU726M7F60,US3620141024,GLEIF,BBG002D19WD4,BBG002D19WF2,GOFIX,C000107485,Class III,figi-ticker-join
S000034948,GMO Resources Fund,549300RZ6MOU726M7F60,US3620144093,SEC-NPORT,BBG0145JXSD1,BBG0145JXSF9,GMOWX,,,unresolved
S000034980,First Trust Preferred Securities and Income ETF,54930020K2F7W4E0C531,US33739E1082,GLEIF,BBG0043NRZ00,BBG0043NRZR1,FPE,C000107588,First Trust Preferred Securities and Income ETF,unique-pairing
S000035066,Global Absolute Return Strategies Fund,549300T318YH9FB27C98,US47804M8608,SEC-NPORT,BBG0228K2LG4,BBG0228K2LH3,JHMAARU,,,unresolved
S000035389,iShares MSCI Norway Capped ETF,5493001LS8OY7OQK2M34,US46429B4995,SEC-NPORT,BBG002DMLTJ5,BBG002DMLV82,ENOR,C000108740,iShares MSCI Norway Capped ETF,figi-ticker-join
S000035395,iShares MSCI World ETF,549300SBOOZR51TG3W64,US4642863926,SEC-NPORT,BBG002D9R2H9,BBG002D9R378,URTH,C000108746,iShares MSCI World ETF,figi-ticker-join
S000035453,Vanguard Target Retirement 2060 Fund,9QJI18J11RNIQTQGZY66,GB00BF38WW17,GLEIF,BBG00JCCW716,BBG00JCHZX79,VAR60GA,C000108861,Investor Shares,unique-pairing
S000035596,FlexShares Ready Access Variable Income Fund,549300731Y7GX2UDFY78,US33939L8862,SEC-NPORT,BBG003GP3VC5,BBG003GP3W33,RAVI,C000109007,FlexShares Ready Access Variable Income Fund,figi-ticker-join
S000035729,Vanguard Total International Bond Index Fund,549300BXRBFWS9SORH32,US92203J2096,SEC-NPORT,BBG002DKQC74,BBG002DKQC83,VTIFX,C000109502,Institutional Shares,figi-ticker-join
S000035729,Vanguard Total International Bond Index Fund,549300BXRBFWS9SORH32,US92203J3086,SEC-NPORT,BBG002DKQB94,BBG002DKQBB1,VTABX,C000109501,Admiral Shares,figi-ticker-join
S000035729,Vanguard Total International Bond Index Fund,549300BXRBFWS9SORH32,US92203J4076,SEC-NPORT,BBG004N1LFT5,BBG004N1LGK2,BNDX,C000109503,ETF Shares,figi-ticker-join
S000035880,iShares MSCI Global Silver Miners ETF,549300VTT81KG1MIFJ25,US4642863272,SEC-NPORT,BBG002GKRDP8,BBG002GKRFF4,SLVP,C000109983,iShares MSCI Global Silver Miners ETF,figi-ticker-join
S000035882,iShares MSCI Global Gold Miners ETF,549300GPQXTYLBQN1755,US46434G8556,SEC-NPORT,BBG002GKR6T9,BBG002GKR7K6,RING,C000109985,iShares MSCI Global Gold Miners ETF,figi-ticker-join
S000035885,iShares MSCI Global Metals & Mining Producers ETF,549300P22YCPXTDJWG70,US46434G8481,SEC-NPORT,BBG002GKR8T5,BBG002GKR9K2,PICK,C000109988,iShares MSCI Global Metals & Mining Producers ETF,figi-ticker-join
S000035895,American Beacon Stephens Small Cap Growth Fund,549300BNC1NLBPSR1U69,US02368A1253,GLEIF,BBG002CNBSX1,BBG002CNBSY0,SPWYX,C000110029,Y Class,figi-ticker-join
S000035895,American Beacon Stephens Small Cap Growth Fund,549300BNC1NLBPSR1U69,US02368A1337,GLEIF,BBG000CWRNS5,BBG001SM7GL2,STSGX,C000110030,Investor Class,figi-ticker-join
S000035895,American Beacon Stephens Small Cap Growth Fund,549300BNC1NLBPSR1U69,US02368A1410,GLEIF,BBG000NX6521,BBG001SQS455,STSIX,C000110028,Institutional Class,figi-ticker-join
S000035895,American Beacon Stephens Small Cap Growth Fund,549300BNC1NLBPSR1U69,US02368A1584,GLEIF,BBG002CNBSQ9,BBG002CNBSR8,SPWCX,C000110027,C Class,figi-ticker-join
S000035895,American Beacon Stephens Small Cap Growth Fund,549300BNC1NLBPSR1U69,US02368A1667,GLEIF,BBG002CNBR63,BBG002CNBR72,SPWAX,C000110026,A Class,figi-ticker-join
S000035895,American Beacon Stephens Small Cap Growth Fund,549300BNC1NLBPSR1U69,US0245261880,GLEIF,BBG00NX1G6L6,BBG00NX1G6M5,STSRX,,,unresolved
S000035914,iShares CMBS ETF,5493008QF1WFU4PEB467,US46429B3666,SEC-NPORT,BBG002NCLSR9,BBG002NCLTH8,CMBS,C000110079,iShares CMBS ETF,figi-ticker-join
S000035915,iShares GNMA Bond ETF,5493000KODSFW8LTTF91,US46429B3336,SEC-NPORT,BBG002N8KLH5,BBG002N8KM74,GNMA,C000110080,iShares GNMA Bond ETF,figi-ticker-join
S000035916,iShares Aaa - A Rated Corporate Bond ETF,5493009W1LC1TK28CL24,US46429B2916,SEC-NPORT,BBG002NCM0W3,BBG002NCM1M2,QLTA,C000110081,iShares Aaa - A Rated Corporate Bond ETF,figi-ticker-join
S000035919,iShares Core U.S. Treasury Bond ETF,549300YMK9GAMCTG8G20,US46429B2676,SEC-NPORT,BBG002NCKNY3,BBG002NCKPP8,GOVT,C000110086,iShares Core U.S. Treasury Bond ETF,figi-ticker-join
S000035925,FAM Small Cap Fund,5493008TQ848RYX79096,US3144651052,GLEIF,BBG000BGKQG4,BBG001S70DN7,FAMVX,,,unresolved
S000036004,iShares Emerging Markets Dividend ETF,549300ZYN7MB8GTUQI40,US4642863199,SEC-NPORT,BBG002PHMJ22,BBG002PHMJT3,DVYE,C000110341,iShares Emerging Markets Dividend ETF,figi-ticker-join
S000036091,GMO Implementation Fund,EJTCG40ZNRD9J2UWZ659,US3620145082,SEC-NPORT,BBG009KCTQL9,BBG009KCTQM8,GIMFX,C000110451,GMO Implementation Fund,figi-ticker-join
S000036117,Wells Fargo Absolute Return Fund,5493008YR83M6GI6QC15,US9499177932,SEC-NPORT,BBG000C29582,BBG001SN5858,WMFDX,,,unresolved
S000036166,ClearBridge International Growth Fund,549300SUY81C3X143T93,US52471E2587,SEC-NPORT,BBG00LW95VC1,BBG00LW95VD0,LMGPX,,,unresolved
S000036290,Aspiriant Risk-Managed Global Equity Fund,549300BN0RKQAFERV981,US04537V1052,GLEIF,BBG0038CSF68,BBG0038CSF77,RMEAX,C000111026,Advisor Shares,figi-ticker-join
S000036379,JNL/AMERICAN FUNDS GROWTH ALLOCATION FUND,549300X1CVVITR3YTW45,US46644W3363,GLEIF,,,,,,unresolved
S000036379,JNL/AMERICAN FUNDS GROWTH ALLOCATION FUND,549300X1CVVITR3YTW45,US46644W3447,GLEIF,,,,,,unresolved
S000036382,JNL/NEUBERGER BERMAN STRATEGIC INCOME FUND,3QOU4YV63J0L1CL2VU56,US46648L2372,GLEIF,,,,,,unresolved
S000036382,JNL/NEUBERGER BERMAN STRATEGIC INCOME FUND,3QOU4YV63J0L1CL2VU56,US46648L2455,GLEIF,,,,,,unresolved
S000036414,SPDR Barclays Short Term High Yield Bond ETF,549300YI2V5ELVW58659,US78468R4083,SEC-NPORT,BBG002QLYC88,BBG002QLYD04,SJNK,C000111386,SPDR Barclays Short Term High Yield Bond ETF,figi-ticker-join
S000036503,First Trust Germany AlphaDEX Fund,549300RQS253ACGNJL98,US33737J1907,SEC-NPORT,BBG002N8WN24,BBG002N8WNT5,FGM,C000111808,First Trust Germany AlphaDEX Fund,figi-ticker-join
S000036507,First Trust United Kingdom AlphaDEX Fund,549300K2MYPIP58XVJ75,US33737J2244,SEC-NPORT,BBG002N8TF98,BBG002N8TG14,FKU,C000111812,First Trust United Kingdom AlphaDEX Fund,figi-ticker-join
S000036713,VanEck Vectors Morningstar Wide Moat ETF,549300F440UAK5RSEH97,US92189F6438,SEC-NPORT,BBG002XRNH24,BBG002XRNHT5,MOAT,C000112255,VanEck Vectors Morningstar Wide Moat ETF,figi-ticker-join
S000036714,MainStay Balanced Fund,549300DL5ZTPAWGC6G97,US56063U1170,GLEIF,BBG000DYCZR0,BBG001SRH954,MBINX,C000112265,Investor Class,figi-ticker-join
S000036714,MainStay Balanced Fund,549300DL5ZTPAWGC6G97,US56063U1410,GLEIF,,,,,,unresolved
S000036714,MainStay Balanced Fund,549300DL5ZTPAWGC6G97,US56063U1584,GLEIF,,,,,,unresolved
S000036714,MainStay Balanced Fund,549300DL5ZTPAWGC6G97,US56063U1667,GLEIF,BBG000BBTQB1,BBG001S6F1P7,MBAIX,C000112261,Class I,figi-ticker-join
S000036714,MainStay Balanced Fund,549300DL5ZTPAWGC6G97,US56063U1741,GLEIF,BBG000C1WTZ6,BBG001SL5Z43,MBACX,C000112260,Class C,figi-ticker-join
S000036714,MainStay Balanced Fund,549300DL5ZTPAWGC6G97,US56063U1907,GLEIF,BBG000BPZRH5,BBG001SCTVB8,MBNAX,C000112258,Class A,figi-ticker-join
S000036715,MainStay Epoch U.S. Small Cap Fund,549300X2531TDNVCHR44,US56063U1253,GLEIF,BBG000C3XC33,BBG001SRJVZ0,MOINX,C000112269,Investor Class,figi-ticker-join
S000036715,MainStay Epoch U.S. Small Cap Fund,549300X2531TDNVCHR44,US56064B1008,GLEIF,BBG000BWQ8K8,BBG001SHK364,MOPAX,C000112270,Class A,figi-ticker-join
S000036715,MainStay Epoch U.S. Small Cap Fund,549300X2531TDNVCHR44,US56064B3087,GLEIF,BBG000C05RH2,BBG001SL5ZB5,MOPCX,C000112267,Class C,figi-ticker-join
S000036715,MainStay Epoch U.S. Small Cap Fund,549300X2531TDNVCHR44,US56064B4077,GLEIF,BBG000BC2XQ7,BBG001S657N7,MOPIX,C000112268,Class I,figi-ticker-join
S000036767,Baron Global Advantage Fund,549300H23AWQ1PSUDU58,US06828M8358,SEC-NPORT,BBG002W90DH3,BBG002W90DJ1,BGAIX,C000112441,Institutional Shares,figi-ticker-join
S000036768,VanEck Vectors Emerging Markets High Yield Bond ETF,5493000XZY6IPF1JRM25,US92189F3534,SEC-NPORT,BBG002YJGGR4,BBG002YJGHH3,HYEM,C000112445,VanEck Vectors Emerging Markets High Yield Bond ETF,figi-ticker-join
S000036772,VanEck Vectors Fallen Angel High Yield Bond ETF,549300A6A1N73WLV0K30,US92189F4375,SEC-NPORT,BBG002VZY764,BBG002VZY7Y3,ANGL,C000112461,VanEck Vectors Fallen Angel High Yield Bond ETF,figi-ticker-join
S000036776,iShares Emerging Markets Corporate Bond ETF,549300KPO5RMKK5GGF02,US4642862514,SEC-NPORT,BBG002WGKHN9,BBG002WGKJD6,CEMB,C000112502,iShares Emerging Markets Corporate Bond ETF,figi-ticker-join
S000036777,iShares Emerging Markets High Yield Bond ETF,549300DZF05WBBY0EZ78,US4642862852,SEC-NPORT,BBG002VCZQ17,BBG002VCZQS8,EMHY,C000112503,iShares Emerging Markets High Yield Bond ETF,figi-ticker-join
S000036793,EQ/High Yield Bond Portfolio,5493004BBGDFO01JB395,US26884M4794,SEC-NPORT,BBG00ZSNCZS0,BBG00ZVX6HJ1,12HYBUU,,,unresolved
S000036842,Schroders Global Multi-Asset Portfolio,8OCFT4TTGW72E43PUE28,US10923M1615,GLEIF,,,,,,unresolved
S000036894,Legg Mason BW Global Opportunities Bond Fund,549300UL6SM15ZRNUZ25,US5246863188,SEC-NPORT,BBG000QCV027,BBG001SS1Z88,GOBSX,C000112922,Class IS,figi-ticker-join
S000036907,iShares International High Yield Bond ETF,549300P92KYAJ7I5B171,US4642862100,SEC-NPORT,BBG002VD3P03,BBG002VD3PR4,EUHY,,,unresolved
S000036913,Transamerica Small Cap Value,549300RKIQDFFOVG9875,US89355J7634,SEC-NPORT,BBG0074VJ0V6,BBG0074VJ0W5,TRSCVI2,,,unresolved
S000036913,Transamerica Small Cap Value,549300RKIQDFFOVG9875,US89356L5930,SEC-NPORT,BBG00DGZKMK3,BBG00DGZKML2,TSLRX,C000172145,R6,figi-ticker-join
S000036913,Transamerica Small Cap Value,549300RKIQDFFOVG9875,US89360T4269,SEC-NPORT,BBG00F5FP0T8,BBG00F5FP0V5,TSLTX,,,unresolved
S000036938,SPDR BofA Merrill Lynch Crossover Corporate Bond ETF,549300B3SM8J1H4W2052,US78468R6062,SEC-NPORT,BBG0034VNB73,BBG0034VNBZ2,SPHY,,,unresolved
S000036992,MainStay New York Tax Free Opportunities Fund,5493000QL2DGK8JJHL76,US56063U2160,GLEIF,BBG002VXNGV3,BBG002VXNGW2,MNOVX,C000113213,Investor Class,figi-ticker-join
S000036992,MainStay New York Tax Free Opportunities Fund,5493000QL2DGK8JJHL76,US56063U2244,GLEIF,BBG002VXNGL4,BBG002VXNGM3,MNOIX,C000113212,Class I,figi-ticker-join
S000036992,MainStay New York Tax Free Opportunities Fund,5493000QL2DGK8JJHL76,US56063U2327,GLEIF,BBG002VXN3V2,BBG002VXN3W1,MNOCX,C000113211,Class C,figi-ticker-join
S000036992,MainStay New York Tax Free Opportunities Fund,5493000QL2DGK8JJHL76,US56063U2400,GLEIF,BBG002VXNGC4,BBG002VXNGD3,MNOAX,C000113210,Class A,figi-ticker-join
S000037042,iShares Short Maturity Bond ETF,549300BV2WH8444C2Y33,US46431W5076,SEC-NPORT,BBG0059KNK13,BBG0059KNK04,NEAR,C000113876,iShares Short Maturity Bond ETF,figi-ticker-join
S000037048,PIMCO Short-Term Floating NAV Portfolio III,LWVQWTQCFH3YG7CVH718,US72201W1541,SEC-NPORT,,,,,,unresolved
S000037098,PIMCO Short Asset Investment Fund,1O6WJSO68YQ4C8FMUN43,US72201U8282,SEC-NPORT,BBG002WMYC43,BBG002WMYC52,PAIDX,C000114208,Institutional Class,figi-ticker-join
S000037179,VanEck Vectors Preferred Securities ex Financials ETF,549300FG65WTEVMEFQ32,US92189F4292,SEC-NPORT,BBG0034VZNP4,BBG0034VZPF0,PFXF,C000114511,VanEck Vectors Preferred Securities ex Financials ETF,figi-ticker-join
S000037204,Wells Fargo Emerging Markets Equity Income Fund,5493003AZUGKSBVEIO93,US94988V7047,SEC-NPORT,BBG00B4QTJH2,BBG00B4QTJK8,EQIRX,C000163724,Class R6,figi-ticker-join
S000037359,JPMorgan SmartRetirement* Blend Income Fund,549300ILOYIKX4LBLI81,US46641U3665,GLEIF,BBG00GW6CWN6,BBG00GW6CWP4,JITKX,,,unresolved
S000037359,JPMorgan SmartRetirement* Blend Income Fund,549300ILOYIKX4LBLI81,US46641U3749,GLEIF,BBG00GW6CTW3,BBG00GW6CTX2,JITLX,,,unresolved
S000037360,JPMorgan SmartRetirement* Blend 2055 Fund,54930042HNL16CZIGH88,US46641U1842,GLEIF,BBG00GW69H71,BBG00GW69H80,JTTLX,,,unresolved
S000037360,JPMorgan SmartRetirement* Blend 2055 Fund,54930042HNL16CZIGH88,US46641U1925,GLEIF,BBG00GW69H26,BBG00GW69H35,JTTUX,,,unresolved
S000037365,JPMorgan SmartRetirement* Blend 2025 Fund,5493004CV4K8WM5S8F24,US46641U3251,GLEIF,BBG00GVMF503,BBG00GVMF512,JBTBX,,,unresolved
S000037365,JPMorgan SmartRetirement* Blend 2025 Fund,5493004CV4K8WM5S8F24,US46641U3335,GLEIF,BBG00GVMF4N1,BBG00GVMF4P9,JBTUX,,,unresolved
S000037366,JPMorgan SmartRetirement* Blend 2030 Fund,549300ZJ70OCP0S63D59,US46641U2915,GLEIF,BBG00GVMFX48,BBG00GVMFX57,JUTUX,,,unresolved
S000037366,JPMorgan SmartRetirement* Blend 2030 Fund,549300ZJ70OCP0S63D59,US46641U3178,GLEIF,BBG00GVMFN31,BBG00GVMFN40,JUTPX,,,unresolved
S000037367,JPMorgan SmartRetirement* Blend 2035 Fund,5493004TZUXVOYD73Y24,US46641U2758,GLEIF,BBG00GVX4Y99,BBG00GVX4YB6,JPTKX,,,unresolved
S000037367,JPMorgan SmartRetirement* Blend 2035 Fund,5493004TZUXVOYD73Y24,US46641U2832,GLEIF,BBG00GVX4Y44,BBG00GVX4Y53,JPTLX,,,unresolved
S000037368,JPMorgan SmartRetirement* Blend 2040 Fund,549300KKAL12NQ4N7398,US46641U2592,GLEIF,BBG00GVX4YY1,BBG00GVX4YZ0,JNTNX,,,unresolved
S000037368,JPMorgan SmartRetirement* Blend 2040 Fund,549300KKAL12NQ4N7398,US46641U2675,GLEIF,BBG00GVX4YV4,BBG00GVX4YW3,JNTEX,,,unresolved
S000037369,JPMorgan SmartRetirement* Blend 2045 Fund,549300HGSUTW6ZVKQ720,US46641U2345,GLEIF,BBG00GW67N89,BBG00GW67N98,JNTLX,,,unresolved
S000037369,JPMorgan SmartRetirement* Blend 2045 Fund,549300HGSUTW6ZVKQ720,US46641U2428,GLEIF,BBG00GW67MV5,BBG00GW67MW4,JNTOX,,,unresolved
S000037370,JPMorgan SmartRetirement* Blend 2050 Fund,549300UCB8Q238S7CG04,US46641U2188,GLEIF,BBG00GW67TK2,BBG00GW67TL1,JNTPX,,,unresolved
S000037370,JPMorgan SmartRetirement* Blend 2050 Fund,549300UCB8Q238S7CG04,US46641U2261,GLEIF,BBG00GW67PJ2,BBG00GW67PK0,JNTKX,,,unresolved
S000037429,AQR Large Cap Defensive Style Fund,549300U8SCLX3D8VIY95,US00191K8311,SEC-NPORT,BBG006YWP9C8,BBG006YWP9D7,QUERX,C000145934,Class R6,figi-ticker-join
S000037432,AQR Risk-Balanced Commodities Strategy Fund,549300CB2F28N2YCWV77,US00203H6779,SEC-NPORT,BBG00330YT99,BBG00330YTB6,ARCIX,C000115560,Class I,figi-ticker-join
S000037466,Russell U.S. Strategic Equity Fund,BRBLDEE3W4XF96JMJI77,US78250K6111,SEC-NPORT,BBG01J5015K6,BBG01J6KB8H8,RUSPX,,,unresolved
S000037634,Cambria Shareholder Yield ETF,5493005B0UWLFHOC1V22,US1320612013,SEC-NPORT,BBG004K1ZLX5,BBG004K1ZMP2,SYLD,C000116082,Cambria Shareholder Yield ETF,figi-ticker-join
S000037635,Cambria Foreign Shareholder Yield ETF,549300QQK0CKHW2AMB30,US1320613003,SEC-NPORT,BBG005NDJ0T2,BBG005NDJ0V9,FYLD,C000116083,Cambria Foreign Shareholder Yield ETF,figi-ticker-join
S000037636,Cambria Emerging Shareholder Yield ETF,549300H3KS10HVG64A63,US1320617061,SEC-NPORT,BBG00CC09FF0,BBG00CC09FG9,EYLD,C000116084,Cambria Emerging Shareholder Yield ETF,figi-ticker-join
S000037769,Victory CEMP Market Neutral Income Fund,549300K0CUZCEEMBX789,US92647P6549,SEC-NPORT,BBG003B5TN98,BBG003B5TNB5,CBHIX,C000116493,Class I,figi-ticker-join
S000037885,AZL Pyramis Total Bond Fund,549300ZJ4WQMV2OFAM06,US01882V1026,GLEIF,,,,,,unresolved
S000038166,Transamerica Small Cap Growth,549300CCDLPC22NHUA05,US89355J6560,SEC-NPORT,BBG0074VJ1B6,BBG0074VJ1D4,TSPIX,,,unresolved
S000038166,Transamerica Small Cap Growth,549300CCDLPC22NHUA05,US89356L6193,SEC-NPORT,BBG00DGZKLM3,BBG00DGZKLN2,RTSGX,C000172147,R6,figi-ticker-join
S000038166,Transamerica Small Cap Growth,549300CCDLPC22NHUA05,US89360T4590,SEC-NPORT,BBG00F5FNYM3,BBG00F5FNYN2,TSPTX,,,unresolved
S000038262,MFS High Yield Pooled Portfolio,549300B758U8480GXX22,US5529846686,SEC-NPORT,BBG003C5D450,BBG003C5D469,HYPPX,C000118060,Fund Shares,figi-ticker-join
S000038280,Nationwide Inflation-Protected Securities Fund,549300BEYYTCJ75BK690,US63867R1344,SEC-NPORT,BBG00385C679,BBG00385C688,NIFIX,C000118165,Institutional Class,figi-ticker-join
S000038363,Calvert Emerging Markets Equity Fund,549300L4S5NY62FOKA38,US1316497668,SEC-NPORT,BBG00JWVLH94,BBG00JWVLHB1,CVMRX,,,unresolved
S000038441,PIMCO Mortgage Opportunities Fund,549300PFV1F66T7RF111,US72201U6385,SEC-NPORT,BBG003906DM4,BBG003906DN3,PMZIX,C000118561,Institutional Class,figi-ticker-join
S000038448,BlackRock Real Estate Securities Fund,549300619RPPBQL8JR35,US0919365835,SEC-NPORT,BBG003FJ83Q2,BBG003FJ83R1,BIREX,,,unresolved
S000038501,Vanguard Short-Term Inflation-Protected Securities Index Fund,TX6CG4TTV0FTLWSYWI43,US9220207065,SEC-NPORT,BBG003CW2RG0,BBG003CW2RH9,VTAPX,C000118814,Admiral Shares,figi-ticker-join
S000038520,PowerShares S&amp;P 500 High Dividend Low Volatility Portfolio,549300EH39KIIB7RDC93,US46138E3624,SEC-NPORT,BBG003H4R9V3,BBG003H4RBL9,SPHD,C000118892,PowerShares S&amp;P 500 High Dividend Low Volatility Portfolio,figi-ticker-join
S000038669,International Social Core Equity Portfolio,549300T6IEPA60KWYM55,US25239Y6260,SEC-NPORT,BBG003LT0XX7,BBG003LT0XY6,DSCLX,,,unresolved
S000038776,MFS Lifetime 2055 Fund,5493000S4RZPWVSHEE95,US55275E1762,GLEIF,BBG00DQD7CK8,BBG00DQD7CL7,LFIKX,C000173233,R6,figi-ticker-join
S000038923,iShares Core MSCI Emerging Markets ETF,5493007C24Z3ZDJ0VD06,US46434G1031,SEC-NPORT,BBG003HC3CQ0,BBG003HC3DG9,IEMG,C000119708,iShares Core MSCI Emerging Markets ETF,figi-ticker-join
S000038926,iShares Core 1-5 Year USD Bond ETF,549300EL16PGODA21E74,US46432F8591,SEC-NPORT,BBG003HC6HN9,BBG003HC6JD6,ISTB,C000119711,iShares Core 1-5 Year USD Bond ETF,figi-ticker-join
S000038930,iShares Core MSCI EAFE ETF,5493009FT582MI7Y3I36,US46432F8427,SEC-NPORT,BBG003H6TR19,BBG003H6TRS0,IEFA,C000119715,iShares Core MSCI EAFE ETF,figi-ticker-join
S000038931,iShares Core MSCI Total International Stock ETF,5493000KJHTQW5I5L936,US46432F8344,SEC-NPORT,BBG003H6TM38,BBG003H6TMV7,IXUS,C000119716,iShares Core MSCI Total International Stock ETF,figi-ticker-join
S000038973,VanEck Vectors Short High-Yield Municipal Index ETF,549300B6J4UH4T4ALL26,US92189F3872,SEC-NPORT,BBG005T08329,BBG005T08310,SHYD,C000119796,VanEck Vectors Short High-Yield Municipal Index ETF,figi-ticker-join
S000039038,RiverNorth/Oaktree High Income Fund,549300H8VZ32GNIYZV52,US76881N8065,SEC-NPORT,BBG003G3J5H9,BBG003G3J5J7,RNHIX,C000119956,Class I,figi-ticker-join
S000039110,AMERICAN FUNDS CORPORATE BOND FUND,549300O55Y3YXWYJZX16,US02629H8108,SEC-NPORT,BBG003TNWJY7,BBG003TNWJZ6,RCBFX,C000120249,Class R-6,figi-ticker-join
S000039115,AMERICAN FUNDS INFLATION LINKED BOND FUND,549300C4MMT7NIUIFI59,US02630D8166,SEC-NPORT,BBG003TP3529,BBG003TP3538,RILFX,C000120329,Class R-6,figi-ticker-join
S000039146,YCG Enhanced Fund,549300VU3NBG7VENCY30,US98421P1093,GLEIF,BBG003RS6L27,BBG003RS6L36,YCGEX,C000120427,Class R Shares,unique-pairing
S000039312,Fidelity Telecom and Utilities Fund,8CMSOP48PY112BQJ9144,US3161281072,GLEIF,BBG000BBWXY7,BBG001S64GW8,FIUIX,C000121123,Fidelity Telecom and Utilities Fund,unique-pairing
S000039358,MainStay Cornerstone Growth Fund,549300G3B4EAFQNLNN04,US56064L5049,SEC-NPORT,BBG00HK2GMC6,BBG00HK2GMD5,KLGDX,,,unresolved
S000039383,Voya Short Term Bond Fund,5493006MN6OC470MML96,US92913L5518,SEC-NPORT,BBG0045X2625,BBG0045X2652,IGZAX,C000129860,Class R6,figi-ticker-join
S000039460,BlackRock Global Long/Short Equity Fund,549300FWX3HQBUJIR891,US0919365264,SEC-NPORT,BBG003PGPLD2,BBG003PGPLF0,BDMIX,,,unresolved
S000039565,Stone Ridge High Yield Reinsurance Risk Premium Fund,549300S91Z6XXFPO9W37,US8617284000,SEC-NPORT,BBG003T1TZC7,BBG003T1TZD6,SHRIX,,,unresolved
S000039595,Transamerica Dividend Focused,549300PXT2RE0VZG7787,US89355J5323,SEC-NPORT,BBG007670699,BBG0076706F2,TRDIX,,,unresolved
S000039596,Transamerica International Small Cap Value,549300K8V3XQ18VXIY98,US89355J5166,SEC-NPORT,BBG0076DBD44,BBG0076DBD62,TRISVI2,,,unresolved
S000039654,First Trust Global Tactical Commodity Strategy Fund,5493002FOWY57JQHE251,US33739H1014,GLEIF,BBG005GHHC53,BBG005GHHC44,FTGC,C000122820,First Trust Global Tactical Commodity Strategy Fund,unique-pairing
S000039678,Wells Fargo High Yield Municipal Bond Fund,549300DSXT6WP0FS0T20,US94988A1060,GLEIF,BBG003TRHLK5,BBG003TRHLL4,WHYMX,C000122981,Class A,figi-ticker-join
S000039927,JPMorgan Short Duration High Yield Fund,549300Q5U8SV79G4IM14,US46637K4554,SEC-NPORT,BBG004CH8ZM0,BBG004CH8ZN9,JSDSX,C000123827,Select Class,figi-ticker-join
S000039927,JPMorgan Short Duration High Yield Fund,549300Q5U8SV79G4IM14,US46637K4638,SEC-NPORT,BBG004CH8ZK2,BBG004CH8ZL1,JSDRX,C000123828,Class R6,figi-ticker-join
S000040007,JNL/MELLON CAPITAL UTILITIES SECTOR FUND,549300Q5KY3O844FHZ94,US46648L3446,GLEIF,,,,,,unresolved
S000040007,JNL/MELLON CAPITAL UTILITIES SECTOR FUND,549300Q5KY3O844FHZ94,US46648L3511,GLEIF,,,,,,unresolved
S000040071,GOLDMAN SACHS MULTI-MANAGER ALTERNATIVES FUND,549300MY78M7TQEMXI71,US38147N1037,GLEIF,BBG004FPJ3Q4,BBG004FPJ3R3,GMAMX,C000124400,CLASS A,figi-ticker-join
S000040076,Global X MLP & Energy Infrastructure ETF,549300R7DURR92Q63054,US37954Y2937,SEC-NPORT,BBG004Y67XL7,BBG004Y67XK8,MLPX,C000124409,Global X MLP & Energy Infrastructure ETF,figi-ticker-join
S000040131,Madison Investors Fund,5493000V85LMHCOTG216,US5574923869,SEC-NPORT,BBG004WZYS18,BBG004WZYT25,MNVRX,C000130690,Investors Fund Class R6,figi-ticker-join
S000040181,ProShares DJ Brookfield Global Infrastructure ETF,549300ZCDYEDZ1ZM1P70,US74347B5084,SEC-NPORT,BBG0067M9YJ6,BBG0067M9YH8,TOLZ,C000124906,ProShares DJ Brookfield Global Infrastructure ETF,figi-ticker-join
S000040184,Goldman Sachs MLP Energy Infrastructure Fund,549300QNI1STTSJRLK10,US38145C1255,GLEIF,BBG00NGCZLB8,BBG00NGCZLC7,GSADX,,,unresolved
S000040184,Goldman Sachs MLP Energy Infrastructure Fund,549300QNI1STTSJRLK10,US38145C1339,GLEIF,BBG00NGCZL19,BBG00NGCZL28,GSAHX,,,unresolved
S000040184,Goldman Sachs MLP Energy Infrastructure Fund,549300QNI1STTSJRLK10,US38145C1412,GLEIF,BBG00NGCZKY5,BBG00NGCZKZ4,GSAJX,,,unresolved
S000040184,Goldman Sachs MLP Energy Infrastructure Fund,549300QNI1STTSJRLK10,US38145C1586,GLEIF,BBG00NGCZKN7,BBG00NGCZKP5,GSBEX,,,unresolved
S000040184,Goldman Sachs MLP Energy Infrastructure Fund,549300QNI1STTSJRLK10,US38145C1669,GLEIF,,,,,,unresolved
S000040184,Goldman Sachs MLP Energy Infrastructure Fund,549300QNI1STTSJRLK10,US38145C1743,GLEIF,BBG00NGCZKH4,BBG00NGCZKJ2,GSBAX,,,unresolved
S000040184,Goldman Sachs MLP Energy Infrastructure Fund,549300QNI1STTSJRLK10,US38145C1826,GLEIF,BBG00NGCZKC9,BBG00NGCZKD8,GSBDX,,,unresolved
S000040184,Goldman Sachs MLP Energy Infrastructure Fund,549300QNI1STTSJRLK10,US38145C1909,GLEIF,BBG00HL287S0,BBG00HL287T9,GLETX,,,unresolved
S000040184,Goldman Sachs MLP Energy Infrastructure Fund,549300QNI1STTSJRLK10,US38145C2162,GLEIF,BBG00475Q9L1,BBG00475Q9M0,GLPIX,C000124920,Class IR,figi-ticker-join
S000040184,Goldman Sachs MLP Energy Infrastructure Fund,549300QNI1STTSJRLK10,US38145C2246,GLEIF,BBG00475Q9S4,BBG00475Q9T3,GLPRX,C000124921,Class R,figi-ticker-join
S000040184,Goldman Sachs MLP Energy Infrastructure Fund,549300QNI1STTSJRLK10,US38145C2329,GLEIF,BBG00475N8J9,BBG00475N8K7,GMLPX,C000124919,Institutional,figi-ticker-join
S000040184,Goldman Sachs MLP Energy Infrastructure Fund,549300QNI1STTSJRLK10,US38145C2402,GLEIF,BBG00475N7D7,BBG00475N7F5,GLPCX,C000124918,Class C,figi-ticker-join
S000040184,Goldman Sachs MLP Energy Infrastructure Fund,549300QNI1STTSJRLK10,US38145C2576,GLEIF,BBG00475HV23,BBG00475HV41,GLPAX,C000124917,Class A,figi-ticker-join
S000040184,Goldman Sachs MLP Energy Infrastructure Fund,549300QNI1STTSJRLK10,US38145C2659,GLEIF,BBG002F3X0G8,BBG002F3X0H7,GSRRX,,,unresolved
S000040184,Goldman Sachs MLP Energy Infrastructure Fund,549300QNI1STTSJRLK10,US38145C2733,GLEIF,BBG002F3X0D1,BBG002F3X0F9,GSRIX,,,unresolved
S000040184,Goldman Sachs MLP Energy Infrastructure Fund,549300QNI1STTSJRLK10,US38145C2816,GLEIF,BBG002F3X0P8,BBG002F3X0Q7,GSRLX,,,unresolved
S000040184,Goldman Sachs MLP Energy Infrastructure Fund,549300QNI1STTSJRLK10,US38145C2998,GLEIF,BBG002F3X078,BBG002F3X087,GSRCX,,,unresolved
S000040184,Goldman Sachs MLP Energy Infrastructure Fund,549300QNI1STTSJRLK10,US38145C3152,GLEIF,BBG002F3WZR0,BBG002F3WZS9,GSRAX,,,unresolved
S000040184,Goldman Sachs MLP Energy Infrastructure Fund,549300QNI1STTSJRLK10,US38145C3723,GLEIF,BBG002DMLNN3,BBG002DMLNP1,GFFRX,,,unresolved
S000040184,Goldman Sachs MLP Energy Infrastructure Fund,549300QNI1STTSJRLK10,US38145C3806,GLEIF,BBG002DMLP49,BBG002DMLP58,GFIRX,,,unresolved
S000040184,Goldman Sachs MLP Energy Infrastructure Fund,549300QNI1STTSJRLK10,US38145C3988,GLEIF,BBG002DMLNV4,BBG002DMLNW3,GMSSX,,,unresolved
S000040184,Goldman Sachs MLP Energy Infrastructure Fund,549300QNI1STTSJRLK10,US38145C4069,GLEIF,BBG000VB4Y56,BBG001T1YS86,GRLLX,,,unresolved
S000040184,Goldman Sachs MLP Energy Infrastructure Fund,549300QNI1STTSJRLK10,US38145C4143,GLEIF,BBG002DMN2D8,BBG002DMN2F6,GMSCX,,,unresolved
S000040184,Goldman Sachs MLP Energy Infrastructure Fund,549300QNI1STTSJRLK10,US38145C4226,GLEIF,BBG002DMLLN7,BBG002DMLLP5,GMSAX,,,unresolved
S000040184,Goldman Sachs MLP Energy Infrastructure Fund,549300QNI1STTSJRLK10,US38145C4309,GLEIF,BBG001J8XS92,BBG001V0HW30,GFRRX,,,unresolved
S000040184,Goldman Sachs MLP Energy Infrastructure Fund,549300QNI1STTSJRLK10,US38145C4481,GLEIF,BBG001J8XV22,BBG001V0HW76,GFRIX,,,unresolved
S000040184,Goldman Sachs MLP Energy Infrastructure Fund,549300QNI1STTSJRLK10,US38145C4556,GLEIF,BBG001J8XTH1,BBG001V0HW58,GSFRX,,,unresolved
S000040184,Goldman Sachs MLP Energy Infrastructure Fund,549300QNI1STTSJRLK10,US38145C4630,GLEIF,BBG001J8XS38,BBG001V0HW21,GFRCX,,,unresolved
S000040184,Goldman Sachs MLP Energy Infrastructure Fund,549300QNI1STTSJRLK10,US38145C4713,GLEIF,BBG001J8XLD2,BBG001V0HVZ7,GFRAX,,,unresolved
S000040184,Goldman Sachs MLP Energy Infrastructure Fund,549300QNI1STTSJRLK10,US38145C4978,GLEIF,BBG0015HYJG8,BBG001TC1FH6,GKIRX,,,unresolved
S000040184,Goldman Sachs MLP Energy Infrastructure Fund,549300QNI1STTSJRLK10,US38145C5058,GLEIF,,,,,,unresolved
S000040184,Goldman Sachs MLP Energy Infrastructure Fund,549300QNI1STTSJRLK10,US38145C5132,GLEIF,BBG0015HYL64,BBG001TC1G20,GVIRX,,,unresolved
S000040184,Goldman Sachs MLP Energy Infrastructure Fund,549300QNI1STTSJRLK10,US38145C5215,GLEIF,BBG0015HYL19,BBG001TC1FZ6,GQIRX,,,unresolved
S000040184,Goldman Sachs MLP Energy Infrastructure Fund,549300QNI1STTSJRLK10,US38145C5397,GLEIF,BBG0015HYKS2,BBG001TC1FX8,GITRX,,,unresolved
S000040184,Goldman Sachs MLP Energy Infrastructure Fund,549300QNI1STTSJRLK10,US38145C5470,GLEIF,BBG0015KBW13,BBG001TC1NP0,GIRVX,,,unresolved
S000040184,Goldman Sachs MLP Energy Infrastructure Fund,549300QNI1STTSJRLK10,US38145C5546,GLEIF,BBG0015HYKQ4,BBG001TC1FW9,GIRLX,,,unresolved
S000040184,Goldman Sachs MLP Energy Infrastructure Fund,549300QNI1STTSJRLK10,US38145C5629,GLEIF,BBG0015HYJX9,BBG001TC1FM0,GIRPX,,,unresolved
S000040184,Goldman Sachs MLP Energy Infrastructure Fund,549300QNI1STTSJRLK10,US38145C5702,GLEIF,,,,,,unresolved
S000040184,Goldman Sachs MLP Energy Infrastructure Fund,549300QNI1STTSJRLK10,US38145C5884,GLEIF,BBG0015HYJV1,BBG001TC1FK2,GIRNX,,,unresolved
S000040184,Goldman Sachs MLP Energy Infrastructure Fund,549300QNI1STTSJRLK10,US38145C5967,GLEIF,BBG0015HYK75,BBG001TC1FR5,GIRMX,,,unresolved
S000040184,Goldman Sachs MLP Energy Infrastructure Fund,549300QNI1STTSJRLK10,US38145C6049,GLEIF,,,,,,unresolved
S000040184,Goldman Sachs MLP Energy Infrastructure Fund,549300QNI1STTSJRLK10,US38145C6122,GLEIF,,,,,,unresolved
S000040184,Goldman Sachs MLP Energy Infrastructure Fund,549300QNI1STTSJRLK10,US38145C6205,GLEIF,BBG000R418C9,BBG001T93H23,GSZRX,,,unresolved
S000040184,Goldman Sachs MLP Energy Infrastructure Fund,549300QNI1STTSJRLK10,US38145C6387,GLEIF,BBG000R417Q6,BBG001T93GZ9,GZIRX,,,unresolved
S000040184,Goldman Sachs MLP Energy Infrastructure Fund,549300QNI1STTSJRLK10,US38145C6460,GLEIF,BBG000R40ZP6,BBG001T93GX1,GSZIX,,,unresolved
S000040184,Goldman Sachs MLP Energy Infrastructure Fund,549300QNI1STTSJRLK10,US38145C6536,GLEIF,BBG000R40Z49,BBG001T93GV3,GSZCX,,,unresolved
S000040184,Goldman Sachs MLP Energy Infrastructure Fund,549300QNI1STTSJRLK10,US38145C6619,GLEIF,BBG000R40VZ4,BBG001T93GK5,GSZAX,,,unresolved
S000040184,Goldman Sachs MLP Energy Infrastructure Fund,549300QNI1STTSJRLK10,US38145C6791,GLEIF,,,,,,unresolved
S000040184,Goldman Sachs MLP Energy Infrastructure Fund,549300QNI1STTSJRLK10,US38145C6874,GLEIF,,,,,,unresolved
S000040184,Goldman Sachs MLP Energy Infrastructure Fund,549300QNI1STTSJRLK10,US38145C6957,GLEIF,,,,,,unresolved
S000040184,Goldman Sachs MLP Energy Infrastructure Fund,549300QNI1STTSJRLK10,US38145C7039,GLEIF,,,,,,unresolved
S000040184,Goldman Sachs MLP Energy Infrastructure Fund,549300QNI1STTSJRLK10,US38145C7112,GLEIF,,,,,,unresolved
S000040184,Goldman Sachs MLP Energy Infrastructure Fund,549300QNI1STTSJRLK10,US38145C7294,GLEIF,BBG000KHM7Z1,BBG001T8P5J9,GICXX,,,unresolved
S000040184,Goldman Sachs MLP Energy Infrastructure Fund,549300QNI1STTSJRLK10,US38145C7377,GLEIF,BBG000KHM8W2,BBG001T8P5K7,GIPXX,,,unresolved
S000040184,Goldman Sachs MLP Energy Infrastructure Fund,549300QNI1STTSJRLK10,US38145C7450,GLEIF,,,,,,unresolved
S000040184,Goldman Sachs MLP Energy Infrastructure Fund,549300QNI1STTSJRLK10,US38145C7526,GLEIF,BBG000KHM7M5,BBG001T8P4X6,GFCXX,,,unresolved
S000040184,Goldman Sachs MLP Energy Infrastructure Fund,549300QNI1STTSJRLK10,US38145C7609,GLEIF,BBG000K3BJP9,BBG001T71G21,GFPXX,,,unresolved
S000040184,Goldman Sachs MLP Energy Infrastructure Fund,549300QNI1STTSJRLK10,US38145C7781,GLEIF,BBG000TDH224,BBG001T8P5S9,GTRXX,,,unresolved
S000040184,Goldman Sachs MLP Energy Infrastructure Fund,549300QNI1STTSJRLK10,US38145C7864,GLEIF,BBG000TDH2C3,BBG001T8P5T8,GTOXX,,,unresolved
S000040184,Goldman Sachs MLP Energy Infrastructure Fund,549300QNI1STTSJRLK10,US38145C7948,GLEIF,BBG000TDH1X2,BBG001T8P5R0,GTPXX,,,unresolved
S000040184,Goldman Sachs MLP Energy Infrastructure Fund,549300QNI1STTSJRLK10,US38145C8029,GLEIF,,,,,,unresolved
S000040184,Goldman Sachs MLP Energy Infrastructure Fund,549300QNI1STTSJRLK10,US38145C8102,GLEIF,BBG000T4CXZ5,BBG001T71GC0,GVRXX,,,unresolved
S000040184,Goldman Sachs MLP Energy Infrastructure Fund,549300QNI1STTSJRLK10,US38145C8284,GLEIF,BBG000T4CX67,BBG001T71G76,GVCXX,,,unresolved
S000040184,Goldman Sachs MLP Energy Infrastructure Fund,549300QNI1STTSJRLK10,US38145C8367,GLEIF,BBG000T4CXM9,BBG001T71G94,GGPXX,,,unresolved
S000040184,Goldman Sachs MLP Energy Infrastructure Fund,549300QNI1STTSJRLK10,US38145C8441,GLEIF,,,,,,unresolved
S000040184,Goldman Sachs MLP Energy Infrastructure Fund,549300QNI1STTSJRLK10,US38145C8516,GLEIF,,,,,,unresolved
S000040184,Goldman Sachs MLP Energy Infrastructure Fund,549300QNI1STTSJRLK10,US38145C8698,GLEIF,,,,,,unresolved
S000040184,Goldman Sachs MLP Energy Infrastructure Fund,549300QNI1STTSJRLK10,US38145C8771,GLEIF,,,,,,unresolved
S000040184,Goldman Sachs MLP Energy Infrastructure Fund,549300QNI1STTSJRLK10,US38145C8854,GLEIF,,,,,,unresolved
S000040184,Goldman Sachs MLP Energy Infrastructure Fund,549300QNI1STTSJRLK10,US38150C8872,SEC-NPORT,BBG00KBBRBV0,BBG00KBBRBW9,GLPSX,,,unresolved
S000040204,iShares Edge MSCI USA Size Factor ETF,5493007FX38U4LSCPO86,US46432F3709,SEC-NPORT,BBG004FPV8F1,BBG004FPV969,SIZE,C000124960,iShares Edge MSCI USA Size Factor ETF,figi-ticker-join
S000040205,iShares Edge MSCI USA Value Factor ETF,549300QCMVXVCAPD3O82,US46432F3881,SEC-NPORT,BBG004FPWG26,BBG004FPWGT7,VLUE,C000124961,iShares Edge MSCI USA Value Factor ETF,figi-ticker-join
S000040206,TIAA-CREF International Opportunities Fund,549300HZ2T3OBTEPQL02,US87245R6311,SEC-NPORT,BBG00429R2V1,BBG00429R2W0,TIOIX,C000124962,Institutional Class,figi-ticker-join
S000040206,TIAA-CREF International Opportunities Fund,549300HZ2T3OBTEPQL02,US87249N4043,SEC-NPORT,BBG00L1CGCY4,BBG00L1CGCZ3,TIOVX,,,unresolved
S000040302,First Trust High Income ETF,549300S03BYRI42X4X71,US33738R3084,GLEIF,BBG005SW6SR0,BBG005SW6SS9,FTHI,C000125197,First Trust High Income ETF,unique-pairing
S000040305,First Trust Low Beta Income ETF,549300IFS6TPZRT5IY12,US33738R4074,GLEIF,BBG005SW6VS2,BBG005SW6VT1,FTQI,C000125204,First Trust Low Beta Income ETF,unique-pairing
S000040316,iShares Edge MSCI USA Momentum Factor ETF,5493002ZOOZ0SN3YYI81,US46432F3964,SEC-NPORT,BBG004FPTZB8,BBG004FPV022,MTUM,C000125223,iShares Edge MSCI USA Momentum Factor ETF,figi-ticker-join
S000040415,Deutsche X-trackers Harvest CSI 300 China A-Shares ETF,549300KGVW9YY7MPVQ67,US2330518794,SEC-NPORT,BBG005HJL923,BBG005HJL932,ASHR,C000125568,Deutsche X-trackers Harvest CSI 300 China A-Shares ETF,figi-ticker-join
S000040431,Fidelity Corporate Bond ETF,549300KFU5ERJA35G588,US3161881012,GLEIF,BBG0078WXLP5,BBG0078WXLN7,FCOR,C000125598,Fidelity Corporate Bond ETF,unique-pairing
S000040444,AST QMA Large-Cap Portfolio,5493003Y2FKFI3TJ0M05,US00771J3032,GLEIF,,,,C000125624,AST QMA Large-Cap Portfolio,unique-pairing
S000040474,iShares Ultra Short-Term Bond ETF,549300JE6SRZTXKUCU42,US46434V8789,SEC-NPORT,BBG005PCDD01,BBG005PCDCZ5,ICSH,C000125661,iShares Ultra Short-Term Bond ETF,figi-ticker-join
S000040579,Franklin Short Duration U.S. Government ETF,549300SJ8ZYS4H43HY44,US3535061085,GLEIF,BBG005JV97M0,BBG005JV97N9,FTSD,C000125848,Franklin Liberty Short Duration U.S. Government ETF,unique-pairing
S000040645,Transamerica MLP & Energy Income,5493004X52ZOBDUA4276,US89355J4821,SEC-NPORT,BBG0076B1KR8,BBG0076B1M21,TRMLPI2,,,unresolved
S000040658,Fidelity Four-in-One Index Fund,SMVYD67QFCMOZKTJ2N09,US31634R1095,GLEIF,BBG000BBBDY4,BBG001S5WSD4,FFNOX,C000126039,Fidelity Four-in-One Index Fund,unique-pairing
S000040668,Managed Risk Growth-Income Fund,549300Q8GWG42K15RE88,US02630E6656,SEC-NPORT,,,,,,unresolved
S000040742,SPDR Barclays 1-10 Year TIPS ETF,549300SS31WHLX0B1I97,US78468R8613,SEC-NPORT,BBG004MKB3B1,BBG004MKB438,TIPX,C000126354,SPDR Barclays 1-10 Year TIPS ETF,figi-ticker-join
S000040750,Vanguard Emerging Markets Government Bond Index Fund,549300JYQ3EMXCXKZG97,US9219468850,SEC-NPORT,BBG004N1LXS7,BBG004N1LYJ5,VWOB,C000126408,ETF Shares,figi-ticker-join
S000040816,WisdomTree U.S. Quality Dividend Growth Fund,549300CUR4PM3HKSPL88,US97717X6691,SEC-NPORT,BBG004LMH377,BBG004LMH3Z6,DGRW,C000126584,N/A,figi-ticker-join
S000040817,WisdomTree U.S. SmallCap Quality Dividend Growth Fund,549300CLRU7ONPPEZY45,US97717X6519,SEC-NPORT,BBG004WG0DR2,BBG004WG0DQ3,DGRS,C000126585,N/A,figi-ticker-join
S000040853,Bridge Builder Core Bond Fund,549300NYIQ6F8WXPBM25,US10803R1086,GLEIF,BBG004HKVZB4,BBG004HKVZC3,BBTBX,C000126648,Bridge Builder Core Bond Fund,unique-pairing
S000040877,Schwab Fundamental U.S. Large Company Index ETF,549300FOX56PTJLI2612,US8085247711,SEC-NPORT,BBG0051J0PH1,BBG0051J0PJ9,FNDX,C000126715,Schwab Fundamental U.S. Large Company Index ETF,figi-ticker-join
S000040879,Schwab Fundamental International Large Company Index ETF,549300V68SWSEW0KPS30,US8085247554,SEC-NPORT,BBG0051K49H0,BBG0051K49J8,FNDF,C000126717,Schwab Fundamental International Large Company Index ETF,figi-ticker-join
S000040881,Schwab Fundamental Emerging Markets Large Company Index ETF,549300IMHQ7K247G1P16,US8085247307,SEC-NPORT,BBG0051QPC78,BBG0051QPC87,FNDE,C000126719,Schwab Fundamental Emerging Markets Large Company Index ETF,figi-ticker-join
S000040915,PowerShares Global Short Term High Yield Bond Portfolio,549300GTL6XXLFU4LC25,US46138E6692,SEC-NPORT,BBG004Q00332,BBG004Q00341,PGHY,C000126877,PowerShares Global Short Term High Yield Bond Portfolio,figi-ticker-join
S000040952,T. Rowe Price Global Allocation Fund,549300EOK7E7NL9X0O89,US87281T1034,GLEIF,BBG004HXJ8L9,BBG004HXJ8M8,RPGAX,,,unresolved
S000040952,T. Rowe Price Global Allocation Fund,549300EOK7E7NL9X0O89,US87281T2024,GLEIF,BBG004HXJ8Z4,BBG004HXJ900,PAFGX,,,unresolved
S000040952,T. Rowe Price Global Allocation Fund,549300EOK7E7NL9X0O89,US87281T3014,GLEIF,BBG00CK58545,BBG00CK58554,TGAFX,,,unresolved
S000040968,WCM Alternatives: Event-Driven Fund,5493008NZHHNV9ZXUR38,US95737C1036,GLEIF,,,,,,unresolved
S000041000,ALPS International Sector Dividend Dogs ETF,549300E9TFNP417E9586,US00162Q7189,SEC-NPORT,BBG004RX7CD1,BBG004RX7CF9,IDOG,C000127212,ALPS International Sector Dividend Dogs ETF,figi-ticker-join
S000041095,Nationwide HighMark Short Term Bond Fund,549300LJYIPUYUMBJF56,US63868C8212,SEC-NPORT,BBG004MP6NY7,BBG004MP6NZ6,NWJUX,C000127587,Institutional Class,figi-ticker-join
S000041095,Nationwide HighMark Short Term Bond Fund,549300LJYIPUYUMBJF56,US63868D1000,GLEIF,BBG00GW6DFT6,BBG00GW6DFV3,NWZLX,,,unresolved
S000041106,Nationwide HighMark Bond Fund,549300ZRG1B2XM4FIS52,US63868C3007,SEC-NPORT,BBG004MP92J7,BBG004MP92K5,NWJIX,C000127634,Institutional Class,figi-ticker-join
S000041117,AQR Managed Futures Strategy HV Fund,549300EEULX15SC8N094,US00191K7081,SEC-NPORT,BBG006YWP4J2,BBG006YWP4K0,QMHRX,C000145945,Class R6,figi-ticker-join
S000041317,SPDR Russell 2000 (R) ETF,549300NYZX301TBLUJ08,US78468R8530,SEC-NPORT,BBG004T58LY6,BBG004T58LZ5,SPSM,,,unresolved
S000041383,AllianzGI Small-Cap Blend Fund,54930025VTCTZYG6OS34,US92837N1393,GLEIF,,,,,,unresolved
S000041383,AllianzGI Small-Cap Blend Fund,54930025VTCTZYG6OS34,US92837N1476,GLEIF,BBG004MY71X6,BBG004MY71Y5,AZBIX,C000128362,Institutional Class,figi-ticker-join
S000041383,AllianzGI Small-Cap Blend Fund,54930025VTCTZYG6OS34,US92837N1625,GLEIF,BBG00LL0D629,BBG00LL0D638,ASCFX,,,unresolved
S000041383,AllianzGI Small-Cap Blend Fund,54930025VTCTZYG6OS34,US92837N1708,GLEIF,,,,,,unresolved
S000041383,AllianzGI Small-Cap Blend Fund,54930025VTCTZYG6OS34,US92837N1880,GLEIF,BBG004MY6Z62,BBG004MY6Z71,AZBCX,C000128361,Class C,figi-ticker-join
S000041383,AllianzGI Small-Cap Blend Fund,54930025VTCTZYG6OS34,US92837N1963,GLEIF,BBG004MY6YW6,BBG004MY6YX5,AZBAX,C000128360,Class A,figi-ticker-join
S000041444,iShares Edge MSCI USA Quality Factor ETF,5493007KMK0CQLE2O168,US46432F3394,SEC-NPORT,BBG004TRTWV4,BBG004TRTWW3,QUAL,C000128677,iShares Edge MSCI USA Quality Factor ETF,figi-ticker-join
S000041596,KraneShares CSI China Internet ETF,549300URDNVSGEWBN526,US5007673065,SEC-NPORT,BBG004XB9HY6,BBG004XB9HZ5,KWEB,C000129136,KraneShares CSI China Internet ETF,figi-ticker-join
S000041944,Gotham Neutral Fund,5493007X1AFJSE0Z7E67,US3608731119,SEC-NPORT,BBG004XW9674,BBG004XW9683,GONIX,,,unresolved
S000042023,Franklin K2 Alternative Strategies Fund,5493004OBMCV3UPCSG65,US35241W1045,GLEIF,BBG0058L8T56,BBG0058L8T65,FAAAX,C000130561,Class A,figi-ticker-join
S000042050,AQR Style Premia Alternative Fund,549300H47CIW5R9UN420,US00191K8493,SEC-NPORT,BBG006YWP7R6,BBG006YWP7S5,QSPRX,C000145946,Class R6,figi-ticker-join
S000042050,AQR Style Premia Alternative Fund,549300H47CIW5R9UN420,US00203H4204,SEC-NPORT,BBG00562L6C7,BBG00562L6D6,QSPIX,C000130629,Class I,figi-ticker-join
S000042088,Global Atlantic American Funds Managed Risk Portfolio,5493003UEQIIJYVVO181,US34628U5002,GLEIF,,,,C000130709,Global Atlantic American Funds Managed Risk Portfolio,unique-pairing
S000042089,Global Atlantic BlackRock Global Allocation Managed Risk Portfolio,549300LAU2RPS5LACP68,US34628U1043,GLEIF,,,,C000130710,Global Atlantic BlackRock Global Allocation Managed Risk Portfolio,unique-pairing
S000042090,Global Atlantic Wellington Research Managed Risk Portfolio,5493004GHH4SPWZG5B06,US34628U2033,GLEIF,,,,C000130711,Global Atlantic Wellington Research Managed Risk Portfolio,unique-pairing
S000042091,Global Atlantic Balanced Managed Risk Portfolio,54930068B5DEEA3SJL47,US34628U3023,GLEIF,,,,C000130712,Global Atlantic Balanced Managed Risk Portfolio,unique-pairing
S000042092,Global Atlantic Select Advisor Managed Risk Portfolio,54930036IVJIF56MUD11,US34628U4013,GLEIF,,,,C000130713,Global Atlantic Select Advisor Managed Risk Portfolio,unique-pairing
S000042155,"Cohen & Steers MLP & Energy Opportunity Fund, Inc.",5493000FTLEUKTYWQ739,US19249F3055,GLEIF,BBG005Q1SY11,BBG005Q1SY20,MLOIX,C000130899,Class I,figi-ticker-join
S000042173,DFA Short-Duration Real Return Portfolio,549300YP93RBL7KJZJ97,US25239Y5767,SEC-NPORT,BBG004XQQ7D9,BBG004XQQ7F7,DFAIX,,,unresolved
S000042178,BARON DISCOVERY FUND,549300BBGGOLONVYLL69,US0682788528,SEC-NPORT,BBG004XV48F8,BBG004XV48G7,BDFIX,C000130960,Institutional Shares,figi-ticker-join
S000042349,ProShares S&P 500 Dividend Aristocrats ETF,549300VFVCIPWC83R162,US74348A4673,SEC-NPORT,BBG005D266N4,BBG005D266P2,NOBL,C000131287,ProShares S&P 500 Dividend Aristocrats ETF,figi-ticker-join
S000042353,iShares 0-5 Year High Yield Corporate Bond ETF,549300R96U5WQ7R5ID10,US46434V4077,SEC-NPORT,BBG005DW06C6,BBG005DW06B7,SHYG,C000131291,iShares 0-5 Year High Yield Corporate Bond ETF,figi-ticker-join
S000042354,iShares 0-5 Year Investment Grade Corporate Bond ETF,549300DQ0XBNCH5EKW50,US46434V1008,GLEIF,BBG005DW0477,BBG005DW0468,SLQD,C000131292,iShares 0-5 Year Investment Grade Corporate Bond ETF,unique-pairing
S000042521,Payden Floating Rate Fund,5493007MAZSH4J3PH219,US7043292181,GLEIF,BBG005K4KJ85,BBG005K4KJ76,PYFIX,C000136207,Payden Floating Rate Fund (SI Class),figi-ticker-join
S000042521,Payden Floating Rate Fund,5493007MAZSH4J3PH219,US7043292264,GLEIF,BBG005K4P955,BBG005K4P946,PYFRX,C000131550,Payden Floating Rate Fund (Investor Class),figi-ticker-join
S000042522,Payden Emerging Markets Corporate Bond Fund,549300YZ4XY581C25P40,US7043291761,GLEIF,BBG005K4K6L8,BBG005K4K6M7,PYCIX,C000136209,Payden Emerging Markets Corporate Bond Fund (SI Class),figi-ticker-join
S000042522,Payden Emerging Markets Corporate Bond Fund,549300YZ4XY581C25P40,US7043291845,GLEIF,,,,,,unresolved
S000042522,Payden Emerging Markets Corporate Bond Fund,549300YZ4XY581C25P40,US7043292348,GLEIF,BBG005K4K6X5,BBG005K4K6Y4,PYCEX,C000131551,Payden Emerging Markets Corporate Bond Fund (Investor Class),figi-ticker-join
S000042567,Fidelity Total Bond ETF,549300VK0I6RC7ZFUM07,US3161883091,GLEIF,BBG0078X19K0,BBG0078X1341,FBND,C000131659,Fidelity Total Bond ETF,unique-pairing
S000042569,Fidelity Limited Term Bond ETF,549300ESQV7BRJNHTF45,US3161882002,GLEIF,BBG0078XLZ84,BBG0078XLZ93,FLTB,C000131661,Fidelity Limited Term Bond ETF,unique-pairing
S000042600,Calvert Green Bond Fund,5493003I90ZDMMUWM559,US13161P6806,SEC-NPORT,BBG00N7YF938,BBG00N7YF947,CBGRX,,,unresolved
S000042659,ROBO Global(TM) Robotics and Automation Index ETF,549300DWX5221AQZYJ12,US3015057074,SEC-NPORT,BBG005FHK617,BBG005FHK626,ROBO,C000131868,ROBO Global(TM) Robotics and Automation Index ETF,figi-ticker-join
S000042676,Alerian Energy Infrastructure ETF,54930094QIJR6KJBN477,US00162Q6769,SEC-NPORT,BBG005HVCXT4,BBG005HVCXV1,ENFR,C000131909,Alerian Energy Infrastructure ETF,figi-ticker-join
S000042771,Transamerica Floating Rate,549300EIFOH2JTPUU855,US89355J2684,SEC-NPORT,BBG0076BRMY8,BBG0076BRPB6,TRFLRI2,,,unresolved
S000042772,Transamerica Mid Cap Growth,549300BVKN1RJS81UT94,US89355J3591,SEC-NPORT,BBG0074VSJ45,BBG0074VSJ54,TRMCGI2,,,unresolved
S000042772,Transamerica Mid Cap Growth,549300BVKN1RJS81UT94,US89356M7737,SEC-NPORT,BBG0118LBBL1,BBG0118LBBM0,TAGFX,,,unresolved
S000042772,Transamerica Mid Cap Growth,549300BVKN1RJS81UT94,US89360T5589,SEC-NPORT,BBG00F5FN5F4,BBG00F5FN5H2,TMITX,,,unresolved
S000042785,Diversified Balanced Managed Volatility Account,549300QK8X5U9D0IN652,US7429691816,GLEIF,,,,C000132328,Diversified Balanced Managed Volatility Account Class 2,unique-pairing
S000042791,PIMCO TRENDS Managed Futures Strategy Fund,549300S81G7J3BKSIV79,US72201U4554,SEC-NPORT,BBG005DLHKQ6,BBG005DLHKR5,PQTIX,,,unresolved
S000042862,iShares Interest Rate Hedged Corporate Bond ETF,54930033QG8ORSOTEQ66,US46431W7056,SEC-NPORT,BBG006KF7CT5,BBG006KF7CV2,LQDH,C000132817,iShares Interest Rate Hedged Corporate Bond ETF,figi-ticker-join
S000042863,iShares Interest Rate Hedged High Yield Bond ETF,549300K03DREBCPJX421,US46431W6066,SEC-NPORT,BBG006KF6JB0,BBG006KF6JC9,HYGH,C000132818,iShares Interest Rate Hedged High Yield Bond ETF,figi-ticker-join
S000042977,ARK Innovation ETF,254900636IK9WKHH6949,US00214Q1040,SEC-NPORT,BBG007FJMV58,BBG007FJMV49,ARKK,C000133121,ARK Innovation ETF,figi-ticker-join
S000042978,ARK Web x.0 ETF,254900YDSBVXAK2IFF48,US00214Q4010,SEC-NPORT,BBG0077Q7LF9,BBG0077Q7LG8,ARKW,C000133122,ARK Web x.0 ETF,figi-ticker-join
S000043040,iShares Currency Hedged MSCI EAFE ETF,549300W1V5QT6T1KPB54,US46434V8037,SEC-NPORT,BBG005XKVF63,BBG005XKVF72,HEFA,C000133231,iShares Currency Hedged MSCI EAFE ETF,figi-ticker-join
S000043249,JPMorgan Hedged Equity Fund,549300S6PTD170LF2O94,US46637K2657,GLEIF,BBG006FX19W1,BBG006FX19X0,JHQRX,C000133815,Class R6,figi-ticker-join
S000043249,JPMorgan Hedged Equity Fund,549300S6PTD170LF2O94,US46637K2731,GLEIF,BBG006FX18W3,BBG006FX18X2,JHQPX,C000133814,Class R5,figi-ticker-join
S000043249,JPMorgan Hedged Equity Fund,549300S6PTD170LF2O94,US46637K2814,GLEIF,BBG006FX1J77,BBG006FX1J86,JHEQX,C000133813,Select Class,figi-ticker-join
S000043249,JPMorgan Hedged Equity Fund,549300S6PTD170LF2O94,US46637K2996,GLEIF,BBG006FX18D4,BBG006FX18F2,JHQCX,C000133812,Class C,figi-ticker-join
S000043249,JPMorgan Hedged Equity Fund,549300S6PTD170LF2O94,US46637K3150,GLEIF,BBG006FWZM11,BBG006FWZM20,JHQAX,C000133811,Class A,figi-ticker-join
S000043317,Cambria Global Value ETF,5493006AUU1LFJ2HTM65,US1320614092,SEC-NPORT,BBG0064MXCS0,BBG0064MXCT9,GVAL,C000134056,Cambria Global Value ETF,figi-ticker-join
S000043319,Cambria Value and Momentum ETF,5493004RWF1V4E1W9E15,US1320618887,SEC-NPORT,BBG009YVM232,BBG009YVM241,VAMO,C000134058,Cambria Value and Momentum ETF,figi-ticker-join
S000043384,WisdomTree Barclays U.S. Aggregate Bond Zero Duration Fund,5493006OMUEEHEDQ6617,US97717W3806,SEC-NPORT,BBG005Q26B40,BBG005Q26B59,AGZD,C000134336,N/A,figi-ticker-join
S000043390,WisdomTree BofA Merrill Lynch High Yield Bond Zero Duration Fund,549300ZY3TUR4F6CQK54,US97717W4309,SEC-NPORT,BBG005Q26JZ9,BBG005Q26K04,HYZD,C000134342,N/A,figi-ticker-join
S000043448,John Hancock Enduring Assets Fund,549300HFZVP4CT27JU28,US47803P4191,SEC-NPORT,BBG022SB9PH5,BBG022SB9PJ3,JOHHIFU,,,unresolved
S000043450,John Hancock Small Cap Core Fund,54930080EGLIVON7ZE38,US47803P5420,SEC-NPORT,BBG0228K3PY4,BBG0228K3PZ3,JHSCCNA,,,unresolved
S000043713,AST T. Rowe Price Growth Opportunities Portfolio,5493009SOZSQG1MVR494,US00771J1135,GLEIF,,,,C000135561,AST T. Rowe Price Growth Opportunities Portfolio,unique-pairing
S000043749,MML International Equity Fund,549300H6NY8A0TMQJW78,US5530971556,SEC-NPORT,,,,,,unresolved
S000043966,WisdomTree Bloomberg Floating Rate Treasury Fund,549300GCKQISYMO32P15,US97717Y5270,SEC-NPORT,BBG005YHYNF9,BBG005YHYNG8,USFR,C000136444,N/A,figi-ticker-join
S000043991,Guggenheim Total Return Bond Fund,549300FZ18ZR1YQ4EB78,US40168W5250,SEC-NPORT,BBG002720ZD1,BBG002720ZF9,GIBIX,C000136529,Institutional Class,figi-ticker-join
S000044015,Goldman Sachs Small/Mid Cap Value Fund,549300QQMSY11LM6L607,US38147X1019,GLEIF,BBG005T0G5J7,BBG005T0G5K5,GMVAX,C000136623,Class A,figi-ticker-join
S000044020,Cohen & Steers Preferred and Income Opportunities Active ETF,6367006M2PVGB1SX0676,US19249U2033,SEC-NPORT,BBG01RXW2KW0,BBG01RXW2M92,CSPF,,,unresolved
S000044081,JPMorgan Income Fund,549300J9G10ZQTTAFU03,US46637K2160,GLEIF,BBG007DJPWN5,BBG007DJPWM6,JMSFX,C000136814,Class R6,figi-ticker-join
S000044081,JPMorgan Income Fund,549300J9G10ZQTTAFU03,US46637K2244,GLEIF,BBG007DJPWX4,BBG007DJPWY3,JMSIX,C000136813,Select Class,figi-ticker-join
S000044081,JPMorgan Income Fund,549300J9G10ZQTTAFU03,US46637K2327,GLEIF,BBG007DJPW82,BBG007DJPW91,JGCGX,C000136812,Class C,figi-ticker-join
S000044081,JPMorgan Income Fund,549300J9G10ZQTTAFU03,US46637K2400,GLEIF,BBG007DJPVW7,BBG007DJPVV8,JGIAX,C000136811,Class A,figi-ticker-join
S000044216,Pax MSCI International ESG Index Fund,5493001G1B6NH621FW86,US7042237427,SEC-NPORT,BBG000HLQBD7,BBG001T39ZH4,PXNIX,C000137561,Institutional Class,figi-ticker-join
S000044265,Navigator Tactical Fixed Income Fund,549300MPDMHX5QXP4F47,US66538B5782,SEC-NPORT,BBG0060MPVR2,BBG0060MPVS1,NTBIX,C000137890,Navigator Tactical Fixed Income Fund Class I Shares,figi-ticker-join
S000044274,Transamerica Inflation Opportunities,54930063RIQTGVT8N429,US89354D8415,SEC-NPORT,BBG0076BBMR3,BBG0076BBP05,TRINOI2,,,unresolved
S000044274,Transamerica Inflation Opportunities,54930063RIQTGVT8N429,US89356M6259,SEC-NPORT,BBG01HBL2L12,BBG01HC8C5Y8,TIOBX,,,unresolved
S000044275,Transamerica Intermediate Bond,549300ZF0O00XTDBKY49,US89354D1063,GLEIF,BBG00HBDX5J3,BBG00K7ZZCN0,TRINBI2,,,unresolved
S000044275,Transamerica Intermediate Bond,549300ZF0O00XTDBKY49,US89360T6249,SEC-NPORT,BBG00F5FLVN0,BBG00F5FLVP8,TMBTX,,,unresolved
S000044373,First Trust Managed Municipal ETF,549300DKYQCUWNKGQV17,US33739N1081,GLEIF,BBG006H1W517,BBG006H1W526,FMB,C000138174,First Trust Managed Municipal ETF,unique-pairing
S000044475,Deutsche X-trackers USD High Yield Corporate Bond ETF,5493000ENPC36KSKPY20,US2330514322,SEC-NPORT,BBG00FGWY3Q6,BBG00FGWY4G5,HYLB,,,unresolved
S000044524,AQR Global Macro Fund,5493005IC9ET1H2WFC64,US00191K3023,SEC-NPORT,BBG006YWP331,BBG006YWP340,QGMRX,C000145947,Class R6,figi-ticker-join
S000044687,AXA/Horizon Small Cap Value Portfolio,549300TIBBOQR6UF0T77,US29439V1439,SEC-NPORT,BBG0222W6RQ6,BBG0222W6RT3,EQICBPK,,,unresolved
S000044689,AXA/Morgan Stanley Small Cap Growth Portfolio,549300BTDC56SRZKZL87,US29439V7212,SEC-NPORT,BBG00ZSNCXV1,BBG00ZVN7H84,EQSCGGU,,,unresolved
S000044692,Multimanager Core Bond Portfolio,2Z31MM647E8VKFO85808,US00247C5287,SEC-NPORT,BBG00ZSNCDY2,BBG00ZVCS581,EQMMCBD,,,unresolved
S000044766,PD 1-3 Year Corporate Bond Portfolio,5493007B8JIEIFCTQB37,US6948091201,SEC-NPORT,,,,,,unresolved
S000045074,iShares MSCI Qatar Capped ETF,549300B5RXPZMUBIPL06,US46434V7799,SEC-NPORT,BBG006F3G5G7,BBG006F3G5H6,QAT,C000140043,iShares MSCI Qatar Capped ETF,figi-ticker-join
S000045075,iShares MSCI UAE Capped ETF,549300W8A4HMFQBPVC48,US46434V7617,SEC-NPORT,BBG006F3JCW1,BBG006F3JCX0,UAE,C000140044,iShares MSCI UAE Capped ETF,figi-ticker-join
S000045102,iShares Core MSCI Europe ETF,549300XU2KDV0C5LCG21,US46434V7385,SEC-NPORT,BBG006MJ8993,BBG006MJ8984,IEUR,C000140337,iShares Core MSCI Europe ETF,figi-ticker-join
S000045103,iShares Core MSCI Pacific ETF,549300Q9GRKBMCU6NO32,US46434V6965,SEC-NPORT,BBG006MJG5V7,BBG006MJG5T0,IPAC,C000140338,iShares Core MSCI Pacific ETF,figi-ticker-join
S000045226,Payden Strategic Income Fund,5493002EUNEMBLRCKL57,US7043291431,GLEIF,BBG006G4ZFQ0,BBG006G4ZFR9,PYSIX,C000140808,Payden Strategic Income Fund (SI Class),figi-ticker-join
S000045226,Payden Strategic Income Fund,5493002EUNEMBLRCKL57,US7043291688,GLEIF,BBG006G4ZG06,BBG006G4ZG15,PYSGX,C000140807,Payden Strategic Income Fund (Investor Class),figi-ticker-join
S000045259,Met/Artisan International Portfolio,549300YQ77TL56U43K12,US10923M5269,SEC-NPORT,,,,,,unresolved
S000045260,Dodge & Cox Global Bond Fund,549300QKUYO6Q3WYXF87,US2562063014,GLEIF,BBG0064Q3ZG6,BBG0064Q3ZH5,DODLX,C000140963,Dodge & Cox Global Bond Fund,unique-pairing
S000045275,Transamerica Mid Cap Value Opportunities,549300EBY5BMUT2S0673,US89354D7672,SEC-NPORT,BBG0074VGCY0,BBG0074VGCZ9,IAAEX,,,unresolved
S000045275,Transamerica Mid Cap Value Opportunities,549300EBY5BMUT2S0673,US89356L6276,SEC-NPORT,BBG00DGZKL34,BBG00DGZKL43,MVTRX,C000172163,R6,figi-ticker-join
S000045275,Transamerica Mid Cap Value Opportunities,549300EBY5BMUT2S0673,US89360T5258,SEC-NPORT,BBG00F5FN8D0,BBG00F5FN8F8,TOTTX,,,unresolved
S000045388,SPDR MSCI World StrategicFactors ETF,549300L6NXGVZIUJB982,US78463X4189,SEC-NPORT,BBG006LCS5H6,BBG006LCS5J4,QWLD,C000141274,SPDR MSCI World StrategicFactors ETF,figi-ticker-join
S000045403,"T. Rowe Price Credit Opportunities Fund, Inc.",549300EYLGFRZ8FLF034,US87279J1097,GLEIF,BBG006BFLVN3,BBG006BFLVP1,PRCPX,C000141380,"T. Rowe Price Credit Opportunities Fund, Inc.",figi-ticker-join
S000045403,"T. Rowe Price Credit Opportunities Fund, Inc.",549300EYLGFRZ8FLF034,US87279J2087,GLEIF,BBG006BFLTL0,BBG006BFLTM9,PAOPX,C000141381,T. Rowe Price Credit Opportunities Fund-Advisor Class,figi-ticker-join
S000045403,"T. Rowe Price Credit Opportunities Fund, Inc.",549300EYLGFRZ8FLF034,US87279J3077,GLEIF,BBG00FFRQBD3,BBG00FFRQBF1,TCRRX,,,unresolved
S000045406,JPMorgan Diversified Return International Equity ETF,549300BY2GOTBGN1XN59,US46641Q2093,GLEIF,BBG007H0QWB4,BBG007H0QWC3,JPIN,C000141385,JPMorgan Diversified Return International Equity ETF,unique-pairing
S000045407,JPMorgan Diversified Return Emerging Markets Equity ETF,549300NS45W7QLW1VU64,US46641Q3083,GLEIF,BBG007VDWC18,BBG007VDWC09,JPEM,C000141386,JPMorgan Diversified Return Emerging Markets Equity ETF,unique-pairing
S000045496,Guggenheim Strategy Fund II,549300MHRGBLZPUQ5G89,US40168Q2057,GLEIF,,,,C000141590,Guggenheim Strategy Fund II,unique-pairing
S000045497,Guggenheim Strategy Fund III,549300QC2B06ET4AEJ54,US40168Q3048,GLEIF,BBG0068932W5,BBG0068932X4,GFSCX,C000141591,Guggenheim Strategy Fund III,unique-pairing
S000045498,Guggenheim Variable Insurance Strategy Fund III,549300XSJSZ9XNVJEJ14,US40168Q4038,GLEIF,,,,C000141592,Guggenheim Variable Insurance Strategy Fund III,unique-pairing
S000045528,Pax Ellevate Global Women's Index Fund,549300J0TL6WZJ1A7C04,US70422T1097,GLEIF,BBG000TRMQZ8,BBG001T0G3N6,PXWIX,C000141747,Institutional Class,figi-ticker-join
S000045644,iShares Core Total USD Bond Market ETF,549300IWM5U5LVTDP761,US46434V6130,SEC-NPORT,BBG006MJCSX9,BBG006MJCSW0,IUSB,C000141927,iShares Core Total USD Bond Market ETF,figi-ticker-join
S000045648,iShares Core Dividend Growth ETF,549300KH155G8BRZXD37,US46434V6213,SEC-NPORT,BBG006MJFZJ6,BBG006MJFZK4,DGRO,C000141931,iShares Core Dividend Growth ETF,figi-ticker-join
S000045649,iShares Global REIT ETF,549300254BKG04Y2B303,US46434V6478,SEC-NPORT,BBG006S5D3K1,BBG006S5D3J3,REET,C000141932,iShares Global REIT ETF,figi-ticker-join
S000045700,First Trust Long/Short Equity ETF,549300751U9S8UPOSL94,US33739P1030,GLEIF,BBG00735B1S4,BBG00735B1V0,FTLS,C000142474,First Trust Long/Short Equity ETF,unique-pairing
S000045751,John Hancock Disciplined Value International Fund,549300PFPBACKV167T81,US47803P2294,SEC-NPORT,BBG008H43XK7,BBG008H43XL6,JDIVX,,,unresolved
S000045768,MainStay Cushing MLP Premier Fund,549300ESFNCM867SRU33,US56064B5306,GLEIF,BBG0015LBPB5,BBG001TC2685,CSHZX,C000142692,Class I,figi-ticker-join
S000045768,MainStay Cushing MLP Premier Fund,549300ESFNCM867SRU33,US56064B5488,GLEIF,BBG0015LBNX6,BBG001TC2676,CSHCX,C000142691,Class C,figi-ticker-join
S000045768,MainStay Cushing MLP Premier Fund,549300ESFNCM867SRU33,US56064B5553,GLEIF,BBG006BJKDJ1,BBG006BJKDK9,CSHNX,C000142693,Investor Class,figi-ticker-join
S000045768,MainStay Cushing MLP Premier Fund,549300ESFNCM867SRU33,US56064B5637,GLEIF,BBG0015LBN48,BBG001TC2480,CSHAX,C000142690,Class A,figi-ticker-join
S000045768,MainStay Cushing MLP Premier Fund,549300ESFNCM867SRU33,US56064L2079,GLEIF,BBG00HK2GPP5,BBG00HK2GPQ4,CSHDX,,,unresolved
S000045797,First Trust Enhanced Short Maturity ETF,5493001UCOPQLKO3TS73,US33739Q4082,GLEIF,BBG006XT8622,BBG006XT8631,FTSM,C000142755,First Trust Enhanced Short Maturity ETF,unique-pairing
S000045836,Invesco Conservative Income Fund,549300DF8ZMA5QG3GE34,US46134M1036,GLEIF,BBG006RZ2WN1,BBG006RZ2WP9,ICIFX,C000142880,Institutional Class,unique-pairing
S000045902,Select U.S. Equity Fund,549300PPT7741EJKD754,US78249R3479,SEC-NPORT,BBG006GPR7L5,BBG006GPR7M4,RTDYX,C000143047,Class Y,figi-ticker-join
S000045903,Select International Equity Fund,5493004SX31W5EXJ2590,US78249R2893,SEC-NPORT,BBG006GPHZP0,BBG006GPHZQ9,RTIYX,C000143048,Class Y,figi-ticker-join
S000045910,1290 GAMCO Small/Mid Cap Value Fund,549300L5BA1YY9XR6U41,US68246A1088,GLEIF,BBG006NLZBT0,BBG006NLZBV7,TNVAX,C000143077,Class A,figi-ticker-join
S000045910,1290 GAMCO Small/Mid Cap Value Fund,549300L5BA1YY9XR6U41,US68246A3068,SEC-NPORT,BBG006NLZL27,BBG006NLZL36,TNVIX,C000143079,Class I,figi-ticker-join
S000045911,1290 High Yield Bond Fund,5493002Q0NSOTJ5JQO77,US68246A7028,SEC-NPORT,BBG006NLZWH7,BBG006NLZWJ5,TNHIX,C000143083,Class I,figi-ticker-join
S000045912,1290 SmartBeta Equity Fund,549300QX3XGSQC885C58,US68246A8687,SEC-NPORT,BBG006NLZZT7,BBG006NLZZV4,TNBIX,C000143086,Class I,figi-ticker-join
S000045948,Eubel Brady & Suttman Income and Appreciation Fund,5493007LJH1EW6ZTTY10,US2978901054,GLEIF,BBG0077NQSQ8,BBG0077NQSP9,EBSZX,C000143294,Eubel Brady & Suttman Income and Appreciation Fund,unique-pairing
S000045949,Eubel Brady & Suttman Income Fund,549300SMV3PYPPLKT605,US2978902045,GLEIF,BBG0077NRH90,BBG0077NRHB7,EBSFX,C000143295,Eubel Brady & Suttman Income Fund,unique-pairing
S000046009,Spirit of America Energy Fund,549300NUK30FC9K5W533,US8485792076,GLEIF,BBG006RZ2YB0,BBG006RZ2YC9,SOAEX,C000143747,Class A,figi-ticker-join
S000046029,State Street Equity 500 Index II Portfolio,549300IDK82VZN2AFK60,US85749T7569,SEC-NPORT,BBG006T5WHK8,BBG006T5WHL7,SSEYX,C000143850,State Street Equity 500 Index II Portfolio,figi-ticker-join
S000046031,State Street Aggregate Bond Index Portfolio,549300CYRPLDVB2ZTF93,US85749T7726,SEC-NPORT,BBG006T5VNQ0,BBG006T5VNP1,SSAFX,C000143852,State Street Aggregate Bond Index Portfolio,figi-ticker-join
S000046032,State Street Global Equity ex-U.S. Index Portfolio,5493006RH3PQC41AJP68,US85749T7643,SEC-NPORT,BBG006T5WM36,BBG006T5WM45,SSGVX,C000143853,State Street Global Equity ex-U.S. Index Portfolio,figi-ticker-join
S000046096,EMERGING MARKETS DEBT FUND,54930089U8LN76OW1Q27,US0250826601,SEC-NPORT,BBG00HC17641,BBG00HC17650,AEDGX,,,unresolved
S000046096,EMERGING MARKETS DEBT FUND,54930089U8LN76OW1Q27,US0250828359,SEC-NPORT,BBG006KJ9V68,BBG006KJ9V59,AEDVX,C000144189,INVESTOR CLASS,figi-ticker-join
S000046109,First Trust Strategic Income ETF,549300OJJGOE7SUG3624,US33739Q3092,GLEIF,BBG006YSN859,BBG006YSN868,HISF,C000144296,First Trust Strategic Income ETF,unique-pairing
S000046193,FlexShares Disciplined Duration MBS Index Fund,549300PAH536BT2V8S59,US33939L7799,SEC-NPORT,BBG0072GFT15,BBG0072GFT24,MBSD,C000144481,FlexShares Disciplined Duration MBS Index Fund,figi-ticker-join
S000046204,First Trust Low Duration Opportunities ETF,549300ZVBPE1RKOPM784,US33739Q2003,GLEIF,BBG007GFNV36,BBG007GFNV45,LMBS,C000144500,First Trust Low Duration Opportunities ETF,unique-pairing
S000046222,"T. Rowe Price Intermediate Tax-Free High Yield Fund, Inc.",549300Y0YLMM2H73G822,US87279L1044,GLEIF,BBG006T4K5S2,BBG006T4K5R3,PRIHX,C000144520,"T. Rowe Price Intermediate Tax-Free High Yield Fund, Inc.",figi-ticker-join
S000046222,"T. Rowe Price Intermediate Tax-Free High Yield Fund, Inc.",549300Y0YLMM2H73G822,US87279L2034,GLEIF,,,,,,unresolved
S000046222,"T. Rowe Price Intermediate Tax-Free High Yield Fund, Inc.",549300Y0YLMM2H73G822,US87279L3024,GLEIF,BBG00H69K7W3,BBG00H69K7X2,TFHAX,,,unresolved
S000046314,SPDR DoubleLine Total Return Tactical ETF,549300BX4XYYCFT9AP37,US78467V8485,SEC-NPORT,BBG0084H8467,BBG0084H8485,TOTL,C000144728,SPDR DoubleLine Total Return Tactical ETF,figi-ticker-join
S000046395,Victory Munder Multi-Cap Fund (formerly Victory Munder Growth Opportunities Fund),549300U0TGCDD030GT65,US92647K3095,SEC-NPORT,BBG000BFKZW8,BBG001S98YV0,MISIX,,,unresolved
S000046416,LVIP SSGA Mid-Cap Index Fund,549300YYWU78MNJNW746,US5350007648,SEC-NPORT,BBG00JVDP089,BBG00JVDP098,VLMCISV,,,unresolved
S000046484,PIMCO Senior Loan Active Exchange-Traded Fund,549300YFT046RNVJXR73,US72201R6273,SEC-NPORT,BBG0180BK8L3,BBG0180BK9Q6,LONZ,,,unresolved
S000046499,Schwab Fundamental Global Real Estate Index Fund,549300TU2GMF2KO3ET09,US8085091606,GLEIF,BBG0070QS7M6,BBG0070QS7N5,SFREX,C000145193,Schwab Fundamental Global Real Estate Index Fund,unique-pairing
S000046586,iShares MSCI United Kingdom ETF,549300D5PVRLB9ULJS58,US46435G3341,SEC-NPORT,BBG000BK6997,BBG001S8SYX8,EWU,C000145378,iShares MSCI United Kingdom ETF,figi-ticker-join
S000046660,TIAA-CREF Emerging Markets Debt Fund,549300WLIUEOX123JU96,US87249N7012,SEC-NPORT,BBG00L1CGJZ8,BBG00L1CGK03,TEDVX,,,unresolved
S000046740,AQR Equity Market Neutral Fund,5493004VUEKIV6063V70,US00191K7651,SEC-NPORT,BBG006YWS1S5,BBG006YWS1T4,QMNRX,C000145996,Class R6,figi-ticker-join
S000046740,AQR Equity Market Neutral Fund,5493004VUEKIV6063V70,US00191K7990,SEC-NPORT,BBG006YWRSG0,BBG006YWRSH9,QMNIX,C000145994,Class I,figi-ticker-join
S000046751,First Trust Emerging Markets Local Currency Bond ETF,549300DP1S8SJV0BSG28,US33739P2020,GLEIF,BBG007GFNNZ9,BBG007GFNP02,FEMB,C000146034,First Trust Emerging Markets Local Currency Bond ETF,unique-pairing
S000046839,CALVERT UNCONSTRAINED BOND FUND,549300HDLJYKTU171023,US13161X1054,GLEIF,BBG006Z29343,BBG006Z29352,CUBAX,C000146359,CLASS A,figi-ticker-join
S000046839,CALVERT UNCONSTRAINED BOND FUND,549300HDLJYKTU171023,US13161X8406,SEC-NPORT,BBG00P82VN97,BBG00P82VNB4,CUBRX,,,unresolved
S000046847,Robinson Tax Advantaged Income Fund,549300OGHIULVNECLN58,US46141Q1058,GLEIF,BBG0076X3LY8,BBG0076X3LZ7,ROBAX,C000146391,Class A Shares,figi-ticker-join
S000046874,JPMorgan Diversified Return U.S. Equity ETF,549300Q8S3VLN4G8B490,US46641Q4073,GLEIF,BBG00B3QWPQ5,BBG00B3QWPR4,JPUS,C000146462,JPMorgan Diversified Return U.S. Equity ETF,unique-pairing
S000046881,Ivy Mid Cap Income Opportunities Fund,549300HSHG88TJ1MUX88,US46600B1026,GLEIF,BBG0071KWXX4,BBG0071KWXY3,IVOAX,C000146475,Class A,figi-ticker-join
S000047006,Smead Value Fund,549300OM716F7C5UE104,US83178C1053,GLEIF,BBG007HMY0C6,BBG007HMY0F3,SVFCX,C000146929,Class C Shares,figi-ticker-join
S000047014,BATS SERIES A,5493001N6IPQ853IL862,US0924807060,SEC-NPORT,BBG0073DRPS7,BBG0073DRPJ7,BATAX,,,unresolved
S000047035,First Trust Eurozone AlphaDEX ETF,549300K49WGSLDHLM846,US33737J5056,SEC-NPORT,BBG007D9BXL2,BBG007D9BXM1,FEUZ,C000147004,First Trust Eurozone AlphaDEX ETF,figi-ticker-join
S000047257,FlexShares Credit-Scored US Corporate Bond Index Fund,549300EKPU2HRI5LC014,US33939L7617,SEC-NPORT,BBG007J2RFB4,BBG007J2RFC3,SKOR,C000148066,FlexShares Credit-Scored US Corporate Bond Index Fund,figi-ticker-join
S000047288,PIMCO RAE Worldwide Long/Short PLUS Fund,549300CBT8QMVT1DGW24,US72202E6095,SEC-NPORT,BBG007LSWVN0,BBG007LSWVP8,PWLIX,C000148267,Institutional,figi-ticker-join
S000047389,TCW Global Real Estate Fund,549300USSFEYDJ0R1K06,US8723657966,SEC-NPORT,BBG007J2NTV6,BBG007J2NTW5,TGREX,C000148757,Class I,figi-ticker-join
S000047473,Emerging Markets Leaders Portfolio,549300FWW3MZZXZRBD15,US61760X1587,GLEIF,BBG00ZR0BT06,BBG00ZR0BT15,MSIWX,,,unresolved
S000047479,Transamerica Unconstrained Bond,54930000WQFBEX4N7U31,US89355J2437,SEC-NPORT,BBG007T9GX49,BBG007T9GX58,TRUCBI2,,,unresolved
S000047503,iShares Edge MSCI Intl Momentum Factor ETF,549300O0CUUN2T6OVF98,US46434V4499,SEC-NPORT,BBG007WGK4C9,BBG007WGK4B0,IMTM,C000149147,iShares Edge MSCI Intl Momentum Factor ETF,figi-ticker-join
S000047504,iShares Edge MSCI Intl Quality Factor ETF,549300NCBUPWCYENVS18,US46434V4564,SEC-NPORT,BBG007WGM3G5,BBG007WGM3H4,IQLT,C000149148,iShares Edge MSCI Intl Quality Factor ETF,figi-ticker-join
S000047583,Lattice Developed Markets (ex-US) Strategy ETF,5493007Y640K05LXPU24,US5184161025,GLEIF,BBG00864TJ77,BBG00864TJ86,RODM,C000149406,Lattice Developed Markets (ex-US) Strategy ETF,unique-pairing
S000047584,Lattice Emerging Markets Strategy ETF,549300D4LYUYS3VC7I75,US5184162015,GLEIF,BBG00864TV34,BBG00864TV43,ROAM,C000149407,Lattice Emerging Markets Strategy ETF,unique-pairing
S000047939,iShares MSCI Saudi Arabia Capped ETF,5493004P512V6ELEIL59,US46434V4234,SEC-NPORT,BBG00B094395,BBG00B0943B2,KSA,C000150700,iShares MSCI Saudi Arabia Capped ETF,figi-ticker-join
S000047983,T. Rowe Price Global Unconstrained Bond Fund,549300RBL73KV0WZZF27,US77956H4680,SEC-NPORT,BBG009Y051C1,BBG009Y051B2,RPEIX,C000159134,T. Rowe Price Global Unconstrained Bond Fund-I Class,figi-ticker-join
S000047983,T. Rowe Price Global Unconstrained Bond Fund,549300RBL73KV0WZZF27,US87281D7021,SEC-NPORT,BBG00TFXFXH0,BBG00TFXFXK6,TRDZX,,,unresolved
S000048289,Goldman Sachs ActiveBeta(R) International Equity ETF,549300XBH2SEXT65RC75,US3814301079,SEC-NPORT,BBG00BDMWQD5,BBG00BDMWQF3,GSIE,,,unresolved
S000048292,Goldman Sachs ActiveBeta(R) Emerging Markets Equity ETF,549300PZDHNP7HDURN13,US3814302069,SEC-NPORT,BBG00B3QTT18,BBG00B3QTT09,GEM,,,unresolved
S000048295,Goldman Sachs ActiveBeta(R) U.S. Large Cap Equity ETF,549300HE2W614QP0GH20,US3814305039,SEC-NPORT,BBG00B0SKXX2,BBG00B0SKXY1,GSLC,,,unresolved
S000048320,Catholic Values Equity Fund,549300VJMVMQ8OVR3664,US7841161059,GLEIF,BBG0084B9LN2,BBG0084B9LP0,CAVAX,C000152590,Catholic Values Equity Fund Class A,figi-ticker-join
S000048321,Catholic Values Fixed Income Fund,549300PGEESYEMTFDK65,US7841162040,GLEIF,BBG0084B9Q42,BBG0084B9Q51,CFVAX,C000152592,Catholic Values Fixed Income Fund Class A,figi-ticker-join
S000048334,Bridge Builder Large Cap Growth Fund,5493001J4IHNCOS2L914,US10803R2076,GLEIF,BBG007Z9RVQ0,BBG007Z9RVR9,BBGLX,C000152649,Bridge Builder Large Cap Growth Fund,unique-pairing
S000048335,Bridge Builder Large Cap Value Fund,54930049TXI76J72F319,US10803R3066,GLEIF,BBG007Z5XKZ5,BBG007Z5XL01,BBVLX,C000152650,Bridge Builder Large Cap Value Fund,unique-pairing
S000048336,Bridge Builder Small/Mid Cap Growth Fund,5493000YK4UVWWSZUT86,US10803R4056,GLEIF,BBG007Z60PF0,BBG007Z60PG9,BBGSX,C000152651,Bridge Builder Small/Mid Cap Growth Fund,unique-pairing
S000048337,Bridge Builder Small/Mid Cap Value Fund,549300T0NE2WRD5E5Y98,US10803R5046,GLEIF,BBG007Z615C6,BBG007Z615D5,BBVSX,C000152652,Bridge Builder Small/Mid Cap Value Fund,unique-pairing
S000048356,Russell Multi-Strategy Income Fund,549300A5DFWAE2ARUU44,US78249R2141,SEC-NPORT,BBG008D3GZ15,BBG008D3GZ24,RMYYX,C000152728,Class Y,figi-ticker-join
S000048359,River Canyon Total Return Bond Fund,549300KPJ4MWUB2SY635,US00770G6567,SEC-NPORT,BBG007SS4FZ6,BBG007SS4G02,RCTIX,C000152732,Institutional Shares,figi-ticker-join
S000048360,Angel Oak Multi-Strategy Income Fund,549300CILF354466HZ11,US03463K3077,GLEIF,BBG001NVKK15,BBG001V16LP0,ANGLX,C000152733,Class A,figi-ticker-join
S000048370,PUTNAM MORTGAGE OPPORTUNITIES FUND,549300SDR1EM41OFS298,US7467641335,GLEIF,BBG0087HX876,BBG0087HX8B1,PMOTX,C000152757,CLASS I,unique-pairing
S000048405,NT INTERNATIONAL SMALL-MID CAP FUND,549300TC8GKLMNQ5UH53,US0250863158,SEC-NPORT,BBG0089WZP35,BBG0089WZP26,ANTMX,C000152812,INSTITUTIONAL CLASS,figi-ticker-join
S000048405,NT INTERNATIONAL SMALL-MID CAP FUND,549300TC8GKLMNQ5UH53,US0250863232,SEC-NPORT,BBG0089WZQB4,BBG0089WZQ97,ANTSX,C000152811,INVESTOR CLASS,figi-ticker-join
S000048564,LVIP Dimensional U.S. Core Equity 2 Fund,549300L3L53GLRPQZK71,US53500Q1067,GLEIF,,,,,,unresolved
S000048565,LVIP Dimensional International Core Equity Fund,549300YPLMOSU61OL334,US53500Q3048,SEC-NPORT,,,,,,unresolved
S000048568,Vanguard Tax-Exempt Bond Index Fund,549300SF5YKKQIK4EV73,US9229077469,SEC-NPORT,BBG009THVRW2,BBG009THVRX1,VTEB,,,unresolved
S000048623,iShares Edge MSCI Multifactor USA ETF,549300UJ0D3L1ZD66F49,US46434V2824,SEC-NPORT,BBG008LNYFC4,BBG008LNYFB5,LRGF,C000153271,iShares Edge MSCI Multifactor USA ETF,figi-ticker-join
S000048624,iShares Edge MSCI Multifactor USA Small-Cap ETF,549300DLCT4OPALM4X19,US46434V2907,SEC-NPORT,BBG008LP6CJ0,BBG008LP6CK8,SMLF,C000153272,iShares Edge MSCI Multifactor USA Small-Cap ETF,figi-ticker-join
S000048637,iShares Convertible Bond ETF,5493009GXGY863LN1X56,US46435G1022,SEC-NPORT,BBG009BKDML7,BBG009BKDMM6,ICVT,C000153287,iShares Convertible Bond ETF,figi-ticker-join
S000048686,Pacer Trendpilot 100 ETF,549300N6C4GN7VQ6FP19,US69374H3030,GLEIF,BBG009BNY731,BBG009BNY740,PTNQ,C000153415,Pacer Trendpilot 100 ETF,unique-pairing
S000048687,Pacer US Export Leaders ETF,5493005DSYQFCU4Y5J08,US69374H4020,GLEIF,BBG00LGRG259,BBG00LGRG2X8,PEXL,C000153416,Pacer US Export Leaders ETF,unique-pairing
S000048688,Pacer Trendpilot 450 ETF,549300J92TLSCQ6RYQ58,US69374H2040,GLEIF,BBG009BJVYT6,BBG009BJVYS7,PTMC,C000153417,Pacer Trendpilot 450 ETF,unique-pairing
S000048689,Pacer Trendpilot 750 ETF,549300OG2DG0H7BM6Y13,US69374H1059,GLEIF,BBG009BJW8F7,BBG009BJW8D9,PTLC,C000153418,Pacer Trendpilot 750 ETF,unique-pairing
S000048866,Core Income Portfolio,549300E00USLEMOEC104,US69480V1052,GLEIF,,,,,,unresolved
S000048890,AXA/DoubleLine Opportunistic Core Plus Bond Portfolio,549300IMDNYGRWBIDG58,US29439V6305,SEC-NPORT,BBG00ZSNCXJ5,BBG00ZVX9PJ0,12DOBUU,,,unresolved
S000048952,PIMCO RAE Fundamental Emerging Markets Fund,549300KB60WW62D2H675,US72202L6450,SEC-NPORT,BBG009CCXP99,BBG009CCXPB6,PEIFX,C000154250,Institutional Class,figi-ticker-join
S000048955,PIMCO RAE Fundamental International Fund,549300QHP6XVOG84J529,US72202L5122,SEC-NPORT,BBG009CCYJZ3,BBG009CCYK08,PPYIX,C000154271,Institutional Class,figi-ticker-join
S000048956,PIMCO RAE Fundamental US Fund,549300R48OOJF16HWB25,US72202L4620,SEC-NPORT,BBG009CD1RL4,BBG009CD1RM3,PKAIX,C000154278,Institutional Class,figi-ticker-join
S000048957,PIMCO RAE Fundamental US Small Fund,549300ONRN2G874LQ007,US72202L4216,SEC-NPORT,BBG009CGLH64,BBG009CGLH73,PMJIX,C000154285,Institutional Class,figi-ticker-join
S000049021,iShares Edge MSCI Multifactor Emerging Markets ETF,549300TQEEE2ZHP5EH15,US46434G8895,SEC-NPORT,BBG00BM64QM1,BBG00BM64QL2,EMGF,C000154544,iShares Edge MSCI Multifactor Emerging Markets ETF,figi-ticker-join
S000049024,iShares Edge MSCI Multifactor Intl ETF,549300TGSNNEEUASUI58,US46434V2741,SEC-NPORT,BBG008LPBRZ3,BBG008LPBS09,INTF,C000154547,iShares Edge MSCI Multifactor Intl ETF,figi-ticker-join
S000049025,iShares Edge MSCI Multifactor Intl Small-Cap ETF,549300UA39EK10ZPCR02,US46434V2667,SEC-NPORT,BBG008LP7B56,BBG008LP7B65,ISCF,C000154548,iShares Edge MSCI Multifactor Intl Small-Cap ETF,figi-ticker-join
S000049047,Principal EDGE Active Income ETF,549300IJEBBJ7TDADP97,US74255Y1029,GLEIF,BBG009KJNFQ9,BBG009KJNFR8,YLD,C000154646,Principal EDGE Active Income ETF,unique-pairing
S000049057,MainStay VP Cushing Renaissance Advantage Portfolio,549300NCMV6NUD9J6V80,US56064D1063,GLEIF,,,,,,unresolved
S000049130,TCW Core Fixed Income Portfolio,5493008SZXD1WBYIP018,US10923M1128,GLEIF,,,,,,unresolved
S000049130,TCW Core Fixed Income Portfolio,5493008SZXD1WBYIP018,US10923M1201,GLEIF,,,,,,unresolved
S000049168,Calvert U.S. Large Cap Growth Responsible Index Fund,5493000179G37BJVLO31,US1316184720,SEC-NPORT,BBG0151R4SB8,BBG0151R4SC7,CLGRX,,,unresolved
S000049169,Calvert U.S. Large Cap Value Responsible Index Fund,5493005WGBW1GHF4CG37,US1316184647,SEC-NPORT,BBG0151R4SX4,BBG0151R4SZ2,CLVRX,,,unresolved
S000049374,Direxion Daily S&P Biotech Bear 3X Shares,5493001EXBWSNYPRLT71,US25461H8530,SEC-NPORT,BBG0099SHGJ5,BBG0099SHGK3,LABD,C000156150,Direxion Daily S&amp;P Biotech Bear 3X Shares,figi-ticker-join
S000049375,Direxion Daily S&amp;P Oil &amp; Gas Exp. &amp; Prod. Bull 3X Shares,549300K7JGG8P4IIGY05,US25460G5009,SEC-NPORT,BBG0099SHZZ5,BBG0099SJ008,GUSH,C000156151,Direxion Daily S&amp;amp;P Oil &amp;amp; Gas Exp. &amp;amp; Prod. Bull 3X Shares,figi-ticker-join
S000049376,Direxion Daily S&amp;P Oil &amp; Gas Exp. &amp; Prod. Bear 3X Shares,549300UOLMLVGDCGJM06,US25460G3285,SEC-NPORT,BBG00KFKR308,BBG0099SHQP6,DRIPUSD,,,unresolved
S000049573,iShares Edge MSCI Intl Value Factor ETF,549300HD4TSTWEGNNR73,US46435G4091,SEC-NPORT,BBG009DR6410,BBG009DR6401,IVLU,C000156614,iShares Edge MSCI Intl Value Factor ETF,figi-ticker-join
S000049575,WisdomTree Barclays U.S. Aggregate Bond Enhanced Yield Fund,549300U3BHCCLLWPI962,US97717X5115,SEC-NPORT,BBG009KCY2B7,BBG009KCY2C6,AGGY,C000156663,N/A,figi-ticker-join
S000049577,Aspiration Redwood Fund,5493005OD8ZNIJUMAF98,US04537W2026,GLEIF,BBG009L21F70,BBG009L21F89,REDWX,C000156670,Aspiration Redwood Fund,unique-pairing
S000049584,Aspiriant Risk-Managed Municipal Bond Fund,549300GNL6LF12YYHL49,US04537J1025,GLEIF,BBG008P2VX49,BBG008P2VX58,RMMBX,C000156767,Aspiriant Risk-Managed Municipal Bond Fund,unique-pairing
S000049700,Bridge Builder International Equity Fund,549300P28D0PRH0BNQ79,US10803R6036,GLEIF,BBG008QQ9MQ0,BBG008QQ9MR9,BBIEX,C000157146,Bridge Builder International Equity Fund,unique-pairing
S000049701,Bridge Builder Core Plus Bond Fund,5493008FDGLC90EUMI09,US10803R7026,GLEIF,BBG008QQ86V0,BBG008QQ86W9,BBCPX,C000157147,Bridge Builder Core Plus Bond Fund,unique-pairing
S000049907,Victory CEMP US Large Cap High Div Volatility Wtd Index ETF,549300RS1Y46ILB96P77,US92647N8653,SEC-NPORT,BBG009K7JNC8,BBG009K7JND7,CDL,C000157588,Victory CEMP US Large Cap High Div Volatility Wtd Index ETF,figi-ticker-join
S000049991,1290 Unconstrained Bond Managers Fund,549300IF4YNP3KPSE713,US68246A6863,SEC-NPORT,BBG008P8Y9J0,BBG008P8Y9K8,TNUIX,C000157854,Class I,figi-ticker-join
S000050154,PowerShares S&P 500 Momentum Portfolio,549300QP2QUH1GGTQU53,US46138E3392,SEC-NPORT,BBG00B59HSH2,BBG00B59HSJ0,SPMO,C000158243,PowerShares S&P 500 Momentum Portfolio,figi-ticker-join
S000050195,IQ 50 Percent Hedged FTSE International ETF,549300F6Y8RYQ8RNY082,US45409B5600,SEC-NPORT,BBG009NMJ5M0,BBG009NMJ5N9,HFXI,C000158453,IQ 50 Percent Hedged FTSE International ETF,figi-ticker-join
S000050278,TIAA-CREF Short-Term Bond Index Fund,549300E0IN3FTX4VOO07,US87245P3534,SEC-NPORT,BBG00L1CGQ00,BBG00L1CGQ19,TTBWX,,,unresolved
S000050332,STATE STREET SMALL/MID CAP EQUITY INDEX PORTFOLIO,54930001FXUIVS800B48,US85749T7072,SEC-NPORT,BBG009S78NT4,BBG009S78NV1,SSMHX,C000158904,STATE STREET SMALL/MID CAP EQUITY INDEX PORTFOLIO,figi-ticker-join
S000050371,BlackRock Developed Real Estate Index Fund,549300CCO72SBIYZNP24,US0919361875,SEC-NPORT,BBG009LD2112,BBG009LD2121,BKRDX,,,unresolved
S000050381,Horizon Active Asset Allocation Fund,5493003D732NMZS9ZU43,US44053A1016,GLEIF,BBG0069KVT22,BBG0069KVT59,HASAX,C000159077,Class A,figi-ticker-join
S000050390,T. Rowe Price Emerging Markets Value Stock Fund,549300O1OJ5I2F2FBD73,US77956H2379,SEC-NPORT,BBG00G6NG9S0,BBG00G6NG9T9,REVIX,,,unresolved
S000050390,T. Rowe Price Emerging Markets Value Stock Fund,549300O1OJ5I2F2FBD73,US87281D8847,SEC-NPORT,BBG00TFXF6C4,BBG00TFXF6D3,TRFZX,,,unresolved
S000050435,Anchor Tactical Credit Strategies Fund,5493009PIMVZ5T620V91,US66538H1041,GLEIF,BBG009XW3Y41,BBG009XW3Y50,ATCSX,C000159233,Anchor Tactical Credit Strategies Fund Investor Class Shares,figi-ticker-join
S000050455,JNL/DoubleLine Shiller Enhanced CAPE Fund,549300RS4S5278OI1746,US46644W1045,GLEIF,,,,C000159263,JNL/DoubleLine Shiller Enhanced CAPE Fund (A),unique-pairing
S000050532,Direxion Daily Pharmaceutical & Medical Bull 3X Shares,549300HLYIVQQ31NJC71,US25460E6462,SEC-NPORT,BBG00J7KDH95,BBG00J7KDJ00,PILL,,,unresolved
S000050577,Goldman Sachs Global Infrastructure Fund,54930073G57DO7G34278,US38148U7752,SEC-NPORT,BBG009Y3ZQ28,BBG009Y3ZQ37,GGIJX,C000159645,Class R6 Shares,figi-ticker-join
S000050613,FlexShares Credit-Scored US Long Corporate Bond Index Fund,549300YA7N5SC1CJ0E61,US33939L7534,SEC-NPORT,BBG00B2VYK11,BBG00B2VYK20,LKOR,C000159757,FlexShares Credit-Scored US Long Corporate Bond Index Fund,figi-ticker-join
S000050632,Bridge Builder Municipal Bond Fund,5493003VPO8RCMPVYN16,US10803R8016,GLEIF,BBG009L21PQ7,BBG009L21PR6,BBMUX,C000159840,Bridge Builder Municipal Bond Fund,unique-pairing
S000050640,First Trust SSI Strategic Convertible Securities ETF,549300E2LXTTRLNEGB53,US33739Q5071,GLEIF,BBG00BC8DBF9,BBG00BC8DBG8,FCVT,C000159952,First Trust SSI Strategic Convertible Securities ETF,unique-pairing
S000050655,MFS Blended Research Emerging Markets Equity Fund,549300N4Y1QEM5QDU861,US5529872401,SEC-NPORT,BBG00B096RP2,BBG00B096RR0,BRKVX,C000160001,R6,figi-ticker-join
S000050658,MFS Blended Research Growth Equity Fund,549300M0GLI3GVVPMM34,US5527437835,SEC-NPORT,BBG00B09KYV4,BBG00B09KYW3,BRWVX,C000160028,R6,figi-ticker-join
S000050659,MFS Blended Research Small Cap Equity Fund,549300R0MISDFKQQMH05,US5527436845,SEC-NPORT,BBG00B0F2GM9,BBG00B0F2GN8,BRSYX,C000160037,R6,figi-ticker-join
S000050660,MFS Blended Research Value Equity Fund,549300QL66OEPI6JSE90,US5527461330,SEC-NPORT,BBG00B0FF709,BBG00B0FF718,BRUNX,C000160046,R6,figi-ticker-join
S000050776,S&P 500 ex-Financials ETF,549300U5AKS5ZG8E7M64,US74347B5738,SEC-NPORT,BBG00B2VZX94,BBG00B2VZXB1,SPXN,,,unresolved
S000050968,SPDR S&P 500 High Dividend ETF,549300PQC2CS3IA6B871,US78468R7888,SEC-NPORT,BBG00B6WD888,BBG00B6WD879,SPYD,C000160602,SPDR S&P 500 High Dividend ETF,figi-ticker-join
S000051015,Invesco Short Duration High Yield Municipal Fund,549300GXC1TW4NE0GC38,US00141G1040,GLEIF,BBG00HK2Q1Z6,BBG00HK2Q202,ISHTX,,,unresolved
S000051015,Invesco Short Duration High Yield Municipal Fund,549300GXC1TW4NE0GC38,US00141G2030,GLEIF,BBG00GFPXK01,BBG00GFPXK10,ISHSX,,,unresolved
S000051152,The Real Estate Select Sector SPDR Fund,549300SPMSTD3BRHL041,US81369Y8600,SEC-NPORT,BBG00B597128,BBG00B597137,XLRE,C000161049,The Real Estate Select Sector SPDR Fund,figi-ticker-join
S000051210,Nationwide Amundi Strategic Income Fund,54930040HJF5CDLCWL94,US63868C5994,SEC-NPORT,BBG00BBY38H9,BBG00BBY38J7,NWXGX,C000161358,Institutional Class,figi-ticker-join
S000051223,Thornburg Capital Management Fund,549300GLR0WG6ALV5277,US8852167399,SEC-NPORT,,,,,,unresolved
S000051233,THE COMMUNITY DEVELOPMENT FUND,549300GYJMCCHY31QG05,US20369B1089,GLEIF,BBG00CW7Z7Z0,BBG00CW7Z7Y1,CDCDX,C000161514,Class A Shares,unique-pairing
S000051236,Calvert U.S. Mid Cap Core Responsible Index Fund,549300I74Z158YTBPO44,US1316184563,SEC-NPORT,BBG0151R4YM3,BBG0151R4YN2,CMCRX,,,unresolved
S000051237,Calvert Developed Markets Ex-U.S. Responsible Index Fund,5493002R7L7YSTUULM88,US13161Y8488,SEC-NPORT,BBG00N7YF9D7,BBG00N7YF9F5,CDHRX,,,unresolved
S000051241,VanEck Vectors High Income MLP ETF,549300M83PJMD60RHH14,US92189H8705,SEC-NPORT,BBG002QM2M43,BBG002QM2MW2,EINC,,,unresolved
S000051261,iShares Core International Aggregate Bond ETF,549300FPQU8XYG8LAX15,US46435G6724,SEC-NPORT,BBG00BDV2SP1,BBG00BDV2SQ0,IAGG,C000161648,iShares Core International Aggregate Bond ETF,figi-ticker-join
S000051326,T. Rowe Price Mid-Cap Index Fund,549300NKPUO2404GT688,US7795527024,SEC-NPORT,BBG00TFXJJC2,BBG00TFXJK39,TRSZX,,,unresolved
S000051326,T. Rowe Price Mid-Cap Index Fund,549300NKPUO2404GT688,US87283F1012,GLEIF,BBG00VLG6PF4,BBG00VLG6PH2,TRMNX,,,unresolved
S000051326,T. Rowe Price Mid-Cap Index Fund,549300NKPUO2404GT688,US87283F2002,GLEIF,BBG00VLG6568,BBG00VLG6577,TRMSX,,,unresolved
S000051327,T. Rowe Price Small-Cap Index Fund,5493003YXWS0CKBXDQ90,US7795526034,SEC-NPORT,BBG00TFZK0S9,BBG00TFZK1H9,TRZIX,,,unresolved
S000051327,T. Rowe Price Small-Cap Index Fund,5493003YXWS0CKBXDQ90,US87283F3091,GLEIF,BBG00VLG6Q44,BBG00VLG6Q53,TRSYX,,,unresolved
S000051327,T. Rowe Price Small-Cap Index Fund,5493003YXWS0CKBXDQ90,US87283F4081,GLEIF,BBG00VLG65G7,BBG00VLG65H6,TRCSX,,,unresolved
S000051570,Virtus Newfleet Dynamic Credit ETF,549300CTRZXMY9595O30,US92790A1088,GLEIF,,,,C000162265,Virtus Newfleet Dynamic Credit ETF,unique-pairing
S000051570,Virtus Newfleet Dynamic Credit ETF,549300CTRZXMY9595O30,US92790A2078,SEC-NPORT,BBG00FGQSZ58,BBG00FGQSZX7,VSHY,,,unresolved
S000051577,SPDR FactSet Innovative Technology ETF,549300QKQUSG5PA4JL78,US78464A1108,GLEIF,BBG00BVVM2S3,BBG00BVVM2R4,XITK,C000162275,SPDR FactSet Innovative Technology ETF,unique-pairing
S000051603,Aspiriant Defensive Allocation Fund,549300Z8ZZSWSDJKIU90,US04537J2015,GLEIF,BBG00BNK80Y9,BBG00BNK80Z8,RMDFX,C000162347,Aspiriant Defensive Allocation Fund,unique-pairing
S000051606,First Trust Municipal High Income ETF,549300B5O1Z4DSDEG514,US33739P3010,GLEIF,BBG00J3TCPQ4,BBG00J3TCQF4,FMHI,C000162358,First Trust Municipal High Income ETF,unique-pairing
S000051620,MONDRIAN INTERNATIONAL EQUITY FUND,5493001CJR0SI8UC0P49,US36381Y1082,GLEIF,BBG000BKYNY7,BBG001S878L1,MPIEX,C000162391,MONDRIAN INTERNATIONAL EQUITY FUND,unique-pairing
S000051678,PowerShares Variable Rate Investment Grade Portfolio,549300J21GX50YC4UV93,US46090A8797,SEC-NPORT,BBG00DW0G9X2,BBG00DW0G9Y1,VRIG,,,unresolved
S000051748,DoubleLine Global Bond Fund,5493008IO8R1K4RY7M95,US2586206995,SEC-NPORT,BBG00BNX6K33,BBG00BNX6K42,DBLGX,C000162858,Class I,figi-ticker-join
S000051773,Lord Abbett Core Plus Bond Fund,549300KC02CZFCHCIR84,US54401E5490,SEC-NPORT,BBG00BKZS5G6,BBG00BKZS576,LAPIX,C000162901,Class I,figi-ticker-join
S000051832,Asia Opportunity Portfolio,5493007GRWVTTMCYSW05,US61760X2163,GLEIF,BBG00BKZWKT4,BBG00BKZWKV1,MSAYX,,,unresolved
S000051865,International Strategic Equities Portfolio,549300L7INBUVRFBBK21,US0855671055,GLEIF,BBG00BNJMHH8,BBG00BNJMHJ6,STESX,,,unresolved
S000051865,International Strategic Equities Portfolio,549300L7INBUVRFBBK21,US0855678084,SEC-NPORT,BBG00BNJMHS6,BBG00BNJMHT5,STEZX,,,unresolved
S000051866,International Small Cap Portfolio,549300G1B9DY1MOTDQ52,US0855678167,SEC-NPORT,BBG00BNJLQQ9,BBG00BNJLQR8,IRCZX,,,unresolved
S000051867,Small Cap Core Portfolio,549300P1KZB3RPQ3EX57,US0855677250,SEC-NPORT,BBG00BNJMK63,BBG00BNJMK72,SCRZX,,,unresolved
S000052000,Pacer Global High Dividend ETF,549300218W3BEX4WFL63,US69374H7098,SEC-NPORT,BBG00BLVPPX4,BBG00BLVPPY3,GCOW,,,unresolved
S000052009,American Beacon Sound Point Floating Rate Income Fund,549300QYOTL07RDZ7578,US02452A6432,SEC-NPORT,,,,,,unresolved
S000052162,SPDR DoubleLine Short Duration Total Return Tactical ETF,549300JKQUMR3G362R19,US78470P2002,GLEIF,BBG00CNVKF12,BBG00CNVKF21,STOT,C000164160,SPDR DoubleLine Short Duration Total Return Tactical ETF,unique-pairing
S000052163,SPDR DoubleLine Emerging Markets Fixed Income ETF,5493006UMN7DLV07D796,US78470P3091,GLEIF,,,,C000164161,SPDR DoubleLine Emerging Markets Fixed Income ETF,unique-pairing
S000052179,Western Asset SMASh Series TF Fund,5493003A2LBRM2IHU229,US52470G1141,GLEIF,BBG00C5YVZP4,BBG00C5YVZQ3,LSMSX,C000164185,Western Asset SMASh Series TF Fund,unique-pairing
S000052313,American Funds Strategic Bond Fund,549300WL12I3ETOMST62,US02631E1029,GLEIF,BBG00CM7YSZ6,BBG00CM7YSY7,ANBAX,C000164473,Class A,figi-ticker-join
S000052313,American Funds Strategic Bond Fund,549300WL12I3ETOMST62,US02631E3009,GLEIF,BBG00CM7YVQ9,BBG00CM7YVR8,ANBCX,C000164475,Class C,figi-ticker-join
S000052313,American Funds Strategic Bond Fund,549300WL12I3ETOMST62,US02631E4098,GLEIF,BBG00CM81CF7,BBG00CM81CG6,ANBEX,C000164476,Class F-1,figi-ticker-join
S000052313,American Funds Strategic Bond Fund,549300WL12I3ETOMST62,US02631E5087,GLEIF,BBG00CM82G58,BBG00CM82G67,ANBFX,C000164460,Class F-2,figi-ticker-join
S000052313,American Funds Strategic Bond Fund,549300WL12I3ETOMST62,US02631E6077,GLEIF,BBG00CMCZCL4,BBG00CMCZCM3,CANAX,C000164459,Class 529-A,figi-ticker-join
S000052313,American Funds Strategic Bond Fund,549300WL12I3ETOMST62,US02631E7307,GLEIF,BBG00H5Q4PX3,BBG00H5Q4PY2,FBSSX,,,unresolved
S000052313,American Funds Strategic Bond Fund,549300WL12I3ETOMST62,US02631E7489,GLEIF,BBG00H5Q4Q07,BBG00H5Q4Q16,FSBMX,,,unresolved
S000052313,American Funds Strategic Bond Fund,549300WL12I3ETOMST62,US02631E7554,GLEIF,BBG00H5Q4Q34,BBG00H5Q4Q43,TSFBX,,,unresolved
S000052313,American Funds Strategic Bond Fund,549300WL12I3ETOMST62,US02631E7638,GLEIF,BBG00H5Q4Q61,BBG00H5Q4Q70,TFSBX,,,unresolved
S000052313,American Funds Strategic Bond Fund,549300WL12I3ETOMST62,US02631E7711,GLEIF,BBG00FY3WWT5,BBG00FY3WWV2,ANBGX,,,unresolved
S000052313,American Funds Strategic Bond Fund,549300WL12I3ETOMST62,US02631E7893,GLEIF,BBG00CMCZ7W3,BBG00CMCZ7X2,RANGX,C000164468,Class R-6,figi-ticker-join
S000052313,American Funds Strategic Bond Fund,549300WL12I3ETOMST62,US02631E7976,GLEIF,BBG00CMCWFG6,BBG00CMCWC00,RANFX,C000164466,Class R-5,figi-ticker-join
S000052313,American Funds Strategic Bond Fund,549300WL12I3ETOMST62,US02631E8057,GLEIF,BBG00CMCZF55,BBG00CMCZF64,CANCX,C000164470,Class 529-C,figi-ticker-join
S000052313,American Funds Strategic Bond Fund,549300WL12I3ETOMST62,US02631E8131,GLEIF,BBG00CMCY2K8,BBG00CMCY2L7,RANJX,C000164467,Class R-5E,figi-ticker-join
S000052313,American Funds Strategic Bond Fund,549300WL12I3ETOMST62,US02631E8214,GLEIF,BBG00CM82SL4,BBG00CM82SM3,RANEX,C000164465,Class R-4,figi-ticker-join
S000052313,American Funds Strategic Bond Fund,549300WL12I3ETOMST62,US02631E8396,GLEIF,BBG00CM82PW8,BBG00CM82PX7,RANCX,C000164464,Class R-3,figi-ticker-join
S000052313,American Funds Strategic Bond Fund,549300WL12I3ETOMST62,US02631E8479,GLEIF,BBG00CM82NR9,BBG00CM82NS8,RANHX,C000164463,Class R-2E,figi-ticker-join
S000052313,American Funds Strategic Bond Fund,549300WL12I3ETOMST62,US02631E8545,GLEIF,BBG00CM82MJ0,BBG00CM82MH2,RANBX,C000164462,Class R-2,figi-ticker-join
S000052313,American Funds Strategic Bond Fund,549300WL12I3ETOMST62,US02631E8628,GLEIF,BBG00CM82LS2,BBG00CM82LT1,RANAX,C000164461,Class R-1,figi-ticker-join
S000052313,American Funds Strategic Bond Fund,549300WL12I3ETOMST62,US02631E8701,GLEIF,BBG00CMCZHX0,BBG00CMCZHY9,CANFX,C000164472,Class 529-F-1,figi-ticker-join
S000052313,American Funds Strategic Bond Fund,549300WL12I3ETOMST62,US02631E8883,GLEIF,BBG00CMCZG35,BBG00CMCZG44,CANEX,C000164471,Class 529-E,figi-ticker-join
S000052563,Janus Small Cap Growth Alpha ETF,549300NFZEBGDTCWDB09,US47103U1007,GLEIF,BBG00C9Y3D70,BBG00C9Y3D89,JSML,C000165024,Janus Small Cap Growth Alpha ETF,unique-pairing
S000052564,Janus Small/Mid Cap Growth Alpha ETF,5493007LNQYUXWRS8K38,US47103U2096,GLEIF,BBG00C9Y3BC8,BBG00C9Y3BD7,JSMD,C000165025,Janus Small/Mid Cap Growth Alpha ETF,unique-pairing
S000052674,Global Atlantic BlackRock Disciplined Mid Cap Growth Portfolio,549300GZCRKQ77ZHVQ89,US34628U5184,GLEIF,,,,,,unresolved
S000052736,First Trust RiverFront Dynamic Developed International ETF,549300KY5QEBNGK5JJ30,US33739P6088,GLEIF,BBG00CNPNL73,BBG00CNPNL82,RFDI,C000165608,First Trust RiverFront Dynamic Developed International ETF,unique-pairing
S000052737,First Trust RiverFront Dynamic Emerging Markets ETF,54930044Y226ETCKBE36,US33739P7078,GLEIF,BBG00D30F6P0,BBG00D30F6Q9,RFEM,C000165609,First Trust RiverFront Dynamic Emerging Markets ETF,unique-pairing
S000052738,First Trust RiverFront Dynamic Europe ETF,549300SDK57MHJ515Y86,US33739P8068,GLEIF,,,,C000165610,First Trust RiverFront Dynamic Europe ETF,unique-pairing
S000052767,1290 Retirement 2060 Fund,549300KDW6K6DSIHX560,US68259P5961,SEC-NPORT,BBG00CCKQ7Q3,BBG00CCKQ7R2,TNXIX,,,unresolved
S000052852,RiverFront Dynamic US Dividend Advantage ETF,549300DG1SJ4BWOH3Z18,US00162Q5282,SEC-NPORT,BBG00D1TW4Q4,BBG00D1TW4P5,RFDA,C000166225,RiverFront Dynamic US Dividend Advantage ETF,figi-ticker-join
S000052853,RiverFront Dynamic US Flex-Cap ETF,549300YH88CO6CLCJ825,US00162Q5100,SEC-NPORT,BBG00D1V02Y9,BBG00D1V02Z8,RFFC,C000166226,RiverFront Dynamic US Flex-Cap ETF,figi-ticker-join
S000052894,Putnam Government Money Market Fund,549300SEUI2XMME8T893,US74680A8027,SEC-NPORT,BBG00CNYC713,BBG00CNYC722,PGGXX,,,unresolved
S000052894,Putnam Government Money Market Fund,549300SEUI2XMME8T893,US74680A8696,SEC-NPORT,BBG00CNYC7S4,BBG00CNYC7T3,PGLXX,,,unresolved
S000052904,T. Rowe Price QM U.S. Small & Mid-Cap Core Equity Fund,549300W1UD5BSCDBEY41,US7799177073,SEC-NPORT,BBG00CBVYRK3,BBG00CBVYRL2,TQSIX,C000166441,T. Rowe Price QM U.S. Small & Mid-Cap Core Equity Fund-I Class,figi-ticker-join
S000052929,Principal Price Setters Index ETF,549300D7JIPVKCSOOH81,US74255Y2019,GLEIF,BBG00CGY1GM0,BBG00CGY1GN9,PSET,C000166474,Principal Price Setters Index ETF,unique-pairing
S000052930,Principal Shareholder Yield Index ETF,549300X72DS7OIEXMJ50,US74255Y3009,GLEIF,BBG00CGY1JK6,BBG00CGY1JL5,PY,C000166475,Principal Shareholder Yield Index ETF,unique-pairing
S000052973,WisdomTree International Quality Dividend Growth Fund,5493005J1YLGCXD5QX84,US97717X1312,SEC-NPORT,BBG00CMD6MT4,BBG00CMD6MV1,IQDG,C000166521,N/A,figi-ticker-join
S000052995,JNL/DOUBLELINE EMERGING MARKETS FIXED INCOME FUND,5493005ZIRW81LF1UH66,US46644W1201,GLEIF,,,,C000166582,JNL/DOUBLELINE EMERGING MARKETS FIXED INCOME FUND (A),unique-pairing
S000052996,JNL/PPM AMERICA TOTAL RETURN FUND,549300LERJ7K7W200732,US46644W1383,GLEIF,,,,C000166583,JNL/PPM AMERICA TOTAL RETURN FUND (A),unique-pairing
S000052998,Protective Life Dynamic Allocation Series - Conservative Portfolio,549300TBI7CU4EGONR15,US1844191098,GLEIF,,,,C000166588,Protective Life Dynamic Allocation Series - Conservative Portfolio,unique-pairing
S000052999,Protective Life Dynamic Allocation Series - Moderate Portfolio,549300FKVERGMWCKQT19,US1844193078,GLEIF,,,,C000166589,Protective Life Dynamic Allocation Series - Moderate Portfolio,unique-pairing
S000053000,Protective Life Dynamic Allocation Series - Growth Portfolio,5493009BEQOIM22QO631,US1844192088,GLEIF,,,,C000166590,Protective Life Dynamic Allocation Series - Growth Portfolio,unique-pairing
S000053060,American Funds Emerging Markets Bond Fund,5493005U42YCKBMONF15,US02631F1093,GLEIF,BBG00BTFZGJ6,BBG00BTFZGK4,EBNAX,C000166979,Class A,figi-ticker-join
S000053060,American Funds Emerging Markets Bond Fund,5493005U42YCKBMONF15,US02631F3073,GLEIF,BBG00BTFZYQ9,BBG00BTFZYR8,EBNCX,C000166981,Class C,figi-ticker-join
S000053060,American Funds Emerging Markets Bond Fund,5493005U42YCKBMONF15,US02631F4063,GLEIF,BBG00BTFZZH6,BBG00BTFZZG7,EBNEX,C000166982,Class F-1,figi-ticker-join
S000053060,American Funds Emerging Markets Bond Fund,5493005U42YCKBMONF15,US02631F5052,GLEIF,BBG00BTG00X1,BBG00BTG00W2,EBNFX,C000166966,Class F-2,figi-ticker-join
S000053060,American Funds Emerging Markets Bond Fund,5493005U42YCKBMONF15,US02631F6043,GLEIF,BBG00BTG58T4,BBG00BTG58V1,CBNAX,C000166965,Class 529-A,figi-ticker-join
S000053060,American Funds Emerging Markets Bond Fund,5493005U42YCKBMONF15,US02631F7371,GLEIF,BBG00H5Q4PK7,BBG00H5Q4PL6,FMEBX,,,unresolved
S000053060,American Funds Emerging Markets Bond Fund,5493005U42YCKBMONF15,US02631F7454,GLEIF,BBG00H5Q4PN4,BBG00H5Q4PP2,FEBMX,,,unresolved
S000053060,American Funds Emerging Markets Bond Fund,5493005U42YCKBMONF15,US02631F7785,GLEIF,BBG00FWL2T80,BBG00FWL2T99,EBNGX,,,unresolved
S000053060,American Funds Emerging Markets Bond Fund,5493005U42YCKBMONF15,US02631F7868,GLEIF,BBG00BTG5896,BBG00BTG58B3,REGGX,C000166974,Class R-6,figi-ticker-join
S000053060,American Funds Emerging Markets Bond Fund,5493005U42YCKBMONF15,US02631F7942,GLEIF,BBG00BTG5529,BBG00BTG5510,REGFX,C000166972,Class R-5,figi-ticker-join
S000053060,American Funds Emerging Markets Bond Fund,5493005U42YCKBMONF15,US02631F8023,GLEIF,BBG00BTG5BJ8,BBG00BTG5BK6,CBNCX,C000166976,Class 529-C,figi-ticker-join
S000053060,American Funds Emerging Markets Bond Fund,5493005U42YCKBMONF15,US02631F8106,GLEIF,BBG00BTG55C8,BBG00BTG55D7,REGJX,C000166973,Class R-5E,figi-ticker-join
S000053060,American Funds Emerging Markets Bond Fund,5493005U42YCKBMONF15,US02631F8288,GLEIF,BBG00BTG4XT0,BBG00BTG4XS1,REGEX,C000166971,Class R-4,figi-ticker-join
S000053060,American Funds Emerging Markets Bond Fund,5493005U42YCKBMONF15,US02631F8361,GLEIF,BBG00DJCRB64,BBG00DJCRB73,REGCX,C000166970,Class R-3,figi-ticker-join
S000053060,American Funds Emerging Markets Bond Fund,5493005U42YCKBMONF15,US02631F8445,GLEIF,BBG00BTG4JK0,BBG00BTG4JJ2,REGHX,C000166969,Class R-2E,figi-ticker-join
S000053060,American Funds Emerging Markets Bond Fund,5493005U42YCKBMONF15,US02631F8510,GLEIF,BBG00BTG4FN5,BBG00BTG4FP3,REGBX,C000166968,Class R-2,figi-ticker-join
S000053060,American Funds Emerging Markets Bond Fund,5493005U42YCKBMONF15,US02631F8692,GLEIF,BBG00DBK8FC9,BBG00DBK8FD8,REGAX,C000166967,Class R-1,figi-ticker-join
S000053060,American Funds Emerging Markets Bond Fund,5493005U42YCKBMONF15,US02631F8858,GLEIF,BBG00BTG5C51,BBG00BTG5C60,CBNEX,C000166977,Class 529-E,figi-ticker-join
S000053068,Vanguard Core Bond Fund,5493004LZLCTSJUBPZ86,US9220208394,SEC-NPORT,BBG00CF5RY74,BBG00CF5RY83,VCOBX,C000166995,Admiral Shares,figi-ticker-join
S000053069,Vanguard Emerging Markets Bond Fund,5493006QRHGOC6VL4381,US9220208139,SEC-NPORT,BBG00CF5STW6,BBG00CF5STX5,VEGBX,C000166997,Admiral Shares,figi-ticker-join
S000053101,FOCUSED INTERNATIONAL GROWTH FUND,549300NN14L4KIGK3832,US02509A7946,SEC-NPORT,BBG00NPL8XJ4,BBG00NPL8XK2,AFCGX,,,unresolved
S000053131,UBS Select Government Institutional Fund,549300TZ2QEM4T3XX713,US90262Y7601,SEC-NPORT,BBG00CFY0XQ1,BBG00CFY0XR0,SEGXX,C000167199,UBS Select Government Institutional Fund,figi-ticker-join
S000053151,Franklin LibertyQ International Equity Hedged ETF,549300GSNTCFYP1PB966,US35473P1084,GLEIF,BBG00D0YL0Z4,BBG00D0YL0Y5,DIVI,C000167258,Franklin LibertyQ International Equity Hedged ETF,unique-pairing
S000053154,Franklin LibertyQ Global Equity ETF,549300JHHNB9812HZJ73,US35473P4054,SEC-NPORT,BBG00D0YKX38,BBG00D0YKX47,USPX,,,unresolved
S000053205,DFA Social Fixed Income Portfolio,5493005K6VIM0RZQG219,US25239Y4281,SEC-NPORT,BBG00C5BRWJ3,BBG00C5BRWK1,DSFIX,,,unresolved
S000053254,Retirement Living through 2060 Portfolio,549300XCJP0RPP2C4H82,US47805T1043,GLEIF,BBG00BZ0T8X1,BBG00BZ0T8W2,JRETX,C000167626,Class 1,figi-ticker-join
S000053356,Wilshire Income Opportunities Fund,549300UBZCC7LD138K71,US9718977641,SEC-NPORT,BBG00CMSC799,BBG00CMSC7B6,WIOPX,C000167855,Institutional Class,figi-ticker-join
S000053482,WisdomTree Fundamental U.S. Short-Term Corporate Bond Fund,549300YM3CZQZ30S7I60,US97717X1569,SEC-NPORT,BBG00CSKDZ33,BBG00CSKDZ42,QSIG,,,unresolved
S000053483,WisdomTree Fundamental U.S. High Yield Corporate Bond Fund,549300UPWRMJDDI2HY73,US97717X1726,SEC-NPORT,BBG00CSKF0J1,BBG00CSKF0K9,QHY,,,unresolved
S000053488,First Trust Alternative Absolute Return Strategy ETF,549300WHPXXR83TGJA80,US33740Y1010,GLEIF,BBG00CW1P7N7,BBG00CW1P7P5,FAAR,C000168150,First Trust Alternative Absolute Return Strategy ETF,unique-pairing
S000053575,Victory Floating Rate Fund,5493006V5CZZVATH3R53,US92647Q1408,GLEIF,BBG00VDHPN83,BBG00VDHPN92,RSFMX,,,unresolved
S000053581,Victory RS Small Cap Growth Fund,549300S05EC1NNU8DB97,US92647Q1085,GLEIF,BBG000BF5NP0,BBG001S6LZF6,RSEGX,C000168408,Class A,figi-ticker-join
S000053600,iShares International Dividend Growth ETF,549300ZTYP49IIVWPY18,US46435G5247,SEC-NPORT,BBG00CX80QN6,BBG00CX80QM7,IGRO,C000168437,iShares International Dividend Growth ETF,figi-ticker-join
S000053775,Franklin Liberty Investment Grade Corporate ETF,549300AGICP0BF7KSG70,US35473P6034,SEC-NPORT,BBG00DVZWNP6,BBG00DVZWNQ5,FLCO,,,unresolved
S000053878,Columbia Sustainable International Equity Income ETF,549300AZD93FII3ZYW76,US19761L2016,GLEIF,,,,C000169559,Columbia Sustainable International Equity Income ETF,unique-pairing
S000053879,Columbia Sustainable U.S. Equity Income ETF,549300Z6VAX6DVPMHV49,US19761L3006,GLEIF,BBG01M2VQCR5,BBG00D2R0FY8,ESGSUSD,C000169560,Columbia Sustainable U.S. Equity Income ETF,unique-pairing
S000053934,Legg Mason BW Global Flexible Income Fund,549300LKGPDL1FZO8D31,US52471E4310,SEC-NPORT,BBG00CKKG0H0,BBG00CKKG0K6,LFLSX,,,unresolved
S000053944,First Trust Nasdaq Oil & Gas ETF,5493002G74G0DW1RLK74,US33738R8455,SEC-NPORT,BBG00DVWCBN3,BBG00DVWCBP1,FTXN,C000169746,First Trust Nasdaq Oil & Gas ETF,figi-ticker-join
S000053947,First Trust Nasdaq Semiconductor ETF,549300VRLTLEGMX9CC62,US33738R8117,SEC-NPORT,BBG00DVWCNW7,BBG00DVWCNX6,FTXL,C000169749,First Trust Nasdaq Semiconductor ETF,figi-ticker-join
S000053948,First Trust Nasdaq Transportation ETF,549300SP051DCBKB5E89,US33738R7952,SEC-NPORT,BBG00DVWCFR0,BBG00DVWCGN2,FTXR,C000169750,First Trust Nasdaq Transportation ETF,figi-ticker-join
S000054041,Guardian Large Cap Disciplined Growth VIP Fund,549300ZQSMND4TSOBP40,US40145R1023,GLEIF,,,,C000169893,Guardian Large Cap Disciplined Growth VIP Fund,unique-pairing
S000054042,Guardian Integrated Research VIP Fund,549300J3PZBY2Q7VYX39,US40145R2013,GLEIF,,,,C000169894,Guardian Integrated Research VIP Fund,unique-pairing
S000054043,Guardian Diversified Research VIP Fund,549300RDJE4AOK7YP487,US40145R3003,GLEIF,,,,C000169895,Guardian Diversified Research VIP Fund,unique-pairing
S000054044,Guardian Large Cap Disciplined Value VIP Fund,549300Z0XIU08ACWUO15,US40145R4092,GLEIF,,,,C000169896,Guardian Large Cap Disciplined Value VIP Fund,unique-pairing
S000054045,Guardian Growth & Income VIP Fund,549300BPF6TFTVCLUS56,US40145R5081,GLEIF,,,,C000169897,Guardian Growth & Income VIP Fund,unique-pairing
S000054046,Guardian Mid Cap Traditional Growth VIP Fund,549300H8W9HX1SOV0G13,US40145R6071,GLEIF,,,,C000169898,Guardian Mid Cap Traditional Growth VIP Fund,unique-pairing
S000054047,Guardian Mid Cap Relative Value VIP Fund,549300E8CQXD8F38B226,US40145R7061,GLEIF,,,,C000169899,Guardian Mid Cap Relative Value VIP Fund,unique-pairing
S000054091,SPDR(R) SSGA U.S. Sector Rotation ETF,549300VWVXTMM2KBTI94,US78470P4081,GLEIF,BBG00NS9VT92,BBG00NS9VV15,XLSR,C000170017,SPDR(R) SSGA U.S. Sector Rotation ETF,unique-pairing
S000054127,Market Vectors Long/Flat US Equity ETF,5493000ZDLF4KV4RAH63,US92189F1488,GLEIF,BBG00HWCX2B7,BBG00HWCX316,LFEQ,C000170115,Market Vectors Long/Flat US Equity ETF,unique-pairing
S000054162,Global X Longevity Thematic ETF,549300FHU56W8QHND629,US37954Y7720,SEC-NPORT,BBG00CVW2JC1,BBG00CVW2JD0,AGNG,,,unresolved
S000054182,Sit ESG Growth Fund,549300JBIL8MOQCSWI92,US78428C1036,GLEIF,,,,,,unresolved
S000054183,iShares MSCI EM ESG Optimized ETF,549300JES9K0OUJ8F389,US46434G8630,SEC-NPORT,BBG00D7BDH61,BBG00D7BDH70,ESGE,C000170244,iShares MSCI EM ESG Optimized ETF,figi-ticker-join
S000054185,iShares MSCI EAFE ESG Optimized ETF,549300IT2A3OM8F0BB22,US46435G5163,SEC-NPORT,BBG00D7BBRR8,BBG00D7BBRS7,ESGD,C000170246,iShares MSCI EAFE ESG Optimized ETF,figi-ticker-join
S000054186,iShares Fallen Angels USD Bond ETF,549300TGAA9LRLT3ZX42,US46435G4745,SEC-NPORT,BBG00D332C75,BBG00D332C84,FALN,C000170247,iShares Fallen Angels USD Bond ETF,figi-ticker-join
S000054231,IQ Candriam SRI International Equity ETF,549300ZTSX4418004Y77,US45409B4538,SEC-NPORT,BBG00R3NS9C3,BBG00R3NSB38,IQSI,,,unresolved
S000054232,IQ Candriam SRI US Equity ETF,549300KZJXZEMHNHYU48,US45409B4611,SEC-NPORT,BBG00R3NSC45,BBG00R3NSCW4,IQSU,,,unresolved
S000054257,MainStay Epoch Capital Growth Fund,5493007ZZLRL6VENV585,US56063N7820,SEC-NPORT,BBG00D88BVJ4,BBG00D88BVK2,MECFX,C000170409,Class I,figi-ticker-join
S000054409,Archer Dividend Growth Fund,549300NCXVQW5UEX0U46,US0394913034,GLEIF,BBG00DR3TPT7,BBG00DR3TPV4,ARDGX,C000170898,Archer Dividend Growth Fund,unique-pairing
S000054412,State Street International Developed Equity Index Portfolio,549300RUQBA18CZVGT05,US8575071076,GLEIF,,,,C000170903,State Street International Developed Equity Index Portfolio,unique-pairing
S000054488,JPMorgan Disciplined High Yield ETF,549300UUJZT2ZWE64W88,US46641Q8785,SEC-NPORT,BBG00DRLJ353,BBG00DRLJ399,BBHY,,,unresolved
S000054622,TIAA-CREF International Bond Fund,549300G6OT5H8V4S5S27,US87249N8002,SEC-NPORT,BBG00L1CGQ28,BBG00L1CGQ37,TIBUX,,,unresolved
S000054623,TIAA-CREF Small/Mid-Cap Equity Fund,549300VL9HIO1ISLDM68,US87245P1306,SEC-NPORT,BBG00L1CGVN4,BBG00L1CGVP2,TSMUX,,,unresolved
S000054623,TIAA-CREF Small/Mid-Cap Equity Fund,549300VL9HIO1ISLDM68,US87245P5851,SEC-NPORT,BBG00DJCSQ60,BBG00DJCSQ79,TSMWX,C000171523,Institutional Class,figi-ticker-join
S000054682,Transamerica Large Growth,549300HE9YX22PXULY07,US89360T7726,SEC-NPORT,BBG00F5FMDR5,BBG00F5FMDS4,TGWTX,,,unresolved
S000054683,Transamerica Large Value Opportunities,549300VZ7SG3MY9R5055,US89360T7494,SEC-NPORT,BBG00F5FMV22,BBG00F5FMV31,TLOTX,,,unresolved
S000054767,Principal Spectrum Preferred Securities Active ETF,549300ZZZ8ISR58H5107,US74255Y8883,SEC-NPORT,BBG00H3P9XM7,BBG00H3P9YB7,PREF,,,unresolved
S000054775,JPMorgan SmartRetirement 2060 Fund,549300CYNDTE16XRCF61,US46641U4408,GLEIF,BBG00DP4D938,BBG00DP4D947,JAKIX,C000172121,Institutional Class,figi-ticker-join
S000054775,JPMorgan SmartRetirement 2060 Fund,549300CYNDTE16XRCF61,US46641U4572,GLEIF,BBG00DP4DB60,BBG00DP4DB79,JAKSX,C000172120,Select Class,figi-ticker-join
S000054776,JPMorgan SmartRetirement Blend 2060 Fund,549300D93HSTQ5LX8A59,US46641U1685,GLEIF,BBG00GW6CTF2,BBG00GW6CTG1,JATUX,,,unresolved
S000054776,JPMorgan SmartRetirement Blend 2060 Fund,549300D93HSTQ5LX8A59,US46641U1768,GLEIF,BBG00GW6CSN5,BBG00GW6CSP3,JATQX,,,unresolved
S000054790,JPMorgan Ultra-Short Income ETF,549300VN24B8TQAGGX74,US46641Q8371,SEC-NPORT,BBG00GP26N50,BBG00GP26NW0,JPST,,,unresolved
S000054796,Goldman Sachs TreasuryAccess 0-1 Year ETF,549300Q2J4ZAD8E71F28,US3814305294,SEC-NPORT,BBG00DRGSD07,BBG00DRGSD25,GBIL,,,unresolved
S000054802,JPMorgan Global Bond Opportunities ETF,549300PP3H1CINB2QS44,US46641Q8520,SEC-NPORT,BBG00GD9GQ78,BBG00GD9GQY8,JPIB,,,unresolved
S000054853,Hartford Schroders Emerging Markets Equity Fund,549300IKWFESDC8ECP49,US41665X8598,SEC-NPORT,BBG00G6X3PH8,BBG00G6X3PJ6,HHHFX,,,unresolved
S000054892,MFS Blended Research Mid Cap Equity Fund,549300CJNZTXTE7DBK33,US5527435516,SEC-NPORT,BBG00DBBGP92,BBG00DBBGPB9,BMSYX,C000172723,R6,figi-ticker-join
S000054918,Schwab Target 2060 Fund,549300KSVPTTIB2HMP61,US8085091523,GLEIF,BBG00DQ6WXC8,BBG00DQ6WXD7,SWPRX,C000172771,Schwab Target 2060 Fund,unique-pairing
S000055043,Diamond Hill Short Duration Total Return Fund,549300LDSRETB4JUMJ20,US25264S5367,SEC-NPORT,BBG00D336TQ3,BBG00D336TR2,DHEYX,C000173085,Diamond Hill Short Duration Total Return Fund Class Y,figi-ticker-join
S000055054,PowerShares Treasury Collateral Portfolio,549300E094R1VT171085,US46138G8886,SEC-NPORT,BBG00FQKKZT2,BBG00FQKL0K7,TBLL,,,unresolved
S000055059,iShares iBonds Dec 2026 Term Corporate ETF,549300YFLX0EDIINV769,US46435GAA04,SEC-NPORT,BBG00DST7FC3,BBG00DST7FD2,IBDR,C000173141,iShares iBonds Dec 2026 Term Corporate ETF,figi-ticker-join
S000055094,Green Century MSCI International Index Fund,549300FJZZMO2L3C2D91,US3927684049,GLEIF,BBG00DZNKQZ4,BBG00DZNKR00,GCINX,,,unresolved
S000055159,Principal U.S. Small Cap Index ETF,5493008MXNTNT2RRXN18,US74255Y6077,SEC-NPORT,BBG00DSQ66C0,BBG00DSQ66F7,PSC,C000173454,Principal U.S. Small Cap Index ETF,figi-ticker-join
S000055262,Matrix Advisors Dividend Fund,549300XK01FWVEC75Q85,US57681H1086,GLEIF,BBG00DSXRZJ1,BBG00DSXRZK9,MADFX,C000173759,Matrix Advisors Dividend Fund,unique-pairing
S000055281,Janus Short Duration Income ETF,549300N11CDGSC01GZ40,US47103U8861,SEC-NPORT,BBG00F7XD804,BBG00F7XD8R5,VNLA,,,unresolved
S000055282,Lord Abbett Ultra Short Bond Fund,549300RJJ1EPD16IQB51,US54401E4576,SEC-NPORT,BBG00F0K0FV3,BBG00F0K0FW2,LUBYX,C000173882,Class I,figi-ticker-join
S000055342,Davis Focused US Equity ETF,549300639SXQ1CHOOI31,US23908L2079,GLEIF,BBG00FNFQQC8,BBG00FNFQR36,DUSA,C000174138,Davis Focused US Equity ETF,unique-pairing
S000055343,Davis Select Financial ETF,549300VL9ZDEW6HVG789,US23908L1089,GLEIF,BBG00FNFQS25,BBG00FNFQST6,DFNL,C000174139,Davis Select Financial ETF,unique-pairing
S000055344,Davis Select World Opportunities ETF,549300NUAJ9EDGB7WC16,US23908L3069,GLEIF,BBG00FNFQTK3,BBG00FNFQV91,DWLD,C000174140,Davis Select World Opportunities ETF,unique-pairing
S000055381,iShares MSCI USA ESG Optimized ETF,549300N2OW8SZV95FP93,US46435G4257,SEC-NPORT,BBG00FFPFT13,BBG00FFPFTS4,ESGU,,,unresolved
S000055466,Pacer US Cash Cows 100 ETF,54930060GYZPJJ3VGH78,US69374H8815,SEC-NPORT,BBG00FJQN6F3,BBG00FJQN752,COWZ,,,unresolved
S000055467,Pacer Developed Markets International Cash Cows 100 ETF,549300O9GV6ZJ2IFH064,US69374H8732,SEC-NPORT,BBG00GXXTKB7,BBG00GXXTL16,ICOW,,,unresolved
S000055468,Pacer Emerging Markets Cash Cows 100 ETF,549300CMNZSWIMENED57,US69374H8575,SEC-NPORT,BBG00GXXR0R6,BBG00GXXR1G6,CALF,,,unresolved
S000055522,Multi-Asset Growth Strategy Fund,549300X1VBO22V2H1F97,US78250F5474,SEC-NPORT,BBG00GXL2PR4,BBG00GXL2PS3,RMGYX,,,unresolved
S000055582,T. Rowe Price Total Return Fund,549300ZQ4TOEETMBQY79,US8728031019,GLEIF,BBG00FB4WFR7,BBG00FB4WFS6,PTTFX,,,unresolved
S000055582,T. Rowe Price Total Return Fund,549300ZQ4TOEETMBQY79,US8728032009,GLEIF,BBG00FB4W429,BBG00FB4W438,PTKIX,,,unresolved
S000055582,T. Rowe Price Total Return Fund,549300ZQ4TOEETMBQY79,US8728033098,GLEIF,BBG00FB4VY06,BBG00FB4VY15,PTATX,,,unresolved
S000055691,PGIM Target Date Income Fund,5493002OM3NK44RB0044,US74445D1090,GLEIF,BBG00FNFYFG9,BBG00FNFYFH8,PDADX,,,unresolved
S000055721,Nuveen Quant International Small Cap Equity Fund,549300RSIV79MF5GGQ29,US87245P4789,SEC-NPORT,BBG00FHS7BK2,BBG00FHS7BL1,TIISX,,,unresolved
S000055721,Nuveen Quant International Small Cap Equity Fund,549300RSIV79MF5GGQ29,US87249N5032,SEC-NPORT,BBG00L1CH079,BBG00L1CH088,TAIWX,,,unresolved
S000055837,Fidelity Commodity Strategy Fund,549300XKSI7AZECYWL37,US31634R2085,GLEIF,,,,,,unresolved
S000055844,IMPAX LARGE CAP FUND,549300NZ5W3SP8MQMW39,US7042234861,SEC-NPORT,BBG00FLYVD32,BBG00FLYVD41,PXLIX,,,unresolved
S000055845,IMPAX CORE BOND FUND,549300Z901FIZVY05W78,US7042234606,SEC-NPORT,BBG00FLYV5S2,BBG00FLYV5T1,PXBIX,,,unresolved
S000056100,Destinations Large Cap Equity Fund,549300FF3DBG11QDF207,US10964R1032,GLEIF,BBG00G75Z3X4,BBG00G75Z3Y3,DLCFX,,,unresolved
S000056102,Destinations Small-Mid Cap Equity Fund,549300QRP52RXN9PQF73,US10964R2022,GLEIF,BBG00G75Z5B3,BBG00G75Z5C2,DSMFX,,,unresolved
S000056103,Destinations International Equity Fund,549300L066U41OADNM48,US10964R3012,GLEIF,BBG00G75Z4Z0,BBG00G75Z505,DIEFX,,,unresolved
S000056104,Destinations Equity Income Fund,549300IPWM6QSQKO7318,US10964R4002,GLEIF,BBG00G75Z408,BBG00G75Z417,DGEFX,,,unresolved
S000056105,Destinations Real Assets Fund,5493000ZOBHBHTFTJQ42,US10964R5090,GLEIF,BBG00G75Z569,BBG00G75Z578,DRAFX,,,unresolved
S000056106,Destinations Core Fixed Income Fund,549300ZPIHFNJ7U75683,US10964R6080,GLEIF,BBG00G75Z587,BBG00G75Z596,DCFFX,,,unresolved
S000056107,Destinations Low Duration Fixed Income Fund,549300G0KRFUNEOA3275,US10964R7070,GLEIF,BBG00G75Z426,BBG00G75Z435,DLDFX,,,unresolved
S000056147,American Beacon ARK Transformational Innovation Fund,549300M383W9AQ1N7O54,US0245261054,GLEIF,BBG00FWKLHJ5,BBG00FWKLHK3,ADNYX,,,unresolved
S000056168,VanEck Green Bond ETF,549300P1LT1BDK387R52,US92189F1553,GLEIF,,,,,,unresolved
S000056168,VanEck Green Bond ETF,549300P1LT1BDK387R52,US92189F1637,GLEIF,,,,,,unresolved
S000056168,VanEck Green Bond ETF,549300P1LT1BDK387R52,US92189F1710,GLEIF,BBG00G4XX3M0,BBG00G4XX4B0,GRNB,,,unresolved
S000056207,Schwab U.S. Aggregate Bond Index Fund,549300TE25ZKVNXKCS55,US8085177181,SEC-NPORT,BBG00FZBSL15,BBG00FZBSL24,SWAGX,,,unresolved
S000056208,Schwab Short-Term Bond Index Fund,549300P4KD6GXEL7FV90,US8085176928,SEC-NPORT,BBG000C2RPL3,BBG001SCNYT9,SWSBX,,,unresolved
S000056215,Limited Purpose Cash Investment Fund,549300GUQBQJ6160QP80,US90262Y7296,SEC-NPORT,,,,,,unresolved
S000056279,GraniteShares Bloomberg Commodity Broad Strategy No K-1 ETF,549300TM9TYJ47SK6836,US38747R1086,GLEIF,BBG00GQVSDT7,BBG00GQVSFK1,COMB,,,unresolved
S000056501,First Trust TCW Opportunistic Fixed Income ETF,549300LRCGY6CYZU0S37,US33740F8059,SEC-NPORT,BBG00FZ4KFH5,BBG00FZ4KG74,FIXD,,,unresolved
S000056509,Global X U.S. Infrastructure Development ETF,549300P5QELW9NWLDY61,US37954Y6730,SEC-NPORT,BBG00G5CR8N0,BBG00G5CR9C0,PAVE,,,unresolved
S000056604,iShares Core MSCI International Developed Markets ETF,549300LRJOM3FVVFKB50,US46435G3267,SEC-NPORT,BBG00G9DLZX9,BBG00G9DM0M7,IDEV,,,unresolved
S000056707,GMO Climate Change Fund,549300YHGBL4FWUNIF94,US3620146155,SEC-NPORT,BBG00GPXNFX9,BBG00GPXNFY8,GCCHX,,,unresolved
S000056748,VANGUARD TARGET RETIREMENT 2065 FUND,5493006H95BS2SZ60Z56,GB00BF38WX24,GLEIF,BBG00JCCW761,BBG00JCJ08M1,VAR65GA,,,unresolved
S000056809,Lord Abbett Short Duration Core Bond Fund,549300BKJOMBF1YPCH28,US54401X1090,GLEIF,BBG00GHB47M7,BBG00GHB47N6,LDCAX,,,unresolved
S000056809,Lord Abbett Short Duration Core Bond Fund,549300BKJOMBF1YPCH28,US54401X2080,GLEIF,BBG00GHB4YP5,BBG00GHB4YQ4,LDCCX,,,unresolved
S000056809,Lord Abbett Short Duration Core Bond Fund,549300BKJOMBF1YPCH28,US54401X3070,GLEIF,BBG00GHB4YR3,BBG00GHB4YS2,LDCFX,,,unresolved
S000056809,Lord Abbett Short Duration Core Bond Fund,549300BKJOMBF1YPCH28,US54401X4060,GLEIF,BBG00GHB4YT1,BBG00GHB4YV8,LSCOX,,,unresolved
S000056809,Lord Abbett Short Duration Core Bond Fund,549300BKJOMBF1YPCH28,US54401X5059,GLEIF,BBG00GHB4YW7,BBG00GHB4YX6,LSCIX,,,unresolved
S000056809,Lord Abbett Short Duration Core Bond Fund,549300BKJOMBF1YPCH28,US54401X6040,GLEIF,,,,,,unresolved
S000056809,Lord Abbett Short Duration Core Bond Fund,549300BKJOMBF1YPCH28,US54401X7030,GLEIF,BBG00GHB4Z09,BBG00GHB4Z18,LDCRX,,,unresolved
S000056883,VictoryShares US Multi-Factor Minimum Volatility ETF,5493004HRSYZ4WW5CD82,US92647N6913,SEC-NPORT,BBG00H0GHPC9,BBG00H0GHQ37,VSMV,,,unresolved
S000057022,Virtus Ceredex Large-Cap Value Equity Fund,549300S0GXLATV0V4E13,US92837X1037,GLEIF,BBG00HCYV848,BBG00HCYV857,VLTVX,,,unresolved
S000057033,Virtus Ceredex Mid-Cap Value Equity Fund,54930071WX6W52LFTU13,US92837X2027,GLEIF,BBG00HCYVB78,BBG00HCYVB87,VCMVX,,,unresolved
S000057037,Virtus Silvant Large-Cap Growth Stock Fund,549300HQWTPU2SXNW537,US92837X4007,GLEIF,BBG00HCYV679,BBG00HCYV688,VSLGX,,,unresolved
S000057041,Virtus Ceredex Small-Cap Value Equity Fund,54930068N867YSPRX748,US92837X3017,GLEIF,BBG00HCYV8R3,BBG00HCYV8S2,VTCSX,,,unresolved
S000057044,Virtus Seix Core Bond Fund,549300YU1SX4KT6M9G41,US92837F1021,GLEIF,BBG000BJ7S60,BBG001S78Q96,STGIX,,,unresolved
S000057185,Direxion Daily Aerospace & Defense Bull 3X Shares,549300VG68HYTVDG1738,US25460E6611,SEC-NPORT,BBG00GM464T5,BBG00GM465J3,DFEN,,,unresolved
S000057187,Direxion Daily Industrials Bull 3X Shares,549300DDEAR7S3PWSL31,US25460E7379,SEC-NPORT,BBG00GM4DLD6,BBG00GM4DM35,DUSL,,,unresolved
S000057200,Franklin U.S. Large Cap Multifactor Index ETF,549300OMVSYP2F5WOS42,US35473P8014,SEC-NPORT,BBG00GKQZDZ9,BBG00GKQZFP5,FLQL,,,unresolved
S000057298,Transamerica MSCI EAFE Index VP,549300368UXGO3IHXX21,US89356L4867,SEC-NPORT,,,,,,unresolved
S000057299,Transamerica S&P 500 Index VP,549300L4W860DHB67440,US89356L4941,SEC-NPORT,,,,,,unresolved
S000057342,iShares Investment Grade Systematic Bond ETF,549300QBLHV9U0KL0M22,US46435G2194,SEC-NPORT,BBG00H4BPLG2,BBG00H4BPM52,IGEB,,,unresolved
S000057345,UVA Unconstrained Medium-Term Fixed Income ETF,549300XJDE5AD9OP5X97,US84858T2024,GLEIF,BBG00HG93369,BBG00HG933X9,FFIU,,,unresolved
S000057365,Fidelity International Sustainability Index Fund,549300D3TF44W7NZVG88,US31635V3490,SEC-NPORT,BBG00GQCP0L8,BBG00GQCP0M7,FNIDX,,,unresolved
S000057366,Fidelity U.S. Sustainability Index Fund,549300BM5G5TLSBG9Q10,US31635V3987,SEC-NPORT,BBG00GQCPG15,BBG00GQCPG33,FITLX,,,unresolved
S000057664,WisdomTree Yield Enhanced U.S. Short-Term Aggregate Bond Fund,54930050JOTGBH69ZE69,US97717Y8084,SEC-NPORT,BBG00GQ2TTR7,BBG00GQ2TVG4,SHAG,,,unresolved
S000057700,ClearBridge Large Cap Growth Select ETF,549300205FCQAQR6CH35,US5246822002,SEC-NPORT,BBG00GPY0T44,BBG00GPY0TV4,LRGE,,,unresolved
S000057835,iShares MSCI Emerging Markets ex China ETF,549300OO3LEZN53XCB15,US46434G7640,SEC-NPORT,BBG00H5VLMJ6,BBG00H5VLN77,EMXC,,,unresolved
S000057838,Goldman Sachs Access Investment Grade Corporate Bond ETF,549300KGVZT18SX98G95,US3814304792,SEC-NPORT,BBG00GW2L1R9,BBG00GW2L2G9,GIGB,,,unresolved
S000057842,Goldman Sachs Access High Yield Corporate Bond ETF,549300MBOA0YMWNF0550,US3814304537,SEC-NPORT,BBG00H5VPMW7,BBG00H5VPNM6,GHYB,,,unresolved
S000057858,Upright Assets Allocation Plus Fund,549300RMW5KBVEH8FE80,US91670H2094,GLEIF,BBG00HVYXSG8,BBG00HVYXSH7,UPAAX,,,unresolved
S000057859,Upright Growth & Income Fund,549300XCUWL1877S4Y31,US91670H1005,GLEIF,BBG00HVYYN14,BBG00HVYYN23,UPDDX,,,unresolved
S000057874,PIMCO Short Asset Portfolio,549300F9QJIJF2GM8419,US72202G3801,SEC-NPORT,,,,,,unresolved
S000057879,Franklin Dynamic Municipal Bond ETF,549300RTD7Q8YMBA7Q25,US35473P8683,SEC-NPORT,BBG00HLJ4L24,BBG00HLJ4LS6,FLMI,,,unresolved
S000057880,Franklin Municipal Green Bond ETF,549300D0VIUWD9JJ6J30,US35473P8501,SEC-NPORT,BBG00HLJ9XK3,BBG00HLJ9Y85,FLMB,,,unresolved
S000057958,Hartford Total Return Bond ETF,549300TXMIMTONBLXT62,US41653L3050,SEC-NPORT,BBG00HTN2K30,BBG00HTN2KT2,HTRB,,,unresolved
S000058070,Goldman Sachs Equal Weight U.S. Large Cap Equity ETF,549300NXT1LYCFNWQY09,US3814304388,SEC-NPORT,BBG00H2DR4T2,BBG00H2DR5N5,GSEW,,,unresolved
S000058208,Cambria Global Real Estate ETF,254900HOTGL4VH8QKS79,US1320618135,SEC-NPORT,BBG00XK4K218,BBG00XK4K2Z1,BLDG,,,unresolved
S000058251,Innovator U.S. Equity Buffer ETF - July,549300IE5R6FINFGPR80,US45782C7891,SEC-NPORT,BBG00LNJLC51,BBG00LNJLCX0,BJUL,,,unresolved
S000058252,Innovator U.S. Equity Power Buffer ETF - July,549300PJS2HKPCRBN519,US45782C8139,SEC-NPORT,BBG00LNDTHV6,BBG00LNDTJL3,PJUL,,,unresolved
S000058261,Driehaus Small Cap Growth Fund,254900CG1SF0Y3TR2D13,US2620287316,SEC-NPORT,BBG00HL2MMN6,BBG00HL2MMP4,DNSMX,,,unresolved
S000058280,T. Rowe Price International Bond Fund (USD Hedged),549300A3CV9FBEEC1242,US77956H1959,SEC-NPORT,BBG00HNKTLL1,BBG00HNKTLM0,TNBMX,,,unresolved
S000058280,T. Rowe Price International Bond Fund (USD Hedged),549300A3CV9FBEEC1242,US87281D8508,SEC-NPORT,BBG00TFXF6K5,BBG00TFXF6L4,TRMZX,,,unresolved
S000058301,iShares iBonds Dec 2027 Term Corporate ETF,549300OXS5FQU3APF128,US46435UAA97,SEC-NPORT,BBG00HPLJN98,BBG00HPLJP02,IBDS,,,unresolved
S000058355,Federated Hermes MDT Large Cap Value Fund,254900D747Q9QSAREA69,US3139001024,GLEIF,,,,,,unresolved
S000058355,Federated Hermes MDT Large Cap Value Fund,254900D747Q9QSAREA69,US3139004093,GLEIF,,,,,,unresolved
S000058355,Federated Hermes MDT Large Cap Value Fund,254900D747Q9QSAREA69,US3139005082,GLEIF,,,,,,unresolved
S000058355,Federated Hermes MDT Large Cap Value Fund,254900D747Q9QSAREA69,US3139006072,GLEIF,,,,,,unresolved
S000058429,Global X U.S. Preferred ETF,5493002F5H3KM07K2Y09,US37954Y6573,SEC-NPORT,BBG00HPF2L66,BBG00HPF2LX6,PFFD,,,unresolved
S000058482,JNL S&P 500 Index Fund,549300POGG9EA1DKER18,US46648L3289,GLEIF,,,,,,unresolved
S000058482,JNL S&P 500 Index Fund,549300POGG9EA1DKER18,US46648L3362,GLEIF,,,,,,unresolved
S000058483,JNL/Mellon Consumer Staples Sector Fund,5493007UDGMBYQXI7Y12,US46648M5168,GLEIF,,,,,,unresolved
S000058483,JNL/Mellon Consumer Staples Sector Fund,5493007UDGMBYQXI7Y12,US46648M5242,GLEIF,,,,,,unresolved
S000058484,JNL/Mellon Materials Sector Fund,549300OAEQ64MNTH6Q48,US46648M4666,GLEIF,,,,,,unresolved
S000058484,JNL/Mellon Materials Sector Fund,549300OAEQ64MNTH6Q48,US46648M4740,GLEIF,,,,,,unresolved
S000058485,JNL/Mellon Industrials Sector Fund,549300JQI0701WZW8134,US46648M4823,GLEIF,,,,,,unresolved
S000058485,JNL/Mellon Industrials Sector Fund,549300JQI0701WZW8134,US46648M4906,GLEIF,,,,,,unresolved
S000058486,JNL/Mellon Real Estate Sector Fund,549300THBMMAY3PKW645,US46648L3693,GLEIF,,,,,,unresolved
S000058486,JNL/Mellon Real Estate Sector Fund,549300THBMMAY3PKW645,US46648L3776,GLEIF,,,,,,unresolved
S000058488,JNL/GQG Emerging Markets Equity Fund,5493005RDLXRHL1GJ080,US46648M3593,GLEIF,,,,,,unresolved
S000058488,JNL/GQG Emerging Markets Equity Fund,5493005RDLXRHL1GJ080,US46648M3676,GLEIF,,,,,,unresolved
S000058489,JNL/Invesco Diversified Dividend Fund,549300MN9PN326C34P66,US46648M2439,GLEIF,,,,,,unresolved
S000058489,JNL/Invesco Diversified Dividend Fund,549300MN9PN326C34P66,US46648M2504,GLEIF,,,,,,unresolved
S000058490,JNL/PIMCO Income Fund,5493005E2UTORKLVJJ05,US46648L1879,GLEIF,,,,,,unresolved
S000058490,JNL/PIMCO Income Fund,5493005E2UTORKLVJJ05,US46648L1952,GLEIF,,,,,,unresolved
S000058491,JNL/WMC Equity Income Fund,549300RRSJ4K8TJT5Y26,US46648L4923,GLEIF,,,,,,unresolved
S000058491,JNL/WMC Equity Income Fund,549300RRSJ4K8TJT5Y26,US46648L5185,GLEIF,,,,,,unresolved
S000058560,Fidelity International Credit Central Fund,549300JOW5XJ3FBYR163,US31607D2027,GLEIF,,,,,,unresolved
S000058563,AQR Alternative Risk Premia Fund,5493003TFOLYCKBNVM51,US00203H1648,GLEIF,BBG00HL2MJG1,BBG00HL2MJH0,QRPRX,,,unresolved
S000058563,AQR Alternative Risk Premia Fund,5493003TFOLYCKBNVM51,US00203H1721,GLEIF,BBG00HL2MHW7,BBG00HL2MHX6,QRPNX,,,unresolved
S000058563,AQR Alternative Risk Premia Fund,5493003TFOLYCKBNVM51,US00203H1804,GLEIF,BBG00HL2MCJ3,BBG00HL2MCK1,QRPIX,,,unresolved
S000058644,Long Duration Bond Fund,549300VRXC77M7KZRU37,US78250F3982,SEC-NPORT,BBG00K2T89S1,BBG00K2T89T0,RMHYX,,,unresolved
S000058746,Invesco MSCI USA ETF,5493008H06WK6AG6B452,US46138E4614,SEC-NPORT,BBG00HSHV6G9,BBG00HSHV768,PBUS,,,unresolved
S000058959,Carillon Reams Core Bond Fund,549300W8XSNN5SVK9D74,US14214L2218,GLEIF,BBG00J2KFZB5,BBG00J2KFZC4,CRCUX,,,unresolved
S000058959,Carillon Reams Core Bond Fund,549300W8XSNN5SVK9D74,US14214L2549,GLEIF,BBG001J7M6J3,BBG001V0HHS6,SCCIX,,,unresolved
S000058959,Carillon Reams Core Bond Fund,549300W8XSNN5SVK9D74,US14214L2622,GLEIF,BBG00J2KFX48,BBG00J2KFX57,CRCDX,,,unresolved
S000058959,Carillon Reams Core Bond Fund,549300W8XSNN5SVK9D74,US14214L2705,GLEIF,BBG00J2KD569,BBG00J2KD578,CRCBX,,,unresolved
S000058965,Carillon Reams Unconstrained Bond Fund,549300MVU3XYYWJ6RX19,US14214M7240,SEC-NPORT,BBG001Z6BZC2,BBG001Z6BZD1,SUBFX,,,unresolved
S000058984,Goldman Sachs Energy Infrastructure Fund,5493004HQKOKO2ODA746,US38148U2399,SEC-NPORT,BBG00HVQM3F3,BBG00HVQM3G2,GLESX,,,unresolved
S000059078,Columbia Diversified Fixed Income Allocation ETF,5493000XJTC3ZADRR062,US19761L5084,GLEIF,BBG00HY5VRN4,BBG00HY5VSC4,DIAL,,,unresolved
S000059080,Virtus InfraCap U.S. Preferred Stock ETF,549300MWBLUUH494LE10,US26923G8226,SEC-NPORT,BBG00KXH36Q6,BBG00KXH37F6,PFFA,,,unresolved
S000059086,VANGUARD REAL ESTATE II INDEX FUND,549300ZF3K8JV2GHZ643,US9220316957,SEC-NPORT,BBG00HTSRF79,BBG00HTSRF88,VRTPX,,,unresolved
S000059183,Principal U.S. Mega-Cap ETF,549300XGM3O583ZPRJ37,US74255Y8701,SEC-NPORT,BBG00HY0ZL36,BBG00HY0ZLT8,USMC,,,unresolved
S000059215,NYLI Candriam Emerging Markets Equity Fund,549300OEYQVZONE1SZ66,US56064L5205,SEC-NPORT,BBG00J2DS9L4,BBG00J2DS9M3,MCYSX,,,unresolved
S000059217,Calvert Floating-Rate Advantage Fund,549300GG1YFY0YH1UJ86,US13161X8653,SEC-NPORT,,,,,,unresolved
S000059297,iShares Broad USD High Yield Corporate Bond ETF,549300X7H67ZLUE3IZ46,US46435U8532,SEC-NPORT,BBG00J2DRZT9,BBG00J2DS0J6,USHY,,,unresolved
S000059404,Aspiriant Risk-Managed Taxable Bond Fund,549300JWQQK1S4RTHH77,US04537J3005,GLEIF,BBG00K2T8WK8,BBG00K2T8WL7,RMTBX,,,unresolved
S000059464,John Hancock Multifactor Small Cap ETF,54930045UKVS8UYQH325,US47804J8421,SEC-NPORT,BBG00J5LZW52,BBG00J5LZWW2,JHSC,,,unresolved
S000059495,Franklin FTSE Europe ETF,549300MGO0V5Y80BBI27,US35473P6521,SEC-NPORT,BBG00J3PR1S7,BBG00J3PR2H7,FLEE,,,unresolved
S000059497,Franklin FTSE South Korea ETF,549300CQX72NL1HVMO40,US35473P7107,SEC-NPORT,BBG00J3N5BB2,BBG00J3N5C11,FLKR,,,unresolved
S000059501,Franklin FTSE Brazil ETF,549300U6ULJL7WUJ6046,US35473P8352,SEC-NPORT,BBG00J3M9VQ0,BBG00J3M9WL3,FLBR,,,unresolved
S000059502,Franklin FTSE China ETF,5493007BO6696OMBQG08,US35473P8196,SEC-NPORT,BBG00J3MD154,BBG00J3MD1W4,FLCH,,,unresolved
S000059503,Franklin FTSE India ETF,549300NU5VJOW0B4VV12,US35473P7693,SEC-NPORT,BBG00JYWBHT9,BBG00JYWBLK9,FLIN,,,unresolved
S000059509,Franklin FTSE Canada ETF,549300WEIK140OKXUN08,US35473P8279,SEC-NPORT,BBG00J3N6M72,BBG00J3N6MY2,FLCA,,,unresolved
S000059514,Franklin FTSE Japan ETF,549300V7MZYC1Z30JS82,US35473P7446,SEC-NPORT,BBG00J3MDY16,BBG00J3MDYR8,FLJP,,,unresolved
S000059702,SPDR S&P Kensho Future Security ETF,549300JWGKY4W7H1XS73,US78468R6716,SEC-NPORT,BBG00JHP6203,BBG00JHP62Q5,FITE,,,unresolved
S000059731,Schwab U.S. Large-Cap Growth Index Fund,549300ETCMWT458RZS47,US80850L7183,SEC-NPORT,BBG00JHP0YG2,BBG00JHP0YH1,SWLGX,,,unresolved
S000059733,Schwab U.S. Mid-Cap Index Fund,54930023JW7XDBK5VU88,US80850L7266,SEC-NPORT,BBG00JHP1G98,BBG00JHP1GB5,SWMCX,,,unresolved
S000059742,VanEck Real Assets ETF,5493002UTPGW67UP1895,US92189F1306,GLEIF,BBG00KK0KQ11,BBG00KK0KQR3,RAAX,,,unresolved
S000060089,Government Money Market Fund,549300WWK3YB7DNN4U34,US7425372288,SEC-NPORT,BBG00JKZK4Z9,BBG00JKZK504,PGVXX,,,unresolved
S000060107,DFA Global Core Plus Fixed Income Portfolio,549300T4D7ZSYZ7PYY81,US25239Y3861,SEC-NPORT,BBG00JR6D0L7,BBG00JR6D0M6,DGCFX,,,unresolved
S000060111,Affinity World Leaders Equity ETF,549300LWEPBJF1WUB306,US90214Q1058,GLEIF,BBG00JM9ZD52,BBG00JM9ZD61,WLDR,,,unresolved
S000060168,Baron Durable Advantage Fund,549300IPOVB9Y5C8N774,US0682787611,SEC-NPORT,BBG00JM9SSQ4,BBG00JM9SSR3,BDAIX,,,unresolved
S000060170,Baron Real Estate Income Fund,549300EWYY8GKC701E67,US06828M7368,SEC-NPORT,BBG00JM9V642,BBG00JM9V651,BRIIX,,,unresolved
S000060180,JPMorgan USD Emerging Markets Sovereign Bond ETF,549300POFR35HUEWVC10,US46641Q7464,SEC-NPORT,BBG00JWVJXF5,BBG00JWVJY45,JPMB,,,unresolved
S000060783,Invesco Ultra Short Duration ETF,549300XCPLYCS9LWYT95,US46090A8870,SEC-NPORT,BBG00KJR1SL9,BBG00KJR1T91,GSY,,,unresolved
S000060784,Invesco Total Return Bond ETF,549300G68D7JXKISYN27,US46090A8045,SEC-NPORT,BBG00KJR1HV2,BBG00KJR1JM8,GTO,,,unresolved
S000060822,Invesco Solar ETF,549300Q2OQ2U87KJR762,US46138G7060,SEC-NPORT,BBG00KXH5WT4,BBG00KXH5XJ3,TAN,,,unresolved
S000060828,Invesco China Technology ETF,549300PS11RST4YBXW12,US46138E8003,SEC-NPORT,BBG00KXH51H5,BBG00KXH5265,CQQQ,,,unresolved
S000061245,JPMorgan Institutional Tax Free Money Market Fund,549300UURKD5II8M6J91,US4812A26030,SEC-NPORT,BBG000BWMPL3,BBG001S3DWD1,JINXX,,,unresolved
S000061285,Impact Shares Women's Empowerment ETF,549300R0JUMY7RFI0F26,US45259A1007,GLEIF,BBG00LTSNQ89,BBG00LTSNR05,WOMN,,,unresolved
S000061301,VANGUARD U.S. MINIMUM VOLATILITY ETF,549300RP1YLUB1WLOT10,US9219354092,SEC-NPORT,BBG00K26BWT5,BBG00K26BXQ6,VFMV,,,unresolved
S000061302,VANGUARD U.S. MOMENTUM FACTOR ETF,549300EXHTSUFP48MT41,US9219355081,SEC-NPORT,BBG00K26BFK1,BBG00K26BG83,VFMO,,,unresolved
S000061305,VANGUARD U.S. VALUE FACTOR ETF,5493006GU7KMEUQILY06,US9219358051,SEC-NPORT,BBG00K26B596,BBG00K26B603,VFVA,,,unresolved
S000061310,VANGUARD U.S. MULTIFACTOR ETF,549300TF163DVIT4PX53,US9219356071,SEC-NPORT,BBG00K26C0L2,BBG00K26C194,VFMF,,,unresolved
S000061314,iShares U.S. Infrastructure ETF,549300RYOD5SX3832571,US46435U7138,SEC-NPORT,BBG00KHHFNQ4,BBG00KHHFPF1,IFRA,,,unresolved
S000061326,Global X Artificial Intelligence & Technology ETF,549300BF6DMRHN9YQ074,US37954Y6326,SEC-NPORT,BBG00KX8KG94,BBG00KX8KH01,AIQ,,,unresolved
S000061338,Columbia Overseas Core Fund,5493000YLVICZU8NME71,US19766J2502,SEC-NPORT,BBG00K6709X7,BBG00K6709Y6,COSOX,,,unresolved
S000061361,THRIVENT HIGH INCOME MUNICIPAL BOND FUND,549300G7LPIEUX0LPZ35,US88588R6009,GLEIF,BBG00K2T4987,BBG00K2T4996,THMBX,,,unresolved
S000061362,THRIVENT SMALL CAP GROWTH FUND,5493006C83RSFIDE7518,US88588R5019,GLEIF,BBG00K2T4H43,BBG00K2T4H52,TSCGX,,,unresolved
S000061556,LVIP Loomis Sayles Global Growth Fund,549300E0BQH07C3TZN20,US53500Q7262,SEC-NPORT,,,,,,unresolved
S000061584,Procure Space ETF,549300MQIFQ5M3WPKM32,US74280R2058,GLEIF,BBG00NTYH0S4,BBG00NTYH1J2,UFO,,,unresolved
S000061589,PGIM Ultra Short Bond ETF,549300GB8HES91GNEF23,US69344A1079,GLEIF,BBG00KJQ1Q26,BBG00KJQ1QS8,PULS,,,unresolved
S000061604,iShares ESG Aware MSCI USA Small-Cap ETF,549300V3IZTYAHR0WL12,US46435U6635,SEC-NPORT,BBG00KK876G7,BBG00KK87757,ESML,,,unresolved
S000061716,GMO High Yield Fund,5493003UZ8Q1SLUPQX65,US3620145322,SEC-NPORT,BBG00L7Q1MC5,BBG00L7Q1ML5,GHVIX,,,unresolved
S000061746,"Direxion Daily Robotics, Artificial Intelligence & Automation Index Bull 2x Shares",549300M501IVJM50FG12,US25459W8477,SEC-NPORT,BBG000JLCF41,BBG001T3NV41,TNA,,,unresolved
S000061746,"Direxion Daily Robotics, Artificial Intelligence & Automation Index Bull 2x Shares",549300M501IVJM50FG12,US25459W8626,SEC-NPORT,BBG000JLGQR8,BBG001T3NV87,SPXL,,,unresolved
S000061746,"Direxion Daily Robotics, Artificial Intelligence & Automation Index Bull 2x Shares",549300M501IVJM50FG12,US25460E1901,SEC-NPORT,BBG000JLK7V0,BBG001T3NVD1,SPXS,,,unresolved
S000061746,"Direxion Daily Robotics, Artificial Intelligence & Automation Index Bull 2x Shares",549300M501IVJM50FG12,US25460E2164,SEC-NPORT,BBG000JLM3X5,BBG001T3NVH7,FAZ,,,unresolved
S000061746,"Direxion Daily Robotics, Artificial Intelligence & Automation Index Bull 2x Shares",549300M501IVJM50FG12,US25460G2865,SEC-NPORT,BBG0193YH501,BBG0193YH5W6,TSLL,,,unresolved
S000061746,"Direxion Daily Robotics, Artificial Intelligence & Automation Index Bull 2x Shares",549300M501IVJM50FG12,US25460G4192,SEC-NPORT,BBG000NFSS08,BBG001T55GY6,DRV,,,unresolved
S000061746,"Direxion Daily Robotics, Artificial Intelligence & Automation Index Bull 2x Shares",549300M501IVJM50FG12,US25461A4940,SEC-NPORT,BBG008X27S48,BBG001T37KH9,TECS,,,unresolved
S000061783,USCF SummerHaven Dynamic Commodity Strategy No K-1 Fund,549300C8PC4VASKYOM26,US90290T8099,SEC-NPORT,BBG00KTNSTC6,BBG00KTNSV59,SDCI,,,unresolved
S000061847,Baron Health Care Fund,549300NWPB2QRJSADM21,US06828M6600,SEC-NPORT,BBG00KFNGZB1,BBG00KFNGZC0,BHCHX,,,unresolved
S000061946,Franklin High Yield Corporate ETF,5493002F67QK4VNO5Q54,US35473P6299,SEC-NPORT,BBG00L2CL634,BBG00L2CL6V3,FLHY,,,unresolved
S000061948,Franklin Senior Loan ETF,549300I3TND36ZL4CK30,US35473P5952,SEC-NPORT,BBG00L2CKS28,BBG00L2CKST9,FLBL,,,unresolved
S000061981,Harbor Core Bond Fund,549300WRSFJ5U4S4L290,US4115121976,GLEIF,BBG00KK72SD9,BBG00KK72SF7,HCBRX,,,unresolved
S000061981,Harbor Core Bond Fund,549300WRSFJ5U4S4L290,US4115122396,GLEIF,BBG00KK72PX3,BBG00KK72PY2,HACBX,,,unresolved
S000061992,JPMorgan BetaBuilders Canada ETF,5493001KDPNCCHEX2345,US46641Q2259,GLEIF,BBG00LN4CVW2,BBG00LN4CWM1,BBCA,,,unresolved
S000061993,JPMorgan BetaBuilders Developed Asia Pacific ex-Japan ETF,549300NC6A68VFVMNP62,US46641Q2333,GLEIF,BBG00LN4D2G3,BBG00LN4D399,BBAX,,,unresolved
S000061994,JPMorgan BetaBuilders Europe ETF,549300JYD28ABFNSPC78,US46641Q1913,GLEIF,BBG00L52KWW5,BBG00L52KXM4,BBEU,,,unresolved
S000061995,JPMorgan BetaBuilders Japan ETF,54930031HWFFLQV7A679,US46641Q2176,GLEIF,BBG00L52MGS3,BBG00L52MHJ1,BBJP,,,unresolved
S000061996,JPMorgan BetaBuilders MSCI US REIT ETF,549300UDD0DL9T2E4I67,US46641Q7381,SEC-NPORT,BBG00L53HBD4,BBG00L53HC42,BBRE,,,unresolved
S000062055,Transamerica International Stock,549300PMWLIX97VXH139,US89360T2933,SEC-NPORT,BBG00L51L0W6,BBG00L51L0X5,TIHIX,,,unresolved
S000062055,Transamerica International Stock,549300PMWLIX97VXH139,US89360T3196,SEC-NPORT,BBG00L51L0N6,BBG00L51L0P4,TIHJX,,,unresolved
S000062095,The Communication Services Select Sector SPDR Fund,549300RPODKQJE2HDW24,US81369Y8527,SEC-NPORT,BBG00L5F9F38,BBG00L5F9FV7,XLC,,,unresolved
S000062159,iShares ESG Aware U.S. Aggregate Bond ETF,549300ZH4AMJV5ZGCV06,US46435U5496,SEC-NPORT,BBG00MC0NZP7,BBG00MC0P0K7,EAGG,,,unresolved
S000062173,Symmetry Panoramic Alternatives Fund,549300JLGU0NYT31UW83,US87190B8054,GLEIF,BBG00KFNJ4L6,BBG00KFNJ4M5,SPATX,,,unresolved
S000062174,Symmetry Panoramic Global Equity Fund,549300SIT0P3WXBY6V10,US87190B3006,GLEIF,BBG00KFNJ4P2,BBG00KFNJ4Q1,SPGEX,,,unresolved
S000062175,Symmetry Panoramic Global Systematic Fixed Income Fund,549300ZWCAHFFFBKP181,US87190B7064,GLEIF,BBG00KFNJ4S9,BBG00KFNJ4T8,SPGBX,,,unresolved
S000062176,Symmetry Panoramic International Equity Fund,549300U39PFDJOEFPI14,US87190B2016,GLEIF,BBG00KFNJ588,BBG00KFNJ597,SPILX,,,unresolved
S000062177,Symmetry Panoramic Municipal Fixed Income Fund,549300F38VGIE8M6PD34,US87190B6074,GLEIF,BBG00KFNJ5F0,BBG00KFNJ5G9,SPMFX,,,unresolved
S000062178,Symmetry Panoramic Tax-Managed Global Equity Fund,549300NPDCSX1EUVO991,US87190B4095,GLEIF,BBG00KFNJ5K4,BBG00KFNJ5L3,SPGTX,,,unresolved
S000062179,Symmetry Panoramic US Equity Fund,549300N8RV2JDNT1WB73,US87190B1026,GLEIF,BBG00KFNJ5M2,BBG00KFNJ5N1,SPUSX,,,unresolved
S000062180,Symmetry Panoramic US Systematic Fixed Income Fund,549300VVMEQSUX7XNF38,US87190B5084,GLEIF,BBG00KFNJ5R7,BBG00KFNJ5S6,SPUBX,,,unresolved
S000062201,iShares Future AI & Tech ETF,549300VS8IGDTLP20U91,US46435U5561,SEC-NPORT,BBG00L9G3TC8,BBG00L9G3V33,ARTY,,,unresolved
S000062224,IMPAX GLOBAL OPPORTUNITIES FUND,5493008PKSO3C54ZXR37,US7042234291,SEC-NPORT,BBG00L4VXT46,BBG00L4VXT55,PXGOX,,,unresolved
S000062359,BlackRock Floating Rate Income Portfolio,NKCTR56VMOQV9WKO8Q71,US09260B7394,SEC-NPORT,BBG00C1822S7,BBG00C1822T6,BFRKX,,,unresolved
S000062370,BlackRock Credit Relative Value Fund,OA6RHYR6LGM5LRCG2L62,US0919365421,SEC-NPORT,BBG003PGPHN0,BBG003PGPHP8,BDMAX,,,unresolved
S000062374,BlackRock High Yield Portfolio,XWWYL9CQGONNWQ4RS723,US09260B6149,SEC-NPORT,BBG000CKHVK2,BBG001SG43D6,BRHYX,,,unresolved
S000062376,BlackRock High Yield V.I. Fund,UT2CQXX2NAVCUUUA7P13,US09258X1072,GLEIF,BBG006NTYKZ7,BBG006NTYL03,BRHYDVF,,,unresolved
S000062381,Advantage CoreAlpha Bond Master Portfolio,0I7UWC3FB187VDB5KB30,US57636B1070,GLEIF,,,,,,unresolved
S000062383,ClearShares Ultra-Short Maturity ETF,5493008EIECR7GCU8I31,US26922A4537,SEC-NPORT,BBG00LDKJCT6,BBG00LDKJDK3,OPER,,,unresolved
S000062396,VanEck Durable High Dividend ETF,549300X8JD9S4O6RHW07,US92189H1023,GLEIF,BBG00MF4XM92,BBG00MF4XN18,DURA,,,unresolved
S000062425,Columbia Multi-Sector Municipal Income ETF,5493006QFYLERK7JEL04,US19761L6074,GLEIF,BBG00M6JW935,BBG00M6JW9V4,MUST,,,unresolved
S000062559,ProShares Pet Care ETF,549300SJHELHWEOX6S65,US74348A1455,GLEIF,BBG00M6PLNF9,BBG00M6PLP55,PAWZ,,,unresolved
S000062639,EQ/American Century Mid Cap Value Portfolio,549300EYVFHR8K0TR865,US29439V5232,SEC-NPORT,BBG00ZSNCZX4,BBG00ZVX4V75,EQMCVUU,,,unresolved
S000062930,VanEck Video Gaming and eSports ETF,549300W1INDPRXYEWG36,US92189F1140,GLEIF,BBG00M8CX9N5,BBG00M8CXBV1,ESPO,,,unresolved
S000062995,Calamos Short-Term Bond Fund,5493004AI6JEYG0WCK93,US1281204339,SEC-NPORT,BBG00M1711N5,BBG00M1711P3,CSTIX,,,unresolved
S000063007,Janus Henderson Mortgage-Backed Securities ETF,549300V6TVE4ZJCDWY16,US47103U8523,SEC-NPORT,BBG00LYBQRR4,BBG00LYBQSH3,JMBS,,,unresolved
S000063035,Franklin FTSE Latin America ETF,549300G41CKYHFFHVD28,US35473P5614,SEC-NPORT,BBG00M6PPS91,BBG00M6PPT17,FLLA,,,unresolved
S000063041,iShares iBonds Dec 2028 Term Corporate ETF,549300M605XUUWV2JP18,US46435U5157,SEC-NPORT,BBG00M0P3RM8,BBG00M0P3SC7,IBDT,,,unresolved
S000063075,VANGUARD ESG U.S. STOCK ETF,549300F0CKEP8O0RFZ32,US9219107334,SEC-NPORT,BBG00M0P2RX7,BBG00M0P2SP4,ESGV,,,unresolved
S000063083,Mondrian Emerging Markets Value Equity Fund,549300P44GVHZEKM7C40,US36381Y2072,GLEIF,BBG000TWJBD8,BBG001T0MZB1,MPEMX,,,unresolved
S000063090,VanEck Morningstar Global Wide Moat ETF,549300K6N8AX6EENVP43,US92189F1223,GLEIF,BBG00MF4XK69,BBG00MF4XKY8,MOTG,,,unresolved
S000063094,PGIM Active High Yield Bond ETF,549300F10UK98WW68156,US69344A2069,GLEIF,BBG00M3J0PT9,BBG00M3J0QK6,PHYL,,,unresolved
S000063122,NYLI U.S. Government Liquidity Fund,549300Y3ZLEL13IJCK58,US56064L4885,SEC-NPORT,BBG00ZNTRF82,BBG00ZNTRF91,MUSXX,,,unresolved
S000063207,LVIP SSGA Emerging Markets Equity Index Fund,549300TX2W97ZKHHF152,US53500Q6769,SEC-NPORT,,,,,,unresolved
S000063265,JPMorgan Core Plus Bond ETF,549300A4I21YDY6YQ739,US46641Q6706,SEC-NPORT,BBG00N6W8WP6,BBG00N6W8XF5,JCPB,,,unresolved
S000063269,JPMorgan Ultra-Short Municipal Income ETF,549300C27W430AWFZC05,US46641Q6540,SEC-NPORT,BBG00M8D23F9,BBG00M8D2458,JMST,,,unresolved
S000063352,Global X NASDAQ 100 Covered Call ETF,54930002VYV0ZD18OT06,US37954Y4834,SEC-NPORT,BBG00MVW9587,BBG00MVW9603,QYLD,,,unresolved
S000063360,SPDR S&P Kensho Clean Power ETF,549300I57QWRCY86R962,US78468R6559,SEC-NPORT,BBG00M9BL8C3,BBG00M9BL931,CNRG,,,unresolved
S000063362,SPDR S&P Kensho New Economies Composite ETF,549300KEUQ5Q8PC88Y95,US78468R6484,SEC-NPORT,BBG00M9BL6G3,BBG00M9BL771,KOMP,,,unresolved
S000063477,Innovator U.S. Equity Buffer ETF - October,549300XKPBVJDVS52A85,US45782C7719,SEC-NPORT,BBG00M4NZ5C3,BBG00M4NZ631,BOCT,,,unresolved
S000063478,Innovator U.S. Equity Power Buffer ETF - October,549300PXPWH1NF5B5H38,US45782C7974,SEC-NPORT,BBG00M4NZSN1,BBG00M4NZTF8,POCT,,,unresolved
S000063496,JPMorgan Emerging Markets Research Enhanced Equity Fund,549300RH6H0TG40PHS83,US46645V6267,SEC-NPORT,BBG00MDY3H01,BBG00MDY3H10,EMRSX,,,unresolved
S000063513,Non-U.S. Intrinsic Value Fund,549300UOS9C75KLXN607,US0250861418,SEC-NPORT,BBG00MDY4MX3,BBG00MDY4MY2,ANTGX,,,unresolved
S000063513,Non-U.S. Intrinsic Value Fund,549300UOS9C75KLXN607,US0250861582,SEC-NPORT,BBG00MDY4MT8,BBG00MDY4MV5,ANTUX,,,unresolved
S000063538,T. Rowe Price Dynamic Credit Fund,549300WMBCO7MBYMNE44,US77956H1538,SEC-NPORT,BBG01HHHDTH9,BBG01HHLVJY3,TRCDX,,,unresolved
S000063538,T. Rowe Price Dynamic Credit Fund,549300WMBCO7MBYMNE44,US77956H1611,SEC-NPORT,BBG00MPTJQM8,BBG00MPTJQN7,RPELX,,,unresolved
S000063608,Allspring Alternative Risk Premia Fund,54930083MXJPKNFMUK49,US94988V2410,SEC-NPORT,BBG00MPT91Y1,BBG00MPT91Z0,WRPRX,,,unresolved
S000063650,ALGER MID CAP FOCUS FUND,549300TQVKDGKJG15V12,US0155651120,GLEIF,BBG011YWZG40,BBG011YWZG59,ALOCX,,,unresolved
S000063650,ALGER MID CAP FOCUS FUND,549300TQVKDGKJG15V12,US0155651203,GLEIF,BBG011YWZJV4,BBG011YWZJX2,ALOAX,,,unresolved
S000063650,ALGER MID CAP FOCUS FUND,549300TQVKDGKJG15V12,US0155651385,GLEIF,BBG00ZGHZ3P5,BBG00ZGHZ3Q4,ALOYX,,,unresolved
S000063668,JPMorgan BetaBuilders U.S. Aggregate Bond ETF,549300Y7I30NRICF3S33,US46641Q2416,GLEIF,BBG00MSHTGF0,BBG00MSHTH59,BBAG,,,unresolved
S000063708,Sprott Gold Miners ETF,549300OKHNEZHZWQ1S48,US85210B1026,GLEIF,BBG006T1GR87,BBG006T1GQZ9,SGDM,,,unresolved
S000063994,Innovator U.S. Equity Buffer ETF - January,549300S8R6GS7L1CVC62,US45782C4096,SEC-NPORT,BBG00MYXK749,BBG00MYXK7W8,BJAN,,,unresolved
S000063995,Innovator U.S. Equity Power Buffer ETF - January,549300ROMN6CHSCBOM68,US45782C5085,SEC-NPORT,BBG00MYXKHF5,BBG00MYXKL20,PJAN,,,unresolved
S000064004,Innovator International Developed Power Buffer ETF - January,549300D5TCY4YXMWER18,US45782C5242,SEC-NPORT,BBG00R877WW3,BBG00R877XM2,IJAN,,,unresolved
S000064066,American Beacon AHL TargetRisk Fund,549300OTXTODXR10Y134,US0245261963,GLEIF,BBG00NX1G226,BBG00NX1G235,AHACX,,,unresolved
S000064104,Goldman Sachs Ultra Short Bond ETF,549300FKQVF6C8MY6C40,US3814302309,SEC-NPORT,BBG00NW3TG64,BBG00NW3TGY3,GSST,,,unresolved
S000064461,Lord Abbett Focused Growth Fund,5493003SAP843EZSKQ54,US5439151441,GLEIF,BBG00N2WQ7H4,BBG00N2WQ7M8,LFGVX,,,unresolved
S000064593,Invesco S&P 500 Revenue ETF,549300G2ZSGHHWSMXN54,US46138G6989,SEC-NPORT,BBG00P4Y2QR6,BBG00P4Y2QS5,RWL,,,unresolved
S000064607,Invesco Russell 1000 Dynamic Multifactor ETF,549300G6URT3APKHZ077,US46138J6192,SEC-NPORT,BBG00P4Y3FY1,BBG00P4Y3FZ0,OMFL,,,unresolved
S000064608,Invesco Russell 2000 Dynamic Multifactor ETF,549300KKKFKG5EELV193,US46138J5939,SEC-NPORT,BBG00P4Y3C41,BBG00P4Y3C50,OMFS,,,unresolved
S000064622,Invesco Global Focus Fund,5493002J2WRNSW2PO535,US00900W7048,GLEIF,BBG00P51YLS2,BBG00P51YLZ4,GLVAX,,,unresolved
S000064623,Invesco International Small-Mid Company Fund,5493006QTJ8BO6NV8I59,US00900W5224,GLEIF,BBG00NXBRYN9,BBG00NXBRYP7,INSLX,,,unresolved
S000064623,Invesco International Small-Mid Company Fund,5493006QTJ8BO6NV8I59,US00900W5307,GLEIF,BBG00P52Q8N3,BBG00P52Q8P1,OSMYX,,,unresolved
S000064623,Invesco International Small-Mid Company Fund,5493006QTJ8BO6NV8I59,US00900W5489,GLEIF,BBG00P52Q648,BBG00P52Q657,OSMNX,,,unresolved
S000064623,Invesco International Small-Mid Company Fund,5493006QTJ8BO6NV8I59,US00900W5554,GLEIF,BBG00P52Q2F5,BBG00P52Q2H3,OSCIX,,,unresolved
S000064623,Invesco International Small-Mid Company Fund,5493006QTJ8BO6NV8I59,US00900W5638,GLEIF,BBG00P52Q096,BBG00P52Q0B3,OSMCX,,,unresolved
S000064623,Invesco International Small-Mid Company Fund,5493006QTJ8BO6NV8I59,US00900W5711,GLEIF,BBG00P52PWG9,BBG00P52PWH8,OSMAX,,,unresolved
S000064624,Invesco Global Fund,549300OZR8OUIKYYPI86,US00900W1009,GLEIF,BBG00P51XFW1,BBG00P51XFY9,OPPAX,,,unresolved
S000064624,Invesco Global Fund,549300OZR8OUIKYYPI86,US00900W2098,GLEIF,BBG00P51XJ35,BBG00P51XJ44,OGLCX,,,unresolved
S000064624,Invesco Global Fund,549300OZR8OUIKYYPI86,US00900W3088,GLEIF,BBG00P51XKR6,BBG00P51XKT4,OGLIX,,,unresolved
S000064624,Invesco Global Fund,549300OZR8OUIKYYPI86,US00900W4078,GLEIF,BBG00P51XN18,BBG00P51XN27,OGLNX,,,unresolved
S000064624,Invesco Global Fund,549300OZR8OUIKYYPI86,US00900W5067,GLEIF,BBG00P51XS17,BBG00P51XS35,OGLYX,,,unresolved
S000064624,Invesco Global Fund,549300OZR8OUIKYYPI86,US00900W6057,GLEIF,BBG00NXBRYB2,BBG00NXBRYC1,GFDDX,,,unresolved
S000064625,Invesco Global Opportunities Fund,549300TQY3T0I6C0EN92,US00900W7204,GLEIF,BBG00NXBRYG7,BBG00NXBRYH6,GOFFX,,,unresolved
S000064625,Invesco Global Opportunities Fund,549300TQY3T0I6C0EN92,US00900W7386,GLEIF,BBG00P520MB3,BBG00P520MC2,OGIYX,,,unresolved
S000064625,Invesco Global Opportunities Fund,549300TQY3T0I6C0EN92,US00900W7469,GLEIF,BBG00P520M50,BBG00P520M69,OGINX,,,unresolved
S000064625,Invesco Global Opportunities Fund,549300TQY3T0I6C0EN92,US00900W7535,GLEIF,BBG00P520DF9,BBG00P520DG8,OGIIX,,,unresolved
S000064625,Invesco Global Opportunities Fund,549300TQY3T0I6C0EN92,US00900W7618,GLEIF,BBG00P520CL4,BBG00P520CM3,OGICX,,,unresolved
S000064625,Invesco Global Opportunities Fund,549300TQY3T0I6C0EN92,US00900W7790,GLEIF,BBG00P520C16,BBG00P520C25,OPGIX,,,unresolved
S000064628,Invesco International Growth Fund,549300YZ9WS460BL2E48,US00900W5893,GLEIF,BBG00NXBRYL1,BBG00NXBRYM0,INGFX,,,unresolved
S000064628,Invesco International Growth Fund,549300YZ9WS460BL2E48,US00900W5976,GLEIF,BBG00P52NYX8,BBG00P52NZ47,OIGYX,,,unresolved
S000064628,Invesco International Growth Fund,549300YZ9WS460BL2E48,US00900W6131,GLEIF,BBG00P52NRP2,BBG00P52NRQ1,OIGNX,,,unresolved
S000064628,Invesco International Growth Fund,549300YZ9WS460BL2E48,US00900W6214,GLEIF,BBG00P52NDG3,BBG00P52NDJ0,OIGIX,,,unresolved
S000064628,Invesco International Growth Fund,549300YZ9WS460BL2E48,US00900W6396,GLEIF,BBG00P52N7S3,BBG00P52N7V9,OIGCX,,,unresolved
S000064628,Invesco International Growth Fund,549300YZ9WS460BL2E48,US00900W6479,GLEIF,BBG00P52MZZ4,BBG00P52N008,OIGAX,,,unresolved
S000064635,Invesco Rochester New York Municipals Fund,5493006GRUSSVWBS1I75,US00141W7526,GLEIF,BBG00NXBS4X3,BBG00NXBS4Y2,IORUX,,,unresolved
S000064635,Invesco Rochester New York Municipals Fund,5493006GRUSSVWBS1I75,US00141W7609,GLEIF,BBG00P55MLM2,BBG00P55MLN1,RMUYX,,,unresolved
S000064635,Invesco Rochester New York Municipals Fund,5493006GRUSSVWBS1I75,US00141W7781,GLEIF,BBG00P55MKK6,BBG00P55MKV4,RMUCX,,,unresolved
S000064635,Invesco Rochester New York Municipals Fund,5493006GRUSSVWBS1I75,US00141W7864,GLEIF,BBG00P55MC33,BBG00P55MC42,RMUNX,,,unresolved
S000064636,Invesco Rochester Limited Term New York Municipal Fund,5493008S6I7V8VPZVY34,US00141W7948,GLEIF,BBG00NXBS4V5,BBG00NXBS4W4,IORMX,,,unresolved
S000064636,Invesco Rochester Limited Term New York Municipal Fund,5493008S6I7V8VPZVY34,US00141W8102,GLEIF,BBG00P55LD32,BBG00P55LD69,LTBYX,,,unresolved
S000064636,Invesco Rochester Limited Term New York Municipal Fund,5493008S6I7V8VPZVY34,US00141W8284,GLEIF,BBG00P55KNT3,BBG00P55KP27,LTNCX,,,unresolved
S000064636,Invesco Rochester Limited Term New York Municipal Fund,5493008S6I7V8VPZVY34,US00141W8367,GLEIF,BBG00P55L4P8,BBG00P55L4Q7,LTNYX,,,unresolved
S000064637,Invesco Pennsylvania Municipal Fund,549300SOV48MO33XSK28,US00141W6619,GLEIF,BBG00NXBS515,BBG00NXBS524,IORPX,,,unresolved
S000064637,Invesco Pennsylvania Municipal Fund,549300SOV48MO33XSK28,US00141W6791,GLEIF,BBG00P55MQF9,BBG00P55MQG8,OPAYX,,,unresolved
S000064637,Invesco Pennsylvania Municipal Fund,549300SOV48MO33XSK28,US00141W6874,GLEIF,BBG00P55MNT1,BBG00P55MNV8,OPACX,,,unresolved
S000064637,Invesco Pennsylvania Municipal Fund,549300SOV48MO33XSK28,US00141W6957,GLEIF,BBG00P55MNH4,BBG00P55MNJ2,OPATX,,,unresolved
S000064638,Invesco Rochester Municipal Opportunities Fund,549300C8JW8DRNN8V756,US00141W5058,GLEIF,BBG00P55CXL8,BBG00P55CXW6,ORNAX,,,unresolved
S000064638,Invesco Rochester Municipal Opportunities Fund,549300C8JW8DRNN8V756,US00141W6049,GLEIF,BBG00P55D887,BBG00P55D8K3,ORNCX,,,unresolved
S000064638,Invesco Rochester Municipal Opportunities Fund,549300C8JW8DRNN8V756,US00141W7039,GLEIF,BBG00P55DSD7,BBG00P55DSG4,ORNYX,,,unresolved
S000064638,Invesco Rochester Municipal Opportunities Fund,549300C8JW8DRNN8V756,US00141W8029,GLEIF,BBG00NXBS4Q1,BBG00NXBS4R0,IORHX,,,unresolved
S000064638,Invesco Rochester Municipal Opportunities Fund,549300C8JW8DRNN8V756,US00141W8854,GLEIF,BBG00NXBS409,BBG00NXBS418,IORYX,,,unresolved
S000064639,Invesco New Jersey Municipal Fund,5493000QZ0NCQ5JYIR44,US00141W7112,GLEIF,BBG00NXBS4Z1,BBG00NXBS506,IORJX,,,unresolved
S000064639,Invesco New Jersey Municipal Fund,5493000QZ0NCQ5JYIR44,US00141W7294,GLEIF,BBG00P55MMY7,BBG00P55MMZ6,ONJYX,,,unresolved
S000064639,Invesco New Jersey Municipal Fund,5493000QZ0NCQ5JYIR44,US00141W7377,GLEIF,BBG00P55MMP7,BBG00P55MMQ6,ONJCX,,,unresolved
S000064639,Invesco New Jersey Municipal Fund,5493000QZ0NCQ5JYIR44,US00141W7450,GLEIF,BBG00P55MMF8,BBG00P55MMG7,ONJAX,,,unresolved
S000064640,Invesco AMT-Free Municipal Income Fund,549300VEM238N7BS3O29,US0014191755,GLEIF,BBG00NXBS3B9,BBG00NXBS3C8,IORAX,,,unresolved
S000064640,Invesco AMT-Free Municipal Income Fund,549300VEM238N7BS3O29,US0014191839,GLEIF,BBG00P552HK5,BBG00P552HL4,OMFYX,,,unresolved
S000064640,Invesco AMT-Free Municipal Income Fund,549300VEM238N7BS3O29,US0014191912,GLEIF,BBG00P552H61,BBG00P552H70,OMFCX,,,unresolved
S000064640,Invesco AMT-Free Municipal Income Fund,549300VEM238N7BS3O29,US0014192175,GLEIF,BBG00P552GX3,BBG00P552GY2,OPTAX,,,unresolved
S000064641,Invesco California Municipal Fund,5493001JGTXI3O5V7O59,US00141W1099,GLEIF,BBG00P552KR1,BBG00P552KS0,OPCAX,,,unresolved
S000064641,Invesco California Municipal Fund,5493001JGTXI3O5V7O59,US00141W2089,GLEIF,BBG00P552L44,BBG00P552L53,OCACX,,,unresolved
S000064641,Invesco California Municipal Fund,5493001JGTXI3O5V7O59,US00141W3079,GLEIF,BBG00P552LH0,BBG00P552LJ8,OCAYX,,,unresolved
S000064641,Invesco California Municipal Fund,5493001JGTXI3O5V7O59,US00141W4069,GLEIF,BBG00NXBS3L8,BBG00NXBS3M7,IORCX,,,unresolved
S000064642,Invesco Limited Term California Municipal Fund,5493006P7NVHDN1ASG30,US00141W8441,GLEIF,BBG00NXBS4S9,BBG00NXBS4T8,IORLX,,,unresolved
S000064642,Invesco Limited Term California Municipal Fund,5493006P7NVHDN1ASG30,US00141W8516,GLEIF,BBG00P55HB13,BBG00P55HB95,OLCYX,,,unresolved
S000064642,Invesco Limited Term California Municipal Fund,5493006P7NVHDN1ASG30,US00141W8698,GLEIF,BBG00P55GZR3,BBG00P55GZS2,OLCCX,,,unresolved
S000064642,Invesco Limited Term California Municipal Fund,5493006P7NVHDN1ASG30,US00141W8771,GLEIF,BBG00P55GN63,BBG00P55GN81,OLCAX,,,unresolved
S000064643,Invesco Rochester AMT-Free New York Municipal Fund,549300OLFQ3RC5F22149,US0014191342,GLEIF,BBG00NXBS3J1,BBG00NXBS3K9,IORNX,,,unresolved
S000064643,Invesco Rochester AMT-Free New York Municipal Fund,549300OLFQ3RC5F22149,US0014191425,GLEIF,BBG00P552JH5,BBG00P552JL0,ONYYX,,,unresolved
S000064643,Invesco Rochester AMT-Free New York Municipal Fund,549300OLFQ3RC5F22149,US0014191599,GLEIF,BBG00P552J49,BBG00P552J58,ONYCX,,,unresolved
S000064643,Invesco Rochester AMT-Free New York Municipal Fund,549300OLFQ3RC5F22149,US0014191672,GLEIF,BBG00P552HY0,BBG00P552HZ9,OPNYX,,,unresolved
S000064649,Invesco International Diversified Fund,5493008RIEVPCHUZ2G56,US00900R1014,GLEIF,BBG00P51SNT4,BBG00P51SNV1,OIDAX,,,unresolved
S000064649,Invesco International Diversified Fund,5493008RIEVPCHUZ2G56,US00900R2004,GLEIF,BBG00P51SPR1,BBG00P51SPS0,OIDCX,,,unresolved
S000064649,Invesco International Diversified Fund,5493008RIEVPCHUZ2G56,US00900R3093,GLEIF,BBG00P51SQ44,BBG00P51SQ53,OIDIX,,,unresolved
S000064650,Invesco Main Street Small Cap Fund,549300QSHIYEHPS1LK91,US00900R4810,SEC-NPORT,BBG00P4FVZ04,BBG00P4FVZ13,OSSIX,,,unresolved
S000064654,Invesco V.I. Discovery Large Cap Fund,549300DPQWZVB5YV8X45,US00900X1081,GLEIF,BBG00P55P7T3,BBG00P55P7V0,OPCAPNS,,,unresolved
S000064654,Invesco V.I. Discovery Large Cap Fund,549300DPQWZVB5YV8X45,US00900X2071,GLEIF,BBG00P55P802,BBG00P55P811,OPCPAPS,,,unresolved
S000064669,Invesco U.S. Government Money Portfolio,549300N5HO148P5GJU47,US0014221040,GLEIF,BBG00NXBS249,BBG00NXBS258,GMCXX,,,unresolved
S000064669,Invesco U.S. Government Money Portfolio,549300N5HO148P5GJU47,US0014222030,GLEIF,BBG00P950ZQ7,BBG00WJTVZN8,OMBXX,,,unresolved
S000064669,Invesco U.S. Government Money Portfolio,549300N5HO148P5GJU47,US0014223020,GLEIF,BBG00NXBS203,BBG00NXBS212,GMLXX,,,unresolved
S000064669,Invesco U.S. Government Money Portfolio,549300N5HO148P5GJU47,US0014224010,GLEIF,BBG00NXBS1Y8,BBG00NXBS1Z7,GMRXX,,,unresolved
S000064702,Invesco Core Bond Fund,549300XXP1PITXZJK016,US00143W1071,GLEIF,BBG00P4J2YY4,BBG00P4J2YZ3,OPIGX,,,unresolved
S000064702,Invesco Core Bond Fund,549300XXP1PITXZJK016,US00143W2061,GLEIF,BBG00P4J2ZC5,BBG00P4J2ZD4,OPBCX,,,unresolved
S000064702,Invesco Core Bond Fund,549300XXP1PITXZJK016,US00143W3051,GLEIF,BBG00P4J3B46,BBG00P4J3B64,OPBYX,,,unresolved
S000064702,Invesco Core Bond Fund,549300XXP1PITXZJK016,US00143W4042,GLEIF,BBG00P4J37V5,BBG00P4J37X3,OPBNX,,,unresolved
S000064702,Invesco Core Bond Fund,549300XXP1PITXZJK016,US00143W6021,SEC-NPORT,BBG00P4J32M6,BBG00P4J32N5,OPBIX,,,unresolved
S000064706,Invesco Developing Markets Fund,5493007M7L0S0RQPVO20,US00143W8597,SEC-NPORT,BBG00P52RXN7,BBG00P52RXP5,ODVIX,,,unresolved
S000064708,Invesco Global Strategic Income Fund,5493008ONMVUBK1SII17,US00143K7569,SEC-NPORT,BBG00P4GP4H0,BBG00P4GP4J8,OSIIX,,,unresolved
S000064709,Invesco International Bond Fund,549300J2M4RECICIYD26,US00143K6249,SEC-NPORT,BBG00P4HPZR8,BBG00P4HPZW2,OIBIX,,,unresolved
S000064710,Invesco Discovery Mid Cap Growth Fund,549300OFGSWRR02LIO48,US00143W7847,SEC-NPORT,BBG00P52SJ20,BBG00P52SJ39,OEGIX,,,unresolved
S000064714,Capital Group Central Cash Fund,549300YD0SRETB6WWP29,US14020B1026,GLEIF,BBG00N2XKSP3,BBG00N2XKSQ2,CMQXX,,,unresolved
S000064735,Virtus Seix Senior Loan ETF,5493002FXOZ36VHY8T45,US92790A4058,SEC-NPORT,BBG00NZW3S87,BBG00NZW3T03,SEIX,,,unresolved
S000064752,ARK Fintech Innovation ETF,54930054K1MBIMPS7V72,US00214Q7088,SEC-NPORT,BBG00N7YFK60,BBG00N7YFKY9,ARKF,,,unresolved
S000064823,Pacer Trendpilot International ETF,549300KJGYSO1R9KZH59,US69374H6835,SEC-NPORT,BBG00P1MDGZ6,BBG00P1MDHQ4,PTIN,,,unresolved
S000064825,Pacer US Cash Cows Growth ETF,549300HJRF0CLOR7S005,US69374H6678,SEC-NPORT,BBG00P1M9DR7,BBG00P1M9FH3,BUL,,,unresolved
S000064832,Preferred Securities and Income SMA Shares,549300PZ4U7PKRGEUV19,US19249N1000,GLEIF,BBG00NB6TMN8,BBG00NB6TMP6,PISHX,,,unresolved
S000064857,Gabelli Pet Parents(TM) Fund,549300LN4RY28L2GXP80,US36256H2067,GLEIF,,,,,,unresolved
S000064872,JPMorgan BetaBuilders U.S. Equity ETF,549300EJQ3KEG14OJS33,US46641Q3992,GLEIF,BBG00NKWFB96,BBG00NKWFC12,BBUS,,,unresolved
S000064886,Harbor International Core Fund,5493000M3CY2CVPEU809,US4115121307,GLEIF,BBG00N2XQBB9,BBG00N2XQBC8,HAONX,,,unresolved
S000064886,Harbor International Core Fund,5493000M3CY2CVPEU809,US4115121554,GLEIF,BBG00N2XQGX4,BBG00N2XQGY3,HAORX,,,unresolved
S000064886,Harbor International Core Fund,5493000M3CY2CVPEU809,US4115121638,GLEIF,BBG00N2XQ2J1,BBG00N2XQ2P4,HAOSX,,,unresolved
S000064903,iShares MSCI Japan Value ETF,54930043LHY0LNJY8S57,US46435U3749,SEC-NPORT,BBG00NJ3YB55,BBG00NJ3YBX4,EWJV,,,unresolved
S000064914,KraneShares MSCI Emerging Markets ex China Index ETF,5493009BC3HOYHW2UH32,US5007677694,SEC-NPORT,BBG00NW3T158,BBG00NW3T1X7,KEMX,,,unresolved
S000064945,iShares U.S. Equity Factor Rotation Active ETF,549300GSJ4RMBYLWSX89,US09290C1036,SEC-NPORT,BBG00NNWBVZ4,BBG00NNWBWQ2,DYNF,,,unresolved
S000064982,North Capital Treasury Money Market Fund,549300YJ7G4PDEJ5M834,US6581863098,SEC-NPORT,BBG00P8SR718,BBG00P8SR727,NCGXX,,,unresolved
S000065032,American Funds Multi-Sector Income Fund,549300J5Z0VG84MLRB27,US02631W1027,GLEIF,BBG00N2Y37Y6,BBG00N2Y37Z5,MIAQX,,,unresolved
S000065032,American Funds Multi-Sector Income Fund,549300J5Z0VG84MLRB27,US02631W2017,GLEIF,BBG00N2Y3810,BBG00N2Y3838,MIAUX,,,unresolved
S000065032,American Funds Multi-Sector Income Fund,549300J5Z0VG84MLRB27,US02631W4096,GLEIF,BBG00N2Y38H3,BBG00N2Y38J1,MIAWX,,,unresolved
S000065032,American Funds Multi-Sector Income Fund,549300J5Z0VG84MLRB27,US02631W5085,GLEIF,BBG00N2Y38N6,BBG00N2Y38P4,MIAYX,,,unresolved
S000065032,American Funds Multi-Sector Income Fund,549300J5Z0VG84MLRB27,US02631W6075,GLEIF,BBG00N2Y3BS4,BBG00N2Y3BT3,MIAZX,,,unresolved
S000065032,American Funds Multi-Sector Income Fund,549300J5Z0VG84MLRB27,US02631W7065,GLEIF,BBG00N2Y3BZ6,BBG00N2Y3C02,CMBKX,,,unresolved
S000065032,American Funds Multi-Sector Income Fund,549300J5Z0VG84MLRB27,US02631W7552,GLEIF,BBG00TJZN5T0,BBG00TJZN5V7,CMBQX,,,unresolved
S000065032,American Funds Multi-Sector Income Fund,549300J5Z0VG84MLRB27,US02631W7636,GLEIF,BBG00TJZN5H3,BBG00TJZN5J1,CMBPX,,,unresolved
S000065032,American Funds Multi-Sector Income Fund,549300J5Z0VG84MLRB27,US02631W7719,GLEIF,BBG00N2Y3C20,BBG00N2Y3C39,RMDUX,,,unresolved
S000065032,American Funds Multi-Sector Income Fund,549300J5Z0VG84MLRB27,US02631W7891,GLEIF,BBG00N2Y3C66,BBG00N2Y3C75,RMDTX,,,unresolved
S000065032,American Funds Multi-Sector Income Fund,549300J5Z0VG84MLRB27,US02631W7974,GLEIF,BBG00N2Y3C84,BBG00N2Y3C93,RMDSX,,,unresolved
S000065032,American Funds Multi-Sector Income Fund,549300J5Z0VG84MLRB27,US02631W8055,GLEIF,BBG00N2Y3MY3,BBG00N2Y3MZ2,CMBLX,,,unresolved
S000065032,American Funds Multi-Sector Income Fund,549300J5Z0VG84MLRB27,US02631W8139,GLEIF,BBG00N2Y3MS0,BBG00N2Y3MT9,RMDRX,,,unresolved
S000065032,American Funds Multi-Sector Income Fund,549300J5Z0VG84MLRB27,US02631W8212,GLEIF,BBG00N2Y3MP3,BBG00N2Y3MQ2,RMDQX,,,unresolved
S000065032,American Funds Multi-Sector Income Fund,549300J5Z0VG84MLRB27,US02631W8394,GLEIF,BBG00N2Y3MV6,BBG00N2Y3MW5,RMDPX,,,unresolved
S000065032,American Funds Multi-Sector Income Fund,549300J5Z0VG84MLRB27,US02631W8477,GLEIF,BBG00N2Y3MF4,BBG00N2Y3MG3,RMDOX,,,unresolved
S000065032,American Funds Multi-Sector Income Fund,549300J5Z0VG84MLRB27,US02631W8543,GLEIF,BBG00N2Y3MC7,BBG00N2Y3MD6,RMDNX,,,unresolved
S000065032,American Funds Multi-Sector Income Fund,549300J5Z0VG84MLRB27,US02631W8881,GLEIF,BBG00N2Y3N08,BBG00N2Y3N17,CMBMX,,,unresolved
S000065046,Frost Total Return Bond Fund,5493003W0I0MNZ4A3J35,US3592468579,SEC-NPORT,BBG000FPRJD2,BBG001T2NC81,FIJEX,,,unresolved
S000065063,WisdomTree Mortgage Plus Bond Fund,549300G1I6Q5G66HEK33,US97717Y7250,SEC-NPORT,BBG00QTQ1895,BBG00QTQ1911,MTGP,,,unresolved
S000065085,NVIT J.P. Morgan U.S. Equity Fund,549300OLVD8F2YR0YK81,US63868J8595,SEC-NPORT,,,,,,unresolved
S000065093,SoFi Select 500 ETF,5493002SGXKUQ3MGPG48,US8863641739,SEC-NPORT,BBG00NV84CX0,BBG00NV84DN9,SFY,,,unresolved
S000065116,Innovator U.S. Equity Power Buffer ETF - April,549300Y2HP4DUKYGEC18,US45782C8709,SEC-NPORT,BBG00NR9Q993,BBG00NR9QB16,PAPR,,,unresolved
S000065117,Innovator U.S. Equity Buffer ETF - April,549300HGJF2U7MR9JD74,US45782C8881,SEC-NPORT,BBG00NR9PSK9,BBG00NR9PT90,BAPR,,,unresolved
S000065136,"X-Square Balanced Fund, LLC",549300Y8CI7NR73VZ434,US98401X1063,GLEIF,BBG00NX1D6D8,BBG00NX1D6F6,SQBFX,,,unresolved
S000065161,VictoryShares US Small Mid Cap Value Momentum ETF,549300DR31EXT2WMIN31,US92647N5683,SEC-NPORT,BBG00HZ6RBT5,BBG00HZ6RCJ4,USVM,,,unresolved
S000065170,AB International Bond Portfolio,549300OD7OEG1Q12BR56,US10923N8130,GLEIF,,,,,,unresolved
S000065170,AB International Bond Portfolio,549300OD7OEG1Q12BR56,US10923N8213,GLEIF,,,,,,unresolved
S000065171,SSGA Emerging Markets Enhanced Index Portfolio,549300J4K1MGLXOCFQ21,US10923N7892,GLEIF,,,,,,unresolved
S000065171,SSGA Emerging Markets Enhanced Index Portfolio,549300J4K1MGLXOCFQ21,US10923N7975,GLEIF,,,,,,unresolved
S000065187,FT Vest U.S. Equity Buffer ETF - August,5493000SGQR02L5NQO23,US33740F8620,SEC-NPORT,BBG00QQFDMF1,BBG00QQFDN69,FAUG,,,unresolved
S000065268,GMO Alternative Allocation Fund,549300NEZ72NVUM4S865,US3620144663,SEC-NPORT,BBG00P8TDW25,BBG00P8TDW34,GAAVX,,,unresolved
S000065272,Leader Capital Short Term High Yield Bond Fund,54930055U85E86N3X724,US52169B1035,SEC-NPORT,BBG000VQ0C19,BBG001T3YTF2,LCCIX,,,unresolved
S000065317,Innovator U.S. Small Cap Power Buffer ETF - October,5493007V6J08W5N0MP80,US45782C5994,SEC-NPORT,BBG00QFNSYR1,BBG00QFNSZH9,KOCT,,,unresolved
S000065320,Innovator International Developed Power Buffer ETF - July,549300RXJDD22G286M17,US45782C7222,SEC-NPORT,BBG00PLYT0V0,BBG00PLYT1X6,IJUL,,,unresolved
S000065329,Innovator Growth-100 Power Buffer ETF - October,549300C0AEXDRDRR3S55,US45782C6158,SEC-NPORT,BBG00QFP0615,BBG00QFP06T5,NOCT,,,unresolved
S000065355,LVIP BlackRock Global Allocation Fund,5493001AWC45RK50G262,US53500Q6199,SEC-NPORT,,,,,,unresolved
S000065372,Innovator U.S. Equity Power Buffer ETF - June,5493001KB2SOSLQWTG78,US45782C7487,SEC-NPORT,BBG00PBD6GG4,BBG00PBD6H63,PJUN,,,unresolved
S000065373,Innovator U.S. Equity Buffer ETF - June,5493004UGZNEHINMNN68,US45782C7552,SEC-NPORT,BBG00PBD5ZW5,BBG00PBD60M2,BJUN,,,unresolved
S000065469,Intermediate Bond Fund,5493000YFWMKNDYQH719,US4377711084,GLEIF,BBG00P1MSLC4,BBG00P1MSLD3,HOIBX,,,unresolved
S000065488,Allspring Special International Small Cap Fund,254900VL4JKV4S2ET634,US9499171653,GLEIF,BBG00PBK5ZK2,BBG00PBK5ZL1,WICRX,,,unresolved
S000065488,Allspring Special International Small Cap Fund,254900VL4JKV4S2ET634,US9499171737,GLEIF,BBG00PBK5ZD0,BBG00PBK5ZF8,WICIX,,,unresolved
S000065632,DoubleLine Emerging Markets Local Currency Bond Fund,549300TMOIYY7BVD4747,US2586205823,SEC-NPORT,BBG00P8T6PZ2,BBG00P8T6Q08,DBELX,,,unresolved
S000065730,ROBO Global(R) Healthcare Technology and Innovation ETF,549300TB74B3776MQJ26,US3015057231,SEC-NPORT,BBG00PH8XS91,BBG00PH8XT17,HTEC,,,unresolved
S000065871,GMO U.S. Small Cap Value Fund,549300326MS588AE2709,US36256V8744,SEC-NPORT,BBG00PP0QXP8,BBG00PP0QXQ7,GCAVX,,,unresolved
S000065918,Nomura Opportunity Fund,549300HRBRR0WUE96N92,US32061M2098,GLEIF,,,,,,unresolved
S000066061,Innovator U.S. Equity Power Buffer ETF - August,549300D4FF5UI0WOGK75,US45782C6802,SEC-NPORT,BBG00PVP3901,BBG00PVP39R2,PAUG,,,unresolved
S000066062,Innovator U.S. Equity Buffer ETF - August,549300LLIZT6ZSQPQ331,US45782C6984,SEC-NPORT,BBG00PVP2Q68,BBG00PVP2QY7,BAUG,,,unresolved
S000066076,Columbia Research Enhanced Core ETF,5493007QSD2LFRRLVI83,US19761L7064,SEC-NPORT,BBG00QDMNK63,BBG00QDMNL89,RECS,,,unresolved
S000066091,Franklin Emerging Market Core Equity (IU) Fund,549300RHSEWP5HCKT350,US35473A5983,SEC-NPORT,BBG00Q011LQ3,BBG00Q011LR2,FCEEX,,,unresolved
S000066092,Franklin International Core Equity (IU) Fund,5493000TU9OU8KKTOX45,US35473A5801,SEC-NPORT,BBG00Q011LL8,BBG00Q011LM7,FCENX,,,unresolved
S000066093,Franklin U.S. Core Equity (IU) Fund,549300EV7Q7FYQ96LR11,US35473A6148,SEC-NPORT,BBG00Q011LT0,BBG00Q011LV7,FCEUX,,,unresolved
S000066141,HCM Defender 100 Index ETF,5493009UVJWVJ3E1I465,US66538R7483,SEC-NPORT,BBG00QJCZD62,BBG00QJCZDY1,QQH,,,unresolved
S000066142,HCM Defender 500 Index ETF,549300EDDAIZBPZQ5F37,US66538R7301,SEC-NPORT,BBG00QJCZKT1,BBG00QJCZLK8,LGH,,,unresolved
S000066172,BlackRock LifePath Dynamic 2065 Fund,549300E56ZI4WKXURA60,US09260W1053,GLEIF,BBG00QKYN5Q0,BBG00QKYN5R9,LPWAX,,,unresolved
S000066172,BlackRock LifePath Dynamic 2065 Fund,549300E56ZI4WKXURA60,US09260W2044,GLEIF,BBG00QKYNBJ5,BBG00QKYNBK3,LPWIX,,,unresolved
S000066172,BlackRock LifePath Dynamic 2065 Fund,549300E56ZI4WKXURA60,US09260W3034,GLEIF,BBG00QKYNB41,BBG00QKYNB50,LPWCX,,,unresolved
S000066172,BlackRock LifePath Dynamic 2065 Fund,549300E56ZI4WKXURA60,US09260W4024,GLEIF,BBG00QKYNBP8,BBG00QKYNBQ7,LPWRX,,,unresolved
S000066281,Direxion Daily Dow Jones Internet Bull 3X Shares,549300XXKV22AN28JF38,US25460E3642,SEC-NPORT,BBG00QRNF7R1,BBG00QRNF8H0,WEBL,,,unresolved
S000066308,Innovator U.S. Equity Power Buffer ETF - September,549300AO0TY6BT87ZL59,US45782C6562,SEC-NPORT,BBG00Q4027Z1,BBG00Q4028Q9,PSEP,,,unresolved
S000066309,Innovator U.S. Equity Buffer ETF - September,549300ZPEJKYILUKOX91,US45782C6646,SEC-NPORT,BBG00Q4022R1,BBG00Q4023H0,BSEP,,,unresolved
S000066377,Franklin U.S. Core Bond ETF,549300IKA3VXH7FL6377,US35473P5531,SEC-NPORT,BBG00Q6LNHW1,BBG00Q6LNJQ4,FLCB,,,unresolved
S000066401,iShares iBonds Dec 2029 Term Corporate ETF,549300O4632FCSLM7T54,US46436E2054,SEC-NPORT,BBG00Q79F605,BBG00Q79F703,IBDU,,,unresolved
S000066532,Goldman Sachs MarketBeta International Equity ETF,549300PSCHS4CU0WAP45,US3814301806,SEC-NPORT,BBG00TSY6WW9,BBG00TSY6XN7,GSID,,,unresolved
S000066533,Goldman Sachs MarketBeta Emerging Markets Equity ETF,549300W8N8I3WPW90678,US3814301640,SEC-NPORT,BBG00TSY78N1,BBG00TSY79F8,GSEE,,,unresolved
S000066535,Goldman Sachs MarketBeta U.S. Equity ETF,549300EMEG7T4I7JWK22,US3814301236,SEC-NPORT,BBG00TSXPD43,BBG00TSXPF39,GSUS,,,unresolved
S000066605,Innovator International Developed Power Buffer ETF - October,549300PPLMFM65WC6S52,US45782C6315,SEC-NPORT,BBG012S32MD2,BBG012S32N86,IOCT,,,unresolved
S000066606,Innovator Emerging Markets Power Buffer ETF - October,549300B8TISSIYO8GZ56,US45782C6232,SEC-NPORT,BBG012S333W2,BBG012S334Q7,EOCT,,,unresolved
S000066608,Zacks Earnings Consistent Portfolio ETF,549300OYEV0F3420ER30,US98888G1058,GLEIF,BBG01292JZ57,BBG01292K070,ZECP,,,unresolved
S000066644,Calvert Emerging Markets Advancement Fund,549300OOWWGW13TF0P06,US1316497171,SEC-NPORT,BBG00QHLYN72,BBG00QHLYN81,CEFIX,,,unresolved
S000066660,Schwab 1-5 Year Corporate Bond ETF,549300YINLHIYYQC2C30,US8085247141,SEC-NPORT,BBG00PZFDDJ9,BBG00PZFDF86,SCHJ,,,unresolved
S000066661,Schwab 5-10 Year Corporate Bond ETF,549300KV6ZY6TYN8HW78,US8085246986,SEC-NPORT,BBG00PZFPFQ3,BBG00PZFPGG2,SCHI,,,unresolved
S000066662,Schwab Long-Term U.S. Treasury ETF,5493006AVMCWPOJLOR38,US8085246804,SEC-NPORT,BBG00PZFJPC3,BBG00PZFJQM0,SCHQ,,,unresolved
S000066679,NVIT GS Emerging Markets Equity Insights Fund,549300TOL4KE6DL7VG33,US63868J8264,SEC-NPORT,BBG00W90ZRK9,BBG00W90ZRL8,NVGSEMY,,,unresolved
S000066680,NVIT GS International Equity Insights Fund,549300G0DMX4NM7W1P30,US63868J8181,SEC-NPORT,BBG00V31QZ90,BBG00V31QZC6,NGSIEIY,,,unresolved
S000066681,NVIT GS Large Cap Equity Fund,54930008BB8AKXCT8A47,US63868J7928,SEC-NPORT,BBG00V31RDJ7,BBG00V31RDK5,NGSLCEY,,,unresolved
S000066682,NVIT GS Small Cap Equity Insights Fund,5493000TJUJDS6YFNW19,US63868J7845,SEC-NPORT,BBG00V31QRR8,BBG00V31QRT6,NGSCEIY,,,unresolved
S000066700,VANGUARD INTERNATIONAL CORE STOCK FUND,549300TJ5BTA81NCGQ40,US9220388071,SEC-NPORT,BBG00Q9D5ZM7,BBG00Q9D5ZN6,VWICX,,,unresolved
S000066706,Pacer Trendpilot US Bond ETF,549300051OR8HO5W5V21,US69374H6421,SEC-NPORT,BBG00QLCL9P2,BBG00QLCLBK2,PTBD,,,unresolved
S000066719,Franklin Systematic Style Premia ETF,549300FEMFRM3FWBHG39,US35473P5465,SEC-NPORT,BBG00R2LVKF6,BBG00R2LVL55,FLSP,,,unresolved
S000066827,Innovator U.S. Equity Power Buffer ETF - November,549300UM6R4DYWWUSK93,US45782C5739,SEC-NPORT,BBG00QPZ1DK5,BBG00QPZ1F93,PNOV,,,unresolved
S000066828,Innovator U.S. Equity Buffer ETF - November,5493007D8SL24MQLNN28,US45782C5812,SEC-NPORT,BBG00QPZ0H72,BBG00QPZ0JC2,BNOV,,,unresolved
S000066839,Western Asset Premier Institutional Government Reserves,549300WB3XRN9YTWFB76,US52470G4947,SEC-NPORT,BBG00QT89414,BBG00QT89423,WACXX,,,unresolved
S000066841,Western Asset Premier Institutional U.S. Treasury Reserves,549300FS1J68EF5THY28,US52470G4780,SEC-NPORT,BBG00QT89487,BBG00QT89496,WAEXX,,,unresolved
S000066862,WCM Small Cap Growth Fund,549300GG92NXXS2KYK78,US46143U1043,GLEIF,BBG00QKF2L16,BBG00QKF2L25,WCMNX,,,unresolved
S000066919,Goldman Sachs Access U.S. Aggregate Bond ETF,549300ECJ6IPOGEJ9870,US38149W1018,SEC-NPORT,BBG00VY1BDQ2,BBG00VY1BFH7,GCOR,,,unresolved
S000066937,VOYA SMALL COMPANY FUND,54930063SJ5DSISZGB11,US92918A8247,SEC-NPORT,BBG0045X2QM9,BBG0045X2QN8,VYSEX,,,unresolved
S000066987,AAM Low Duration Preferred and Income Securities ETF,5493002CPVU78CYSG396,US26922A1988,SEC-NPORT,BBG00QVJRX95,BBG00QVJRY11,PFLD,,,unresolved
S000067043,Franklin OnChain U.S. Government Money Fund,549300RHMKYGLHGI7667,US35473R1041,GLEIF,BBG00XNQN5B5,BBG00XNQN5C4,FOBXX,,,unresolved
S000067063,Harbor Mid Cap Fund,549300FGPW2UTOFLH024,US41152P6097,GLEIF,BBG00QKYSP36,BBG00QKYSP45,HMCRX,,,unresolved
S000067132,Innovator U.S. Equity Power Buffer ETF - December,549300ZAEIRVLHKS5W61,US45782C5408,SEC-NPORT,BBG00QYND0Q1,BBG00QYND1G0,PDEC,,,unresolved
S000067133,Innovator U.S. Equity Buffer ETF - December,549300VULL41028W4I10,US45782C5572,SEC-NPORT,BBG00QYNBZ22,BBG00QYNBZV0,BDEC,,,unresolved
S000067147,Sprott Gold Equity Fund,5493004WPFQGYKPKXS76,US85208P1057,GLEIF,BBG00RHNRKF1,BBG00RHNRKG0,SGDLX,,,unresolved
S000067147,Sprott Gold Equity Fund,5493004WPFQGYKPKXS76,US85208P2048,GLEIF,BBG00RHNRJJ0,BBG00RHNRJK8,SGDIX,,,unresolved
S000067196,AltShares Merger Arbitrage ETF,549300253RKVXL6EB213,US02210T1088,GLEIF,BBG00S7NVQL5,BBG00S7NVRB4,ARB,,,unresolved
S000067203,JPMorgan BetaBuilders International Equity ETF,549300BU8GZGI7U5FB20,US46641Q3570,GLEIF,,,,,,unresolved
S000067203,JPMorgan BetaBuilders International Equity ETF,549300BU8GZGI7U5FB20,US46641Q3653,GLEIF,,,,,,unresolved
S000067203,JPMorgan BetaBuilders International Equity ETF,549300BU8GZGI7U5FB20,US46641Q3737,GLEIF,BBG00QRCN8M9,BBG00QRCN9C8,BBIN,,,unresolved
S000067234,iShares U.S. Tech Breakthrough Multisector ETF,549300WK7RCZ8KBIB253,US46436E5024,SEC-NPORT,BBG00R9J1RC5,BBG00R9J1S33,TECB,,,unresolved
S000067260,BNY Mellon US Large Cap Core Equity ETF,549300LQKBY0N1SODR76,US09661T1079,SEC-NPORT,BBG00RYR67P4,BBG00RYR68F3,BKLC,,,unresolved
S000067282,SP Funds Dow Jones Global Sukuk ETF,549300T032UNSH1TQQ47,US8863647025,SEC-NPORT,BBG00R3N44H5,BBG00R3N4573,SPSK,,,unresolved
S000067283,SP Funds S&P 500 Sharia Industry Exclusions ETF,549300JL4D4SLC04BO54,US8863648015,SEC-NPORT,BBG00R3N9DT7,BBG00R3N9FK1,SPUS,,,unresolved
S000067284,Counterpoint High Yield Trend ETF,5493006HH8Z3PX8JNW39,US66538R7228,SEC-NPORT,BBG00RHHC288,BBG00RHHC331,HYTR,,,unresolved
S000067291,Archer Focus Fund,549300RYLQDDSCDYJQ42,US0394914024,GLEIF,BBG00RCBTGZ7,BBG00RCBTH03,AFOCX,,,unresolved
S000067292,Archer Multi Cap Fund,5493001BJYG4C7QYX582,US0394915013,GLEIF,BBG00RCBTH21,BBG00RCBTH30,ALSMX,,,unresolved
S000067312,NVIT U.S. 130/30 Equity Fund,549300ULEV0UFTRLE172,US63868J7761,SEC-NPORT,BBG00V1KSBM6,BBG00V1KSBN5,N13013Y,,,unresolved
S000067318,NYLI CBRE Global Infrastructure Fund,549300MC8V250GROT805,US56064L2806,GLEIF,BBG00RYR4NV4,BBG00RYR4NW3,VCRQX,,,unresolved
S000067318,NYLI CBRE Global Infrastructure Fund,549300MC8V250GROT805,US56064L2988,GLEIF,BBG00RYR5QV6,BBG00RYR5QW5,VCRIX,,,unresolved
S000067318,NYLI CBRE Global Infrastructure Fund,549300MC8V250GROT805,US56064L3143,GLEIF,BBG00RYR5PN7,BBG00RYR5PP5,VCRCX,,,unresolved
S000067318,NYLI CBRE Global Infrastructure Fund,549300MC8V250GROT805,US56064L3226,GLEIF,BBG00RYR51M1,BBG00RYR51N0,VCRVX,,,unresolved
S000067318,NYLI CBRE Global Infrastructure Fund,549300MC8V250GROT805,US56064L3309,GLEIF,BBG00RYR5P02,BBG00RYR5P11,VCRAX,,,unresolved
S000067319,NYLI CBRE Real Estate Fund,549300YLI7OLZQMGC155,US56064L2236,GLEIF,BBG00RYRFF94,BBG00RYRFFB1,VREQX,,,unresolved
S000067319,NYLI CBRE Real Estate Fund,549300YLI7OLZQMGC155,US56064L2319,GLEIF,,,,,,unresolved
S000067319,NYLI CBRE Real Estate Fund,549300YLI7OLZQMGC155,US56064L2491,GLEIF,BBG00RYRCDC8,BBG00RYRCDD7,CRARX,,,unresolved
S000067319,NYLI CBRE Real Estate Fund,549300YLI7OLZQMGC155,US56064L2566,GLEIF,BBG00RYRCBJ5,BBG00RYRCBK3,CRCRX,,,unresolved
S000067319,NYLI CBRE Real Estate Fund,549300YLI7OLZQMGC155,US56064L2640,GLEIF,BBG00RYRCF06,BBG00RYRCF15,CRVRX,,,unresolved
S000067319,NYLI CBRE Real Estate Fund,549300YLI7OLZQMGC155,US56064L2723,GLEIF,BBG00RYRCB41,BBG00RYRCB50,CLARX,,,unresolved
S000067321,Transamerica Emerging Markets Equity,549300Q6NK6QLC610345,US89360T1604,SEC-NPORT,BBG00QNKFS86,BBG00QNKFS95,TEOOX,,,unresolved
S000067321,Transamerica Emerging Markets Equity,549300Q6NK6QLC610345,US89360T2107,SEC-NPORT,BBG00QNKFRT5,BBG00QNKFRV2,TEOJX,,,unresolved
S000067337,AST Bond Portfolio 2031,5493005G24H2BLRND773,US00771J5276,GLEIF,,,,,,unresolved
S000067348,Innovator Growth-100 Power Buffer ETF - January,54930032U2XZ68O2R197,US45782C4666,SEC-NPORT,BBG00R879SY8,BBG00R879TP6,NJAN,,,unresolved
S000067360,State Street Target Retirement 2065 Fund,549300UVX1GYD3ZQ0N43,US8574921693,GLEIF,BBG00SRLDS97,BBG00SRLDSB4,SSFKX,,,unresolved
S000067360,State Street Target Retirement 2065 Fund,549300UVX1GYD3ZQ0N43,US8574921776,GLEIF,BBG00SRLC4Q2,BBG00SRLC4R1,SSFJX,,,unresolved
S000067508,Xtrackers MSCI Kokusai Equity ETF,549300ALNCOJEH1ZFE35,US2330511351,GLEIF,BBG00RM9THD3,BBG00RM9TJ49,KOKU,,,unresolved
S000067561,iShares iBonds Dec 2026 Term Treasury ETF,549300C67SIRC85IJH34,US46436E8580,SEC-NPORT,BBG00RYR3QV8,BBG00RYR3RM6,IBTG,,,unresolved
S000067562,iShares iBonds Dec 2027 Term Treasury ETF,54930020FRFZSOL6BW27,US46436E8416,SEC-NPORT,BBG00RYR46X9,BBG00RYR47N8,IBTH,,,unresolved
S000067563,iShares iBonds Dec 2028 Term Treasury ETF,549300HVACYCKR8TRD69,US46436E8333,SEC-NPORT,BBG00RYR4K95,BBG00RYR4L11,IBTI,,,unresolved
S000067564,iShares iBonds Dec 2029 Term Treasury ETF,5493007QRU70D2POLC71,US46436E8259,SEC-NPORT,BBG00RYR4QK9,BBG00RYR4R90,IBTJ,,,unresolved
S000067826,Innovator U.S. Equity Power Buffer ETF - February,549300KKER743WGS8602,US45782C4179,SEC-NPORT,BBG00RHZ5C02,BBG00RHZ5CR3,PFEB,,,unresolved
S000067827,Innovator U.S. Equity Buffer ETF - February,549300GKVKMIWP34MQ45,US45782C4336,SEC-NPORT,BBG00RHZ11C7,BBG00RHZ1235,BFEB,,,unresolved
S000067914,American Beacon TwentyFour Sustainable Short Term Bond Fund,549300E3P1MVTODDHB55,US0245261476,GLEIF,BBG00RM7MLJ9,BBG00RM7MLK7,TFBRX,,,unresolved
S000067914,American Beacon TwentyFour Sustainable Short Term Bond Fund,549300E3P1MVTODDHB55,US0245261542,GLEIF,BBG00RM7MLG2,BBG00RM7MLH1,TFBYX,,,unresolved
S000067914,American Beacon TwentyFour Sustainable Short Term Bond Fund,549300E3P1MVTODDHB55,US0245261625,GLEIF,BBG00RM7MLC6,BBG00RM7MLD5,TFBCX,,,unresolved
S000067914,American Beacon TwentyFour Sustainable Short Term Bond Fund,549300E3P1MVTODDHB55,US0245261708,GLEIF,BBG00RM7ML45,BBG00RM7ML54,TFBAX,,,unresolved
S000067917,THRIVENT MID CAP GROWTH FUND,54930051G4QX5TGF8U26,US88588R7098,GLEIF,BBG00SJ79XF4,BBG00SJ79XG3,TMCGX,,,unresolved
S000067918,THRIVENT MID CAP VALUE FUND,54930060NXX58WS4GJ51,US88588R8088,GLEIF,,,,,,unresolved
S000067956,VANGUARD TOTAL INTERNATIONAL BOND II INDEX FUND,549300ROYBGCYUJI4283,US92211J1007,GLEIF,BBG00S2GN9Z7,BBG00S2GNB00,VTIIX,,,unresolved
S000067956,VANGUARD TOTAL INTERNATIONAL BOND II INDEX FUND,549300ROYBGCYUJI4283,US92211J2096,GLEIF,BBG00S2GKY58,BBG00S2GKY76,VTIEX,,,unresolved
S000067956,VANGUARD TOTAL INTERNATIONAL BOND II INDEX FUND,549300ROYBGCYUJI4283,US92211J3086,GLEIF,BBG00S2GLVF2,BBG00S2GLVJ8,VTILX,,,unresolved
S000067959,Hartford Core Bond ETF,54930082MBO8AM8BIK30,US41653L7010,SEC-NPORT,BBG00RPV9B19,BBG00RPV9BV6,HCRB,,,unresolved
S000067974,T. Rowe Price Blue Chip Growth ETF,549300BVE1V7N27YJU96,US87283Q1076,SEC-NPORT,BBG00WGK8XX0,BBG00WGK8YP7,TCHP,,,unresolved
S000067975,T. Rowe Price Dividend Growth ETF,549300KSTQCK8M5RT415,US87283Q4047,SEC-NPORT,BBG00WGK9YC0,BBG00WGK9Z46,TDVG,,,unresolved
S000067976,T. Rowe Price Equity Income ETF,549300491KLLU051IS08,US87283Q2066,SEC-NPORT,BBG00WGK9KP6,BBG00WGK9LG4,TEQI,,,unresolved
S000067977,T. Rowe Price Growth Stock ETF,5493003JB5E3N41RI612,US87283Q3056,SEC-NPORT,BBG00WGK9SQ8,BBG00WGK9TH6,TGRW,,,unresolved
S000068054,Invesco High Yield Bond Factor ETF,549300RW20HYQZ1T7698,US46090A8532,SEC-NPORT,BBG00S9YV5R9,BBG00S9YV6K4,GTOQ,,,unresolved
S000068076,Innovator U.S. Equity Power Buffer ETF - March,549300LI2UXU313PAS05,US45782C3833,SEC-NPORT,BBG00S1NDL50,BBG00S1NDLX9,PMAR,,,unresolved
S000068077,Innovator U.S. Equity Buffer ETF - March,549300CE7N7G6B5IG046,US45782C3916,SEC-NPORT,BBG00S1NCRJ3,BBG00S1NCS83,BMAR,,,unresolved
S000068120,JNL Conservative Allocation Fund,54930038RM77FI8H6T34,US46649U1034,GLEIF,,,,,,unresolved
S000068139,Franklin Ultra Short Bond ETF,549300C2WYDHE3Y9X469,US35473P4963,SEC-NPORT,BBG00W28C0D1,BBG00W28C158,FLUD,,,unresolved
S000068165,JPMorgan BetaBuilders U.S. Mid Cap Equity ETF,549300S2VYDS8QJGW220,US46641Q3406,GLEIF,BBG00S7NJMQ3,BBG00S7NJNG2,BBMC,,,unresolved
S000068203,AllianzIM U.S. Equity Buffer10 Apr ETF,549300FU0BKFKJ4B4S95,US00888H1095,GLEIF,BBG00V5MP3T2,BBG00V5MP4M7,APRT,,,unresolved
S000068204,AllianzIM U.S. Equity Buffer20 Apr ETF,549300SGIMO3F6C4AV23,US00888H2085,GLEIF,BBG00V5MGGY7,BBG00V5MGHR3,APRW,,,unresolved
S000068212,First Trust Horizon Managed Volatility Small/Mid ETF,5493003PJU7KHDQNZ665,US33741Y1001,GLEIF,BBG00SK8GX99,BBG00SK8GY15,HSMV,,,unresolved
S000068282,Innovator Growth-100 Power Buffer ETF - April,5493001F8HD8EHG8OY41,US45782C3346,SEC-NPORT,BBG00SXJYNM8,BBG00SXJYPC4,NAPR,,,unresolved
S000068300,First Trust TCW Securitized Plus ETF,549300HEXD4P8KFVEV63,US33740U1097,GLEIF,BBG00TDPP142,BBG00TDPP1W1,DEED,,,unresolved
S000068402,JPMorgan Equity Premium Income ETF,549300WPLSUZ3ZNSFP07,US46641Q3323,GLEIF,BBG00TSG0RS0,BBG00TSG0SK6,JEPI,,,unresolved
S000068407,JPMorgan International Growth ETF,54930013TIUW8G0FGF89,US46641Q3240,GLEIF,BBG00TSG1FP8,BBG00TSG1GG6,JIG,,,unresolved
S000068467,Lord Abbett Short Duration High Yield Fund,549300PE25FMO4K2B320,US54401T1088,GLEIF,BBG00TCBGFG0,BBG00TCBGFH9,LSYAX,,,unresolved
S000068467,Lord Abbett Short Duration High Yield Fund,549300PE25FMO4K2B320,US54401T2078,GLEIF,BBG00TCBGFQ9,BBG00TCBGFR8,LSYCX,,,unresolved
S000068467,Lord Abbett Short Duration High Yield Fund,549300PE25FMO4K2B320,US54401T5048,SEC-NPORT,BBG00TCBGGP8,BBG00TCBGGQ7,LSYIX,,,unresolved
S000068503,Innovator U.S. Equity Power Buffer ETF - May,549300V5LVD8Z4MBWV67,US45782C3189,SEC-NPORT,BBG00TGM5P90,BBG00TGM5Q16,PMAY,,,unresolved
S000068504,Innovator U.S. Equity Buffer ETF - May,5493005WE81H3J0V7Z10,US45782C3262,SEC-NPORT,BBG00TGLNR34,BBG00TGLNRW2,BMAY,,,unresolved
S000068548,iShares Short Duration High Yield Muni Active ETF,5493005TMJR1Y0YIG732,US0925281083,GLEIF,BBG00ZNLVGL7,BBG00ZNLVHF2,SHYM,,,unresolved
S000068596,Franklin U.S. Treasury Bond ETF,5493008ZZCRVIGT1H265,US35473P4880,SEC-NPORT,BBG00V7V3M12,BBG00V7V3MT2,FLGV,,,unresolved
S000068601,Polar Capital Emerging Market Stars Fund,549300FI3GZWNYUKIJ23,US2382101085,GLEIF,BBG00WFDSXG4,BBG00WFDSXH3,POLEX,,,unresolved
S000068605,FT Vest Laddered Buffer ETF,549300OCPQ9IXM4SN419,US33740F7556,SEC-NPORT,BBG00VC9SYJ3,BBG00VC9SZ91,BUFR,,,unresolved
S000068660,SPDR Bloomberg Emerging Markets USD Bond ETF,549300AVS7LIKUSJG639,US78468R5155,SEC-NPORT,BBG00ZXP9PZ7,BBG00ZXP9R74,EMHC,,,unresolved
S000068675,Stone Ridge Diversified Alternatives Fund,5493007GYLHWZARQJ347,US8617286245,SEC-NPORT,BBG00T68J0K9,BBG00T68J0L8,SRDAX,,,unresolved
S000068768,iShares 0-3 Month Treasury Bond ETF,549300L2T50TTT4U6186,US46436E7186,SEC-NPORT,BBG00TZR7XN3,BBG00TZR7YF0,SGOV,,,unresolved
S000068777,iShares iBonds Dec 2030 Term Corporate ETF,549300WVEN3NVMUAOJ58,US46436E7269,SEC-NPORT,BBG00VJHRT55,BBG00VJHRTY3,IBDV,,,unresolved
S000068789,Guardian All Cap Core VIP Fund,549300TYRR5G8168IB44,US40132B1026,GLEIF,,,,,,unresolved
S000068855,FT Vest U.S. Equity Buffer ETF - July,549300BE8SLJVN6DHL56,US33740U2087,GLEIF,BBG00VZR6JH7,BBG00VZR6K84,FJUL,,,unresolved
S000068868,Innovator U.S. Small Cap Power Buffer ETF - July,549300CHHF0QQZ5ECX59,US45782C2843,SEC-NPORT,BBG00VSHFPY4,BBG00VSHFQQ1,KJUL,,,unresolved
S000068870,Innovator Growth-100 Power Buffer ETF - July,549300Q6DOYRETPGFO86,US45782C2769,SEC-NPORT,BBG00VSHC5T7,BBG00VSHC6L3,NJUL,,,unresolved
S000068882,MFS International Large Cap Value Fund,549300YEW2NKJCMQAR75,US5527434451,SEC-NPORT,BBG00VQS6CD4,BBG00VQS6CF2,MKVHX,,,unresolved
S000068912,iShares iBonds Dec 2030 Term Treasury ETF,549300CROJILV8XWVV73,US46436E5933,SEC-NPORT,BBG00VYKY5M6,BBG00VYKY6D4,IBTK,,,unresolved
S000068960,Natixis Vaughan Nelson Select ETF,549300J0FMLWDQ84IH70,US63875W2089,GLEIF,BBG00X71N3G8,BBG00X71N494,VNSE,,,unresolved
S000069038,Gabelli Growth Innovators ETF,254900RJN75QLTE1OL51,US36261K2024,SEC-NPORT,BBG00Z8M8R70,BBG00Z8M8S23,GGRW,,,unresolved
S000069043,Gabelli Love Our Planet & People ETF,254900WAL6S6ZNKN2295,US36261K1034,SEC-NPORT,BBG00Z3KLS18,BBG00Z3KLSX3,LOPP,,,unresolved
S000069108,BlackRock Sustainable Advantage Emerging Markets Equity Fund,549300WEROAOHPEE5K06,US09260J8568,SEC-NPORT,BBG00W9MJSC6,BBG00W9MJSD5,BLZKX,,,unresolved
S000069152,Simplify US Equity PLUS Convexity ETF,549300YJCONMPU506325,US82889N1037,GLEIF,BBG00X4STNM5,BBG00X4STPH6,SPYC,,,unresolved
S000069153,Simplify US Equity PLUS Downside Convexity ETF,5493005IUPGRID3FRL19,US82889N2027,GLEIF,BBG00X4STRP3,BBG00X4STSJ8,SPD,,,unresolved
S000069154,Simplify US Equity PLUS Upside Convexity ETF,549300CV9WBB54HLYP95,US82889N3017,GLEIF,BBG00X4STWS9,BBG00X4STXM3,SPUC,,,unresolved
S000069181,AllianzIM U.S. Equity Buffer10 Jul ETF,549300SMXM7EEOIKBQ04,US00888H3075,GLEIF,BBG00VSHDLY5,BBG00VSHDMS0,JULT,,,unresolved
S000069182,AllianzIM U.S. Equity Buffer20 Jul ETF,549300NLOX8K4SZNWT16,US00888H4065,SEC-NPORT,BBG00VSHDJL4,BBG00VSHDKC1,JULW,,,unresolved
S000069185,JPMorgan BetaBuilders U.S. Small Cap Equity ETF,549300LKK9I7ORHNOS29,US46641Q2903,GLEIF,BBG00X0VP3B2,BBG00X0VP439,BBSC,,,unresolved
S000069363,Invesco BulletShares 2030 Corporate Bond ETF,549300MD9XDNCUMOK111,US46138J4601,SEC-NPORT,BBG00X3HYB22,BBG00X3HYBX8,BSCU,,,unresolved
S000069392,American Beacon NIS Core Plus Bond Fund,549300MEGDO7715JGW54,US0245261138,GLEIF,BBG00XGK2M22,BBG00XGK2M31,NISYX,,,unresolved
S000069392,American Beacon NIS Core Plus Bond Fund,549300MEGDO7715JGW54,US0245261211,GLEIF,BBG00XGK2M04,BBG00XGK2M13,NISCX,,,unresolved
S000069392,American Beacon NIS Core Plus Bond Fund,549300MEGDO7715JGW54,US0245261393,GLEIF,BBG00XGK2JL8,BBG00XGK2JM7,NISAX,,,unresolved
S000069392,American Beacon NIS Core Plus Bond Fund,549300MEGDO7715JGW54,US02452A1060,GLEIF,BBG00XGK2M40,BBG00XGK2M59,NISRX,,,unresolved
S000069432,Dimensional US Core Equity Market ETF,549300O3PQG5V42IUV84,US25434V1044,GLEIF,BBG00Y2JFZG0,BBG00Y2JG0C0,DFAU,,,unresolved
S000069433,Dimensional International Core Equity Market ETF,54930095KJRG74HDT020,US25434V2034,GLEIF,BBG00Y2PGCR4,BBG00Y2PGDN6,DFAI,,,unresolved
S000069448,Invesco NASDAQ 100 ETF,549300TKJ3EA6QHM7D23,US46138G6492,SEC-NPORT,BBG00XS6PB10,BBG00XS6PBW6,QQQM,,,unresolved
S000069449,Invesco NASDAQ Next Gen 100 ETF,549300CKS0D8S1MUG089,US46138G6310,SEC-NPORT,BBG00XS1BW29,BBG00XS1BWX5,QQQJ,,,unresolved
S000069460,ALPS Balanced Opportunity Fund,549300IDI3QJ70E1U194,US31761T1007,GLEIF,BBG00XDJD9V3,BBG00XDJD9W2,ALIBX,,,unresolved
S000069460,ALPS Balanced Opportunity Fund,549300IDI3QJ70E1U194,US31761T2096,GLEIF,BBG00XDJCW07,BBG00XDJCW16,ALABX,,,unresolved
S000069460,ALPS Balanced Opportunity Fund,549300IDI3QJ70E1U194,US31761T3086,GLEIF,BBG00XDJD541,BBG00XDJD550,ALCBX,,,unresolved
S000069460,ALPS Balanced Opportunity Fund,549300IDI3QJ70E1U194,US31761T4076,GLEIF,BBG00XDJD6V9,BBG00XDJD6W8,ALPBX,,,unresolved
S000069461,ALPS | Smith Credit Opportunities Fund,5493005SGUFDPSMMPO13,US31761T5065,GLEIF,BBG00XDJFLZ0,BBG00XDJFM06,SMCVX,,,unresolved
S000069461,ALPS | Smith Credit Opportunities Fund,5493005SGUFDPSMMPO13,US31761T6055,GLEIF,BBG00XDJFBM6,BBG00XDJFBN5,SMCAX,,,unresolved
S000069461,ALPS | Smith Credit Opportunities Fund,5493005SGUFDPSMMPO13,US31761T7046,GLEIF,BBG00XDJFJ21,BBG00XDJFJ30,SMCCX,,,unresolved
S000069461,ALPS | Smith Credit Opportunities Fund,5493005SGUFDPSMMPO13,US31761T8036,GLEIF,BBG00XDJFKS0,BBG00XDJFKT9,SMCRX,,,unresolved
S000069477,Modern Capital Tactical Income Fund,549300VBKEL6G7NEPM08,US60754R1023,GLEIF,BBG00YG4VMQ8,BBG00YG4VMR7,MCTOX,,,unresolved
S000069477,Modern Capital Tactical Income Fund,549300VBKEL6G7NEPM08,US60754R2013,GLEIF,BBG00YG4VMT5,BBG00YG4VMV2,MCTDX,,,unresolved
S000069480,Waycross Focused Core Equity Fund,54930011NRTTTC7QRD33,US9441741017,GLEIF,BBG00XNQGCR1,BBG00XNQGCS0,WAYFX,,,unresolved
S000069522,AllianzIM U.S. Equity Buffer20 Oct ETF,54930038447385CN5E67,US00888H5054,SEC-NPORT,BBG00XPR1847,BBG00XPR18Z3,OCTW,,,unresolved
S000069542,LHA Market State Tactical Beta ETF,549300J7TS7FC4GG7Z81,US26922B1052,GLEIF,BBG00XNQJ398,BBG00XNQJ441,MSTB,,,unresolved
S000069546,PIMCO All Asset: Multi-Real Fund,549300DK9U45IA3M6928,US72203G1085,SEC-NPORT,,,,,,unresolved
S000069547,PIMCO All Asset: Multi-RAE PLUS Fund,549300106MVSE68XN136,US72203G2075,SEC-NPORT,,,,,,unresolved
S000069564,VELA Small Cap Fund,549300SE8BRG0OLRTP40,US92262L1035,GLEIF,BBG00XJFG1F7,BBG00XJFG1G6,VESAX,,,unresolved
S000069656,CCT Thematic Equity Fund,549300SCJYWF4YNVU165,US00774Q3535,GLEIF,BBG00XGJ02R4,BBG00XGJ02S3,THMEX,,,unresolved
S000069705,Janus Henderson AAA CLO ETF,549300N7UZ9PO4OVKA94,US47103U8457,SEC-NPORT,BBG00XX897J8,BBG00XX898D2,JAAA,,,unresolved
S000069725,Dodge & Cox Emerging Markets Stock Fund,549300GBN4B4NFJREX02,US2562064004,GLEIF,BBG010VX2RL6,BBG010VX2RM5,DODEX,,,unresolved
S000069818,Core Bond Fund,549300HO1U9S8E3RQL94,US91915R5413,SEC-NPORT,BBG00Y3Z4PF8,BBG00Y3Z4PG7,VCBDX,,,unresolved
S000069819,High Yield Bond Fund,5493003VA7OYSN4UJ156,US91915R5330,SEC-NPORT,BBG00Y3Z4QG5,BBG00Y3Z4QH4,VHYLX,,,unresolved
S000069850,GMO-Usonian Japan Value Creation Fund,549300000UZYKHHPND29,US36256V6433,SEC-NPORT,BBG00XZYC983,BBG00XZYC9B9,GMAHX,,,unresolved
S000069852,iShares iBonds 2026 Term High Yield and Income ETF,549300XKDXRNM5M5I633,US46436E5289,SEC-NPORT,BBG00Y1B7WC8,BBG00Y1B7X63,IBHF,,,unresolved
S000069930,T. Rowe Price U.S. Limited Duration TIPS Index Fund,549300H9945456GGYS20,US87283F5070,GLEIF,BBG00XZY7VZ0,BBG00XZY7W06,TLDTX,,,unresolved
S000069930,T. Rowe Price U.S. Limited Duration TIPS Index Fund,549300H9945456GGYS20,US87283F6060,GLEIF,BBG00XZY8675,BBG00XZY8684,TLDUX,,,unresolved
S000069930,T. Rowe Price U.S. Limited Duration TIPS Index Fund,549300H9945456GGYS20,US87283F7050,GLEIF,BBG00XZY9DV2,BBG00XZY9DW1,TLDZX,,,unresolved
S000069948,Democratic Large Cap Core ETF,549300M5EXXX4OS3ZE95,US00774Q3469,GLEIF,BBG00Y29K750,BBG00Y29K803,DEMZ,,,unresolved
S000070018,ETFB Green SRI REITs ETF,5493002W0E8K4UD8QD78,US26922A3216,SEC-NPORT,BBG00MC56296,BBG00MC56321,DSTL,,,unresolved
S000070063,The E-Valuator Moderate (50%-70%) RMS Fund,549300UHZ1RJ3703B329,US26929K1088,GLEIF,BBG00CXLX263,BBG00CXLX272,EVMLX,,,unresolved
S000070087,FT Vest Gold Strategy Target Income ETF,549300HKD3KY76XPNM71,US33733E8562,SEC-NPORT,BBG00ZDRM9Q6,BBG00ZDRMBK7,IGLD,,,unresolved
S000070143,KraneShares Mount Lucas Managed Futures Index Strategy ETF,549300PX8VC0XNHU3M82,US5007676522,SEC-NPORT,BBG00YD8RHH8,BBG00YD8RJB0,KMLM,,,unresolved
S000070171,LVIP BlackRock Equity Dividend Fund,54930000LWA9JA0CHY79,US53500Q1307,SEC-NPORT,,,,,,unresolved
S000070198,SouthernSun Small Cap Fund,549300J3C6X3PT4RE218,US00774Q1554,GLEIF,BBG000SKG4N3,BBG001T45W92,SSSIX,,,unresolved
S000070198,SouthernSun Small Cap Fund,549300J3C6X3PT4RE218,US00774Q1638,GLEIF,BBG000QNP306,BBG001SN9435,SSSFX,,,unresolved
S000070199,SouthernSun U.S. Equity Fund,54930085KT1KEQP3UQ57,US00774Q1711,GLEIF,,,,,,unresolved
S000070199,SouthernSun U.S. Equity Fund,54930085KT1KEQP3UQ57,US00774Q1893,GLEIF,BBG002055D63,BBG002055D72,SSEFX,,,unresolved
S000070256,First Foundation Fixed Income Fund,549300ZX1F6RSOYD3766,US00774Q2396,GLEIF,BBG00YV428J2,BBG00YV428K0,FFBYX,,,unresolved
S000070256,First Foundation Fixed Income Fund,549300ZX1F6RSOYD3766,US00774Q2479,GLEIF,BBG00YV428B0,BBG00YV428C9,FFBAX,,,unresolved
S000070257,First Foundation Total Return Fund,549300SJF67OSDFU9488,US00774Q2131,GLEIF,BBG00YV42857,BBG00YV42866,FBBYX,,,unresolved
S000070257,First Foundation Total Return Fund,549300SJF67OSDFU9488,US00774Q2214,GLEIF,BBG00YV42802,BBG00YV42811,FBBAX,,,unresolved
S000070301,LVIP SSGA Nasdaq-100 Index Fund,5493002XTPO5R3VNLI81,US53500Q5696,SEC-NPORT,,,,,,unresolved
S000070332,AllianzIM U.S. Equity Buffer20 Jan ETF,549300YGTVYUDRIV0S50,US00888H8025,SEC-NPORT,BBG00YPGMCV7,BBG00YPGMDP2,JANW,,,unresolved
S000070335,AST Bond Portfolio 2032,549300GH7S3051PPHK29,US00771J4931,GLEIF,,,,,,unresolved
S000070348,Xtrackers S&P MidCap 400 Scored & Screened ETF,549300EQOCGL356KUY23,US2330511278,GLEIF,BBG00ZF1SK62,BBG00ZF1SL15,MIDE,,,unresolved
S000070373,Swan Hedged Equity US Large Cap ETF,549300Y53A5E7UC3Z264,US53656F5998,SEC-NPORT,BBG00YN70X92,BBG00YN70Y45,HEGD,,,unresolved
S000070374,Pacer Swan SOS Conservative (January) ETF,549300ZY519PMQ5IQ329,US69374H5845,GLEIF,BBG00YN7CS36,BBG00YN7CSY2,PSCX,,,unresolved
S000070375,Pacer Swan SOS Flex (April) ETF,549300GG752BLYT7Q636,US69374H4772,GLEIF,BBG00ZNLMR60,BBG00ZNLMS13,PSFM,,,unresolved
S000070376,Pacer Swan SOS Flex (July) ETF,5493001LYRVYK3NCHR21,US69374H4699,GLEIF,BBG011MN2G21,BBG011MN2GX7,PSFJ,,,unresolved
S000070377,Pacer Swan SOS Flex (October) ETF,549300MV4KSMHSWOHB54,US69374H4517,GLEIF,BBG012S0S9B1,BBG012S0SBG1,PSFO,,,unresolved
S000070378,Pacer Swan SOS Fund of Funds ETF,549300QDH5D469DP0J45,US69374H5688,GLEIF,BBG00YPGN382,BBG00YPGN435,PSFF,,,unresolved
S000070379,Pacer Swan SOS Conservative (April) ETF,549300OJYDN3HLFSVU35,US69374H5431,GLEIF,BBG00ZNLMMF1,BBG00ZNLMN96,PSCW,,,unresolved
S000070380,Pacer Swan SOS Conservative (July) ETF,549300T1XC7LMTEQ2A03,US69374H5357,GLEIF,BBG011MMZ6S1,BBG011MMZ7M5,PSCJ,,,unresolved
S000070381,Pacer Swan SOS Conservative (October) ETF,5493006VOQFPEG4HRJ04,US69374H5274,GLEIF,BBG012S0RHT5,BBG012S0RK18,PSCQ,,,unresolved
S000070382,Pacer Swan SOS Moderate (January) ETF,549300X6QFBSFDXQD161,US69374H5506,GLEIF,BBG00YN798G0,BBG00YN799C2,PSMD,,,unresolved
S000070383,Pacer Swan SOS Moderate (April) ETF,54930061QGBBDJHJ0X35,US69374H5191,GLEIF,BBG00ZNLMG82,BBG00ZNLMH53,PSMR,,,unresolved
S000070384,Pacer Swan SOS Moderate (July) ETF,549300UGPUYHFJG1WR72,US69374H4939,GLEIF,BBG011MN46F7,BBG011MN47C8,PSMJ,,,unresolved
S000070385,Pacer Swan SOS Moderate (October) ETF,5493006IK6591U4H8E38,US69374H4855,GLEIF,BBG012S0SYM4,BBG012S0SZG8,PSMO,,,unresolved
S000070386,Pacer Swan SOS Flex (January) ETF,549300ARLLCB0183OD33,US69374H5761,GLEIF,BBG00YN7F4T8,BBG00YN7F5R7,PSFD,,,unresolved
S000070461,SP Funds S&P Global REIT Sharia ETF,549300LFRV9YWDB14776,US8863647694,SEC-NPORT,BBG00YPTRSX7,BBG00YPTRTR2,SPRE,,,unresolved
S000070550,Nationwide GQG US Quality Equity Fund,549300QU06YPSGOZII79,US63868D6967,SEC-NPORT,BBG00Z0Y62T5,BBG00Z0Y62V2,NWAVX,,,unresolved
S000070551,T. Rowe Price Transition Fund,549300SB1TPJU7WGZG92,US87283Y1001,GLEIF,BBG00Z0Z2644,BBG00Z0Z2653,TTNFX,,,unresolved
S000070567,Virtus Newfleet ABS/MBS ETF,549300OXQOLOW6OELM19,US92790A6038,SEC-NPORT,BBG00Z6QCLF2,BBG00Z6QCM88,VABS,,,unresolved
S000070682,JOHCM Emerging Markets Opportunities Fund,549300XSPRLPZQSLR003,US46653M1045,GLEIF,BBG011WHBK79,BBG011WHBK88,JOEMX,,,unresolved
S000070682,JOHCM Emerging Markets Opportunities Fund,549300XSPRLPZQSLR003,US46653M2035,GLEIF,BBG011WHBTZ9,BBG011WHBV39,JOEIX,,,unresolved
S000070748,Innovator U.S. Equity Accelerated 9 Buffer ETF - April,549300UBNAQWIN8J1N30,US45783Y3018,GLEIF,BBG00ZNB6KP4,BBG00ZNB6LJ9,XBAP,,,unresolved
S000070749,Innovator U.S. Equity Accelerated Plus ETF - April,549300Y4KLPPYNDBRD46,US45783Y4008,GLEIF,BBG00ZVW2SB1,BBG00ZVW2T65,XTAP,,,unresolved
S000070756,Small Cap Growth Fund,549300CBSA7V41FZ3N09,US91915R4671,SEC-NPORT,BBG00ZF3JFY8,BBG00ZF3JFZ7,VVSGX,,,unresolved
S000070878,Innovator Growth Accelerated ETF - Quarterly,549300DQFEU8N5GDU833,US45783Y6086,GLEIF,BBG00ZVW4BV4,BBG00ZVW4CP9,XDQQ,,,unresolved
S000070879,Innovator U.S. Equity Accelerated ETF - Quarterly,549300UWCYU2J9ZS4518,US45783Y1038,GLEIF,BBG00ZNB6N41,BBG00ZNB6NZ7,XDSQ,,,unresolved
S000070880,Innovator Growth Accelerated Plus ETF - April,549300KW5NSI4QOYK341,US45783Y5096,GLEIF,BBG00ZVW6H76,BBG00ZVW6J45,QTAP,,,unresolved
S000070902,Dimensional U.S. Equity Market ETF,549300TG4GW6UKRIBD35,US25434V4014,SEC-NPORT,BBG011DXXMP7,BBG011DXXNJ2,DFUS,,,unresolved
S000070903,Dimensional U.S. Core Equity 2 ETF,54930056FNVIE1543D41,US25434V7082,SEC-NPORT,BBG011DXY5J0,BBG011DXY6D4,DFAC,,,unresolved
S000070904,Dimensional International Value ETF,549300F3EUNKP4DGBS58,US25434V8072,SEC-NPORT,BBG012G21X53,BBG012G21Y06,DFIV,,,unresolved
S000070906,Dimensional U.S. Small Cap ETF,549300ZX1UG1MY980943,US25434V5003,SEC-NPORT,BBG011DXXTS9,BBG011DXXVM0,DFAS,,,unresolved
S000070948,JPMorgan Hedged Equity 2 Fund,549300KQSTZV0LYBF836,US46645V3520,SEC-NPORT,BBG00ZFDFR47,BBG00ZFDFR56,JHDRX,,,unresolved
S000070949,JPMorgan Hedged Equity 3 Fund,549300Y1I7MNW5VXQZ94,US46645V2951,SEC-NPORT,BBG00ZFDFRS1,BBG00ZFDFRT0,JHTRX,,,unresolved
S000070974,Invesco International Developed Dynamic Multifactor ETF,549300JDAPK7UXBKGQ42,US46138J4379,SEC-NPORT,BBG00ZDRP4M8,BBG00ZDRP5G2,IMFL,,,unresolved
S000070976,iShares Intermediate Muni Income Active ETF,549300VXGQ30Q3P8YF70,US0925282073,GLEIF,BBG00ZNLVSB2,BBG00ZNLVT57,INMU,,,unresolved
S000071090,JPMorgan Short Duration Core Plus ETF,549300V5YHFS27F77L35,US46641Q2747,GLEIF,BBG00Z6Q0SG9,BBG00Z6Q0T95,JSCP,,,unresolved
S000071131,Fidelity Investment Grade Bond ETF,549300X4MUYWBSV82480,US3161886060,SEC-NPORT,BBG00ZGX8833,BBG00ZGX8904,FIGB,,,unresolved
S000071131,Fidelity Investment Grade Bond ETF,549300X4MUYWBSV82480,US67120MAA36,SEC-NPORT,BBG01QKK4JG1,,OHACP 2024-17A A,,,unresolved
S000071131,Fidelity Investment Grade Bond ETF,549300X4MUYWBSV82480,US67120NAA19,SEC-NPORT,BBG01QKK4JQ0,,OHACP 2024-17A E,,,unresolved
S000071156,NYLI MacKay Core Plus Bond ETF,549300LXJK55YI2K3A41,US45409F7859,SEC-NPORT,BBG011KPTNT5,BBG011KPTPQ3,CPLB,,,unresolved
S000071185,JPMorgan ActiveBuilders Emerging Markets Equity ETF,549300YT4VMRJKDB1P44,US46641Q2663,GLEIF,BBG00Z6Q89Q2,BBG00Z6Q8BL2,JEMA,,,unresolved
S000071197,Schwab International Dividend Equity ETF,5493009QTNWRUFDATU94,US8085246721,SEC-NPORT,BBG00Z60CGG9,BBG00Z60CHB2,SCHY,,,unresolved
S000071226,Destinations Shelter Fund,549300A0C4K3CITPIW48,US10964R7492,GLEIF,BBG01185QC10,BBG01185QC38,DSHZX,,,unresolved
S000071226,Destinations Shelter Fund,549300A0C4K3CITPIW48,US10964R7567,GLEIF,BBG01185QGY5,BBG01185QH00,DSHFX,,,unresolved
S000071399,VANGUARD ULTRA-SHORT BOND ETF,5493007JE7V8J9D1LN10,US92203C3034,SEC-NPORT,BBG00ZXBYLZ9,BBG00ZXBYMT4,VUSB,,,unresolved
S000071448,PGIM Active Aggregate Bond ETF,549300KFPDHWRO1PJP18,US69344A7019,SEC-NPORT,BBG0100R2CT8,BBG0100R2DP0,PAB,,,unresolved
S000071477,TFA AlphaGen Growth Fund,5493004KY7I40ND20T09,US87357J1043,GLEIF,BBG011RW19V1,BBG011RW19W0,TFAGX,,,unresolved
S000071480,TFA Tactical Income Fund,5493008TLLZEF5IJWY68,US87357J2033,GLEIF,,,,,,unresolved
S000071480,TFA Tactical Income Fund,5493008TLLZEF5IJWY68,US87357J3023,GLEIF,BBG012BFLQ61,BBG012BFLQ70,TFAZX,,,unresolved
S000071511,Capital Group Central Corporate Bond Fund,549300UY3V0C1Q1DAW77,US14020L1008,GLEIF,BBG010HF8LC8,BBG010HF8LF5,CCBFX,,,unresolved
S000071562,ARGA Emerging Markets Value Fund,54930048ZFLXP7RHY777,US00775Y1082,GLEIF,BBG010H59D00,BBG010H59D19,ARMVX,,,unresolved
S000071562,ARGA Emerging Markets Value Fund,54930048ZFLXP7RHY777,US00775Y2072,GLEIF,BBG010H599K7,BBG010H599L6,ARMIX,,,unresolved
S000071586,AB Sustainable Thematic Credit Portfolio,254900FK56JKM7UF4337,US0185295039,GLEIF,BBG010ZMGNP6,BBG010ZMGNQ5,STHAX,,,unresolved
S000071586,AB Sustainable Thematic Credit Portfolio,254900FK56JKM7UF4337,US0185296029,GLEIF,BBG010ZMGNK1,BBG010ZMGNL0,STHYX,,,unresolved
S000071589,DGI BALANCED FUND,549300364OZKYHY9IN08,PR23292A1062,GLEIF,,,,,,unresolved
S000071604,T. Rowe Price U.S. Equity Research ETF,549300G9627FK2SYEV38,US87283Q5036,SEC-NPORT,BBG011C7D841,BBG011C7D903,TSPA,,,unresolved
S000071674,AlphaCentric Real Income Fund,549300YDYHXBQRIQH163,US62827Q1031,GLEIF,BBG0119BBQ20,BBG0119BBQ39,SIIAX,,,unresolved
S000071674,AlphaCentric Real Income Fund,549300YDYHXBQRIQH163,US62827Q2021,GLEIF,BBG0119BBQV8,BBG0119BBQW7,SIICX,,,unresolved
S000071674,AlphaCentric Real Income Fund,549300YDYHXBQRIQH163,US62827Q3011,GLEIF,BBG0119BBQX6,BBG0119BBQY5,SIIIX,,,unresolved
S000071684,Philotimo Focused Growth & Income Fund,5493003CD8K6JW8BZH38,US98148L1008,GLEIF,BBG010T18SM0,BBG010T18SN9,PHLOX,,,unresolved
S000071695,MFS Municipal Intermediate Fund,549300PSMWF1MUF80F76,US55283C1053,GLEIF,BBG0113S7RT3,BBG0113S7RV0,MIUAX,,,unresolved
S000071695,MFS Municipal Intermediate Fund,549300PSMWF1MUF80F76,US55283C2044,GLEIF,BBG0113S7S20,BBG0113S7S48,MIUCX,,,unresolved
S000071695,MFS Municipal Intermediate Fund,549300PSMWF1MUF80F76,US55283C3034,GLEIF,BBG0113S7S93,BBG0113S7SB0,MIUIX,,,unresolved
S000071695,MFS Municipal Intermediate Fund,549300PSMWF1MUF80F76,US55283C4024,GLEIF,BBG0113S7SD8,BBG0113S7SF6,MIURX,,,unresolved
S000071709,Putnam Focused Large Cap Growth ETF,549300QG106ILQU23214,US7467294093,GLEIF,BBG0115QJ958,BBG0115QJB08,PGRO,,,unresolved
S000071710,Putnam Focused Large Cap Value ETF,549300I6YUFRH81I6G12,US7467293004,GLEIF,BBG0115QXZK7,BBG0115QY0G8,PVAL,,,unresolved
S000071711,Putnam Sustainable Future ETF,549300D5SWQ6IG0LO281,US7467292014,GLEIF,,,,,,unresolved
S000071712,Putnam Sustainable Leaders ETF,5493001OLEMXT8OPWE88,US7467291024,GLEIF,,,,,,unresolved
S000071770,iShares BBB Rated Corporate Bond ETF,549300LLQ2RTRMS0KN04,US46436E4944,SEC-NPORT,BBG010WR5JX0,BBG010WR5KS3,LQDB,,,unresolved
S000071835,Nationwide Bond Portfolio,549300UDNENJLHLCX577,US63868D6629,SEC-NPORT,BBG0116Z3T69,BBG01190ZTJ4,NWBDPR6,,,unresolved
S000071892,BrandywineGLOBAL - HIGH YIELD FUND,549300S5DI1UCBY1J672,US52472T7182,SEC-NPORT,BBG011YXKYD5,BBG011YXKYF3,BGHSX,,,unresolved
S000072128,Fidelity Climate Action Fund,549300MSZB8PM85TLO93,US3164331015,GLEIF,BBG011FSCQY0,BBG011FSCQZ9,FCAEX,,,unresolved
S000072129,Fidelity Sustainable U.S. Equity Fund,5493004JU4M5T1A5YC57,US3164332005,GLEIF,BBG011FSF225,BBG011FSF234,FSEBX,,,unresolved
S000072204,iShares iBonds Dec 2031 Term Corporate ETF,549300LR0SMCL4YVFM54,US46436E4860,SEC-NPORT,BBG011HVQRP4,BBG011HVQSJ9,IBDW,,,unresolved
S000072257,Pacer Metaurus US Large Cap Dividend Multiplier 400 ETF,549300WLCRDVWU0SG579,US69374H4368,GLEIF,BBG011RJYMP2,BBG011RJYNJ7,QDPL,,,unresolved
S000072335,iShares iBonds 2027 Term High Yield and Income ETF,5493002OU5L552ZLNH92,US46436E4787,SEC-NPORT,BBG011MMQVF0,BBG011MMQW86,IBHG,,,unresolved
S000072376,Innovator U.S. Equity Accelerated Plus ETF - July,5493001KY1KYWQ816U41,US45783Y8066,GLEIF,BBG011MFTG47,BBG011MFTGZ3,XTJL,,,unresolved
S000072377,Innovator U.S. Equity Accelerated 9 Buffer ETF - July,549300SWPL8V1XB1YF98,US45783Y8892,SEC-NPORT,BBG011MFTMF2,BBG011MFTNG9,XBJL,,,unresolved
S000072426,GMO Emerging Markets ex-China Fund,549300175HXW4M6BSD82,US36256V5518,SEC-NPORT,BBG011N53YM7,BBG011N53YN6,GMAQX,,,unresolved
S000072458,TCW Transform Systems ETF,5493003PS37XTBOZF328,US29287L2051,SEC-NPORT,BBG0151Q71J8,BBG0151Q72C3,PWRD,,,unresolved
S000072466,WisdomTree Short-Term Treasury Digital Fund,5493007G0CNLU0DGDZ73,US97717K1051,GLEIF,BBG01BTKY5D5,BBG01BV1Q5K5,WTSYX,,,unresolved
S000072501,BNY Mellon Ultra Short Income ETF,5493005Z6KHXJUQ2E041,US09661T8595,SEC-NPORT,BBG0122M5L01,BBG0122M5LV7,BKUI,,,unresolved
S000072540,Global X S&P 500 Tail Risk ETF,549300PIANMK77Y4OQ26,US37960A1079,GLEIF,BBG01293DB09,BBG01293DBV5,XTR,,,unresolved
S000072555,Harbor Scientific Alpha High-Yield ETF,549300Y6W40JTWDNVH86,US41151J1097,GLEIF,BBG011S2KC93,BBG011S2KD46,SIHY,,,unresolved
S000072556,Harbor Scientific Alpha Income ETF,549300R7NZ8PT7GT4U92,US41151J2087,GLEIF,BBG011S2J3L1,BBG011S2J4F6,SIFI,,,unresolved
S000072757,AltShares Event-Driven ETF,549300W6I6KRV9NKQV40,US02210T2078,GLEIF,BBG012GMRR90,BBG012GMRS43,EVNT,,,unresolved
S000072763,MassMutual Global Credit Income Opportunities Fund,5493003NSCR9BZO1UC68,US5762915040,GLEIF,BBG01421YGZ4,BBG01421YH46,BXITX,,,unresolved
S000072763,MassMutual Global Credit Income Opportunities Fund,5493003NSCR9BZO1UC68,US5762916030,GLEIF,BBG014222DV8,BBG014222DW7,BXIYX,,,unresolved
S000072765,MassMutual Global Floating Rate Fund,549300EON6LPNI7VIP36,US5762911080,GLEIF,BBG01422XJB3,BBG01422XJC2,BXFIX,,,unresolved
S000072765,MassMutual Global Floating Rate Fund,549300EON6LPNI7VIP36,US5762912070,GLEIF,BBG0142300M6,BBG0142300N5,BXFYX,,,unresolved
S000072765,MassMutual Global Floating Rate Fund,549300EON6LPNI7VIP36,US5762913060,GLEIF,BBG014231Z93,BBG014231ZF6,BXFAX,,,unresolved
S000072765,MassMutual Global Floating Rate Fund,549300EON6LPNI7VIP36,US5762914050,GLEIF,BBG014230YX0,BBG014230YZ8,BXFCX,,,unresolved
S000072797,T. Rowe Price QM U.S. Bond ETF,549300O4W4YA5BX4VR45,US87283Q6026,SEC-NPORT,BBG011XYKH23,BBG011XYKHY8,TAGG,,,unresolved
S000072798,T. Rowe Price Total Return ETF,549300YYO0GDGZ739W96,US87283Q8006,SEC-NPORT,BBG011XYKQ41,BBG011XYKQZ7,TOTR,,,unresolved
S000072813,iMGP DBI Managed Futures Strategy ETF,5493001M6OM3MQRFQ366,US53700T8273,SEC-NPORT,BBG00P35J7V9,BBG00P35J8L8,DBMF,,,unresolved
S000072931,JPMorgan Active Value ETF,549300WXH93S1D430S16,US46641Q1673,GLEIF,BBG012NLLBJ4,BBG012NLLCC9,JAVA,,,unresolved
S000072932,JPMorgan Income ETF,549300CYQ8KHPO2GR356,US46641Q1590,GLEIF,BBG0130Y38D2,BBG0130Y3986,JPIE,,,unresolved
S000073018,Invesco BulletShares 2031 Corporate Bond ETF,54930074YWSAGYW65L96,US46138J4296,SEC-NPORT,BBG012JBHC13,BBG012JBHCX8,BSCV,,,unresolved
S000073384,Simplify Intermediate Term Treasury Futures Strategy ETF,5493007SH60KLAWORP05,US82889N7984,GLEIF,BBG012QCMHV3,BBG012QCMJT2,TYA,,,unresolved
S000073404,Hartford Strategic Income ETF,5493008HCG7WQT8RZC73,US41653L8752,SEC-NPORT,BBG012G1NXQ8,BBG012G1NYL1,HFSI,,,unresolved
S000073489,First Trust Multi-Manager Small Cap Opportunities ETF,5493002EYHK3FX6WXJ92,US33740U7946,SEC-NPORT,BBG012WDX6D6,BBG012WDX771,MMSC,,,unresolved
S000073506,AllianzIM U.S. Equity 6 Month Buffer10 Jan/Jul ETF,54930010YCLONQ85B870,US00888H8694,SEC-NPORT,BBG014086N32,BBG014086P00,SIXJ,,,unresolved
S000073507,AllianzIM U.S. Equity 6 Month Buffer10 Apr/Oct ETF,549300RMMN5MVB77VR93,US00888H8777,SEC-NPORT,BBG012S1WW78,BBG012S1WX30,SIXO,,,unresolved
S000073515,Columbia Short Duration Bond ETF,549300HU6MVSLVWCP513,US19761L8880,SEC-NPORT,BBG012N09XD2,BBG012N09Y86,SBND,,,unresolved
S000073535,Nuveen Growth Opportunities ETF,549300XDBSCM6Y68TP61,US67092P7978,SEC-NPORT,BBG012QDDNR3,BBG012QDDPY0,NUGO,,,unresolved
S000073559,Dimensional Core Fixed Income ETF,549300UT5CL8M0JR7R22,US25434V8726,SEC-NPORT,BBG01254CK66,BBG01254CL28,DFCF,,,unresolved
S000073561,Dimensional Inflation-Protected Securities ETF ,549300616QJMJHEK1Q12,US25434V8569,SEC-NPORT,BBG01254JZL9,BBG01254K0G0,DFIP,,,unresolved
S000073611,Hartford Schroders Core Fixed Income Fund,549300YBXYLLI0B1ZP15,US41665X2229,SEC-NPORT,BBG013GM7HF5,BBG013GM7HG4,HSSFX,,,unresolved
S000073664,Hartford Large Cap Growth ETF,549300BFJAB3EUJ2N702,US41653L8836,SEC-NPORT,BBG01396YP88,BBG01396YQ31,HFGO,,,unresolved
S000073670,Innovator U.S. Equity Accelerated 9 Buffer ETF - October,5493002N1VP0I3HIPS52,US45783Y8488,SEC-NPORT,BBG012R71HT9,BBG012R71JN1,XBOC,,,unresolved
S000073714,Pacer Pacific Asset Floating Rate High Income ETF,549300JUSNL5A0YJPS02,US69374H4285,GLEIF,BBG01357YF73,BBG01357YF82,FLRT,,,unresolved
S000073751,Simplify Health Care ETF,549300WPEU6YIKEJVH06,US82889N7729,GLEIF,BBG012VCQ1M8,BBG012VCQ2K8,PINK,,,unresolved
S000073781,Catholic Responsible Investments Bond Fund,5493000Q8BNKWRYPCW50,US14919E8378,GLEIF,BBG013X1BF07,BBG013X1BF16,CRBVX,,,unresolved
S000073781,Catholic Responsible Investments Bond Fund,5493000Q8BNKWRYPCW50,US14919E8451,GLEIF,BBG013X0TC61,BBG013X17T48,CRBSX,,,unresolved
S000073782,Catholic Responsible Investments Opportunistic Bond Fund,549300IL4ZPE3K458K91,US14919E8527,GLEIF,BBG013ZGZQR3,BBG013ZGZQS2,CROSX,,,unresolved
S000073782,Catholic Responsible Investments Opportunistic Bond Fund,549300IL4ZPE3K458K91,US14919E8600,GLEIF,BBG013ZGZSF2,BBG013ZGZSG1,CROVX,,,unresolved
S000073783,Catholic Responsible Investments Short Duration Bond Fund,54930024UQZE0614MA50,US14919E8782,GLEIF,BBG013ZGZM83,BBG013ZGZM92,CRDSX,,,unresolved
S000073784,Catholic Responsible Investments Small-Cap Fund,549300ZS2BP2UHZ10H47,US14919E7610,GLEIF,BBG013ZGZV47,BBG013ZGZV65,CRSSX,,,unresolved
S000073785,Catholic Responsible Investments Ultra Short Bond Fund,549300UP570MHKZVCH48,US14919E8865,GLEIF,BBG013ZGZW27,BBG013ZGZW36,CRHSX,,,unresolved
S000073786,Catholic Responsible Investments Equity Index Fund,549300IUHX0LKM92NU68,US14919E8295,GLEIF,BBG013X1DJF1,BBG013X1DJG0,CRQSX,,,unresolved
S000073787,Catholic Responsible Investments International Equity Fund,549300R9LSUGOH8PL321,US14919E7792,GLEIF,BBG013X1DJV3,BBG013X1DJW2,CRLSX,,,unresolved
S000073787,Catholic Responsible Investments International Equity Fund,549300R9LSUGOH8PL321,US14919E7875,GLEIF,BBG013X1DK77,BBG013X1DK86,CRLVX,,,unresolved
S000073788,Catholic Responsible Investments International Small-Cap Fund,549300KFD0KW3XKVTC30,US14919E7537,GLEIF,BBG013ZCTHD4,BBG013ZCYQC9,CRNSX,,,unresolved
S000073789,Catholic Responsible Investments Magnus 45/55 Fund,549300K6DAZVIMDYFJ98,US14919E1001,GLEIF,BBG013ZGZTY9,BBG013ZGZTZ8,CMNVX,,,unresolved
S000073789,Catholic Responsible Investments Magnus 45/55 Fund,549300K6DAZVIMDYFJ98,US14919E2090,GLEIF,BBG013ZGZT51,BBG013ZGZT60,CMNSX,,,unresolved
S000073790,Catholic Responsible Investments Magnus 60/40 Alpha Plus Fund,5493009V48L5DUB3DW79,US14919E5069,GLEIF,BBG013ZGZLC0,BBG013ZGZLD9,CMPVX,,,unresolved
S000073790,Catholic Responsible Investments Magnus 60/40 Alpha Plus Fund,5493009V48L5DUB3DW79,US14919E6059,GLEIF,BBG013ZGZL58,BBG013ZGZL67,CMPSX,,,unresolved
S000073791,Catholic Responsible Investments Magnus 60/40 Beta Plus Fund,549300C4ZVK2VUB06C19,US14919E3080,GLEIF,BBG013ZGZNN4,BBG013ZGZNP2,CMMVX,,,unresolved
S000073791,Catholic Responsible Investments Magnus 60/40 Beta Plus Fund,549300C4ZVK2VUB06C19,US14919E4070,GLEIF,BBG013ZGZN27,BBG013ZGZN36,CMMSX,,,unresolved
S000073792,Catholic Responsible Investments Magnus 75/25 Fund,549300O1T3Q5QSW4S131,US14919E7040,GLEIF,BBG013ZGZXY0,BBG013ZGZXZ9,CMUVX,,,unresolved
S000073792,Catholic Responsible Investments Magnus 75/25 Fund,549300O1T3Q5QSW4S131,US14919E8030,GLEIF,BBG013ZGZW90,BBG013ZGZWB7,CMUSX,,,unresolved
S000073793,Catholic Responsible Investments Multi-Style US Equity Fund,549300DDMCLFPSZKOB53,US14919E7958,GLEIF,BBG013ZGZPJ4,BBG013ZGZPM0,CRTSX,,,unresolved
S000073793,Catholic Responsible Investments Multi-Style US Equity Fund,549300DDMCLFPSZKOB53,US14919E8113,GLEIF,BBG013ZGZQJ2,BBG013ZGZQK0,CRTVX,,,unresolved
S000073908,ProShares Bitcoin ETF,5493004OXDRSMIZWPA26,US74347G4405,SEC-NPORT,BBG0131STJL3,BBG0131STKH5,BITO,,,unresolved
S000073925,Simplify Hedged Equity ETF,549300GQLKCUCWQDC723,US82889N7646,GLEIF,BBG0137XKTJ6,BBG0137XKVV7,HEQT,,,unresolved
S000074017,Cromwell Long Short Fund,549300QKPPPUH1ZCE572,US89156Y1001,GLEIF,BBG01618BQM2,BBG01618BQP9,MFADX,,,unresolved
S000074053,JPMorgan Inflation Managed Bond ETF,5493001Z7M5V3WTBX559,US46654Q1040,GLEIF,BBG016CBMX82,BBG016CBMY44,JCPI,,,unresolved
S000074054,JPMorgan International Research Enhanced Equity ETF,549300O57YNNVO2LZJ82,US46641Q1343,GLEIF,BBG016CBQTR6,BBG016CBQVP3,JIRE,,,unresolved
S000074055,JPMorgan Small & Mid Cap Enhanced Equity ETF,549300MQ8JTFF5H84A93,US46641Q1186,GLEIF,BBG016CBQD19,BBG016CBQDW5,JMEE,,,unresolved
S000074056,JPMorgan Realty Income ETF,549300R863426H3TN061,US46641Q1269,GLEIF,BBG016CBQ1J6,BBG016CBQ2K2,JPRE,,,unresolved
S000074120,Columbia Integrated Large Cap Growth Fund,549300IRR54UNJK0RY80,US19775P1075,GLEIF,,,,,,unresolved
S000074120,Columbia Integrated Large Cap Growth Fund,549300IRR54UNJK0RY80,US19775P2065,GLEIF,,,,,,unresolved
S000074120,Columbia Integrated Large Cap Growth Fund,549300IRR54UNJK0RY80,US19775P3055,GLEIF,,,,,,unresolved
S000074120,Columbia Integrated Large Cap Growth Fund,549300IRR54UNJK0RY80,US19775P4046,GLEIF,,,,,,unresolved
S000074120,Columbia Integrated Large Cap Growth Fund,549300IRR54UNJK0RY80,US19775P5035,GLEIF,,,,,,unresolved
S000074120,Columbia Integrated Large Cap Growth Fund,549300IRR54UNJK0RY80,US19775P6025,GLEIF,,,,,,unresolved
S000074120,Columbia Integrated Large Cap Growth Fund,549300IRR54UNJK0RY80,US19775P7015,GLEIF,,,,,,unresolved
S000074121,Columbia Integrated Large Cap Value Fund,549300S5LLVDSMJCLG41,US19776D1037,GLEIF,,,,,,unresolved
S000074121,Columbia Integrated Large Cap Value Fund,549300S5LLVDSMJCLG41,US19776D2027,GLEIF,,,,,,unresolved
S000074121,Columbia Integrated Large Cap Value Fund,549300S5LLVDSMJCLG41,US19776D3017,GLEIF,,,,,,unresolved
S000074121,Columbia Integrated Large Cap Value Fund,549300S5LLVDSMJCLG41,US19776D4007,GLEIF,,,,,,unresolved
S000074121,Columbia Integrated Large Cap Value Fund,549300S5LLVDSMJCLG41,US19776D5095,GLEIF,,,,,,unresolved
S000074121,Columbia Integrated Large Cap Value Fund,549300S5LLVDSMJCLG41,US19776D6085,GLEIF,,,,,,unresolved
S000074121,Columbia Integrated Large Cap Value Fund,549300S5LLVDSMJCLG41,US19776D7075,GLEIF,,,,,,unresolved
S000074122,Columbia Integrated Small Cap Growth Fund,5493005Z4DREDA59YR78,US09658V3399,GLEIF,,,,,,unresolved
S000074123,Columbia Pyrford International Stock Fund,5493002KJ7JNJUC6A338,US09658V3217,GLEIF,,,,,,unresolved
S000074165,ProShares Ether ETF,5299004ANMHA84WMXW84,US74349Y1001,GLEIF,BBG01JLGM0D9,BBG01JLGM174,EETH,,,unresolved
S000074228,The Ambassador Fund ,549300DDL54RZT5L9Z07,US46141T1337,GLEIF,BBG013NC7FY2,BBG013NYD640,EMPIX,,,unresolved
S000074246,Capital Group Growth ETF,549300KE3DOPDPXHTD25,US14020G1013,GLEIF,BBG015DMY4V4,BBG015DMY5P8,CGGR,,,unresolved
S000074247,Capital Group Core Equity ETF,549300XNB6MLRXP5JL44,US14020V1089,SEC-NPORT,BBG015D25XY3,BBG015D25YS8,CGUS,,,unresolved
S000074248,Capital Group International Focus Equity ETF,549300RH5SQ1JI2VUA64,US14019W1099,SEC-NPORT,BBG015DN0VK1,BBG015DN0WJ1,CGXU,,,unresolved
S000074249,Capital Group Dividend Value ETF,549300RS1YEXTKIVN573,US14020W1062,GLEIF,BBG015H8BWY1,BBG015H8BXT5,CGDV,,,unresolved
S000074250,Capital Group Global Growth Equity ETF,549300MEB8FQHFU5O271,US14020X1046,SEC-NPORT,BBG015DN3FW0,BBG015DN3GR4,CGGO,,,unresolved
S000074251,Capital Group Core Plus Income ETF,549300D15HR3L1WV1T24,US14020Y1029,GLEIF,BBG014YZRQW3,BBG014YZRRT5,CGCP,,,unresolved
S000074251,Capital Group Core Plus Income ETF,549300D15HR3L1WV1T24,US14020Y2019,GLEIF,BBG019XRCL67,BBG019XRCM29,CGMU,,,unresolved
S000074251,Capital Group Core Plus Income ETF,549300D15HR3L1WV1T24,US14020Y3009,GLEIF,BBG019XS8MX8,BBG019XS8NR3,CGMS,,,unresolved
S000074251,Capital Group Core Plus Income ETF,549300D15HR3L1WV1T24,US14020Y4098,GLEIF,BBG019XFYR75,BBG019XFYS46,CGSD,,,unresolved
S000074251,Capital Group Core Plus Income ETF,549300D15HR3L1WV1T24,US14020Y5087,GLEIF,BBG01J5S7M86,BBG01J5S7N48,CGCB,,,unresolved
S000074251,Capital Group Core Plus Income ETF,549300D15HR3L1WV1T24,US14020Y6077,GLEIF,BBG01J5S8MY6,BBG01J5S8NT0,CGSM,,,unresolved
S000074251,Capital Group Core Plus Income ETF,549300D15HR3L1WV1T24,US14020Y7067,GLEIF,BBG01N7Q8Z34,BBG01N7Q9067,CGIB,,,unresolved
S000074251,Capital Group Core Plus Income ETF,549300D15HR3L1WV1T24,US14020Y8057,GLEIF,BBG01N7T4G98,BBG01N7T4H50,CGHM,,,unresolved
S000074251,Capital Group Core Plus Income ETF,549300D15HR3L1WV1T24,US14020Y8701,GLEIF,BBG01VKBFFX7,BBG01VKBFGV7,CGHY,,,unresolved
S000074251,Capital Group Core Plus Income ETF,549300D15HR3L1WV1T24,US14020Y8883,GLEIF,BBG01N7Q8JK1,BBG01N7Q8KK8,CGUI,,,unresolved
S000074333,"Short Term Investment Fund for Puerto Rico Residents, Inc.",254900A7AKLE27Z3GW02,PR82525F1005,GLEIF,BBG01L6YN6Y5,BBG01L84NSG1,PRALX,,,unresolved
S000074333,"Short Term Investment Fund for Puerto Rico Residents, Inc.",254900A7AKLE27Z3GW02,PR82525F2094,GLEIF,BBG00C82T9R0,BBG00C82T9Q1,PRLZX,,,unresolved
S000074333,"Short Term Investment Fund for Puerto Rico Residents, Inc.",254900A7AKLE27Z3GW02,US87676W1099,GLEIF,,,,,,unresolved
S000074338,"Popular High Grade Fixed-Income Fund, Inc. ",549300HW4IIBLO15U782,US73318T1007,GLEIF,,,,,,unresolved
S000074338,"Popular High Grade Fixed-Income Fund, Inc. ",549300HW4IIBLO15U782,US73318T2096,GLEIF,,,,,,unresolved
S000074344,"Popular Income Plus Fund, Inc.",FYB81CIV4X8DEIE0N968,PR73317X3000,GLEIF,,,,,,unresolved
S000074352,"U.S. Monthly Income Fund for Puerto Rico Residents, Inc.",5493007Y4H0SKUNJTA34,PR90346Q1069,GLEIF,BBG0068FGQF3,BBG0068FGQG2,PRAJX,,,unresolved
S000074352,"U.S. Monthly Income Fund for Puerto Rico Residents, Inc.",5493007Y4H0SKUNJTA34,PR90346Q2059,GLEIF,BBG016KQ48L0,BBG016KQ48M9,PRAKX,,,unresolved
S000074466,WisdomTree Artificial Intelligence and Innovation Fund,5493009DG25BU81P6K40,US97717Y5437,SEC-NPORT,BBG013Y3WJW6,BBG013Y3WKR9,WTAI,,,unresolved
S000074732,AST Bond Portfolio 2033,5493006G41BATNX0GT37,US00771J4857,GLEIF,,,,,,unresolved
S000074745,NYLI U.S. Large Cap R&D Leaders ETF,549300T03VO38EVGBI74,US45409B2631,SEC-NPORT,BBG0155LMGJ5,BBG0155LMHK1,LRND,,,unresolved
S000074770,DoubleLine Opportunistic Core Bond ETF,549300XH2GLHBOP4OL65,US25861R1059,GLEIF,BBG016GCZL33,BBG016GCZLY9,DBND,,,unresolved
S000074771,DoubleLine Shiller CAPE U.S. Equities ETF,5493001PNRR3NTCOCG20,US25861R2040,GLEIF,BBG016GD7CG8,BBG016GD7D94,CAPE,,,unresolved
S000074838,Convergence Long/Short Equity ETF,549300Z250PDULYP1G61,US89834G7604,SEC-NPORT,BBG015HY6PY5,BBG015HY6QS0,CLSE,,,unresolved
S000074846,Innovator U.S. Equity Accelerated Plus ETF - January,549300QMZZAHZL1JYX88,US45783Y7720,GLEIF,BBG01462XKH0,BBG01462XLF0,XTJA,,,unresolved
S000074847,Innovator U.S. Equity Accelerated 9 Buffer ETF - January,5493001ZBGEJBOZ6CV74,US45783Y7803,GLEIF,BBG01462XQ50,BBG01462XRD9,XBJA,,,unresolved
S000074848,Innovator Growth Accelerated Plus ETF - January,5493008GZYW557FRSZ30,US45783Y7985,GLEIF,BBG01462XYM4,BBG01462XZG8,QTJA,,,unresolved
S000074927,The Future Long/Short ETF,5493000GS7QCQZWUSJ25,US66538F1654,GLEIF,BBG01H3PF9N1,BBG01H3PFBH3,FFLS,,,unresolved
S000074951,Conductor Global Equity Value ETF,549300SM234SHZO4HN34,US90214Q5844,SEC-NPORT,BBG0190B0V14,BBG0190B0VX9,CGV,,,unresolved
S000074985,Astoria Real Assets ETF,5493001KW9J3YXBP6156,US46141T1170,GLEIF,BBG0149PN8N7,BBG0149PN9S0,PPI,,,unresolved
S000075089,Simplify Aggregate Bond ETF,549300B8RWCP96ER9S22,US82889N7232,GLEIF,BBG015BC7V75,BBG015BC7WS0,AGGH,,,unresolved
S000075092,Simplify Managed Futures Strategy ETF,549300WB4VYZON2V0562,US82889N6994,GLEIF,BBG015TRLD59,BBG015TRLF27,CTA,,,unresolved
S000075152,Dimensional International Core Equity 2 ETF,549300OGZ7R0ZDQLA455,US25434V7991,SEC-NPORT,BBG01631TMJ9,BBG01631TNW2,DFIC,,,unresolved
S000075153,Dimensional International Small Cap Value ETF,549300ASQN7LSEGLJM87,US25434V7819,SEC-NPORT,BBG01633Y1G8,BBG01633Y2Y6,DISV,,,unresolved
S000075154,Dimensional International Small Cap ETF,549300OI6PCW5NTSWF76,US25434V7736,SEC-NPORT,BBG01633DTZ9,BBG01633DW64,DFIS,,,unresolved
S000075157,Dimensional Emerging Markets Value ETF,549300NVQB3X92GMEB29,US25434V7405,SEC-NPORT,BBG017158FN3,BBG017158GJ6,DFEV,,,unresolved
S000075169,FIS Christian Stock Fund,549300T4B2RKIWZ2L947,US78433H2040,GLEIF,,,,,,unresolved
S000075196,Innovator Laddered Allocation Buffer ETF,549300O82VP7WXK7P688,US45783Y7563,GLEIF,BBG0154NXWC2,BBG0154NXX67,BUFB,,,unresolved
S000075202,Harbor Commodity All-Weather Strategy ETF,549300C7QT874PHU5G85,US41151J5056,SEC-NPORT,BBG014VVQM55,BBG014VVQN17,HGER,,,unresolved
S000075203,iShares U.S. Long Credit Bond Index Fund,549300KVJ2QNPSCQ7553,US09260J6257,SEC-NPORT,BBG0174B7KS2,BBG0174B7KZ4,BLCBX,,,unresolved
S000075204,iShares U.S. Intermediate Credit Bond Index Fund,549300O3MDOP8OY9ZD36,US09260J6174,SEC-NPORT,BBG01747Z095,BBG01747Z0G7,BICBX,,,unresolved
S000075205,iShares U.S. Long Government Bond Index Fund,5493000M7EEG1SN8TY84,US09260J5911,SEC-NPORT,BBG0174B7BQ4,BBG0174B7BT1,BLGBX,,,unresolved
S000075206,iShares U.S. Intermediate Government Bond Index Fund,549300ZFZHEO4YPOXJ51,US09260J5838,SEC-NPORT,BBG01749YYT6,BBG01749YYV3,BIGBX,,,unresolved
S000075207,iShares U.S. Securitized Bond Index Fund,549300IX2EU4EA7H6U85,US09260J5754,SEC-NPORT,BBG0174B7X86,BBG0174B7XD0,BISBX,,,unresolved
S000075330,Holbrook Structured Income Fund,549300VN9LSTDZVMEG10,US90214Q6263,SEC-NPORT,BBG015Y3X435,BBG015Y3X444,HOSIX,,,unresolved
S000075353,Pacer BlueStar Digital Enterainment ETF,54930066GYIQUFSRBH07,US69374H3949,GLEIF,BBG016PG2349,BBG016PG2438,ODDS,,,unresolved
S000075354,Pacer BlueStar Engineering the Future ETF,549300H5M119HSYMDN19,US69374H4103,GLEIF,BBG016PG3268,BBG016PG3311,BULD,,,unresolved
S000075439,Innovator Buffer Step-Up Strategy ETF,54930078QW6AZ4F1V667,US45783Y7316,GLEIF,BBG015LHC1B8,BBG015LHC2K6,BSTP,,,unresolved
S000075440,Innovator Power Buffer Step-Up Strategy ETF,549300O4MGRW88IZI604,US45783Y7233,GLEIF,BBG015LHHNK5,BBG015LHHPD8,PSTP,,,unresolved
S000075444,FS Multi-Strategy Alternatives Fund,549300E0668BUMX3FG88,US3026911004,GLEIF,,,,,,unresolved
S000075472,iShares iBonds 2028 Term High Yield and Income ETF,549300RL2Z2AR3IFXI07,US46436E3870,SEC-NPORT,BBG015SSQP29,BBG015SSQPY4,IBHH,,,unresolved
S000075473,iShares iBonds 2029 Term High Yield and Income ETF,549300WQN5UVKD58WM63,US46436E3797,SEC-NPORT,BBG015STX836,BBG015STX8Y2,IBHI,,,unresolved
S000075489,Small Cap Dividend Fund,549300AHNV0HOM50BA22,US02508F6209,SEC-NPORT,BBG015QPVMX4,BBG015QPVMY3,AMALX,,,unresolved
S000075489,Small Cap Dividend Fund,549300AHNV0HOM50BA22,US02508F6795,SEC-NPORT,BBG015QPVLF6,BBG015QPVLG5,AMAEX,,,unresolved
S000075560,NYLI Winslow Large Cap Growth ETF,5493003N1JWBCY2HCE61,US45409F7693,SEC-NPORT,BBG018CD2V80,BBG018CD2W33,IWLG,,,unresolved
S000075715,VanEck Commodity Strategy ETF,549300N3S8T54KOP4G25,US92189H7715,SEC-NPORT,BBG01C3FR5N9,BBG01C3FR6H4,PIT,,,unresolved
S000075788,BrandywineGLOBAL-Dynamic US Large Cap Value ETF,254900HJUU3BO06KS871,US35473P4625,SEC-NPORT,BBG01B8C7YW2,BBG01B8C7ZT3,DVAL,,,unresolved
S000075916,Pacer Data and Digital Revolution ETF,54930031IJF6MB0L3Z91,US69374H3865,GLEIF,BBG017ZLXY52,BBG017ZLXZ04,TRFK,,,unresolved
S000075917,Pacer Industrials and Logistics ETF,5493007FUHAK57BILB80,US69374H3782,GLEIF,BBG017ZLG5Q1,BBG017ZLG6K5,SHPP,,,unresolved
S000075959,Carillon Chartwell Real Income Fund,549300JKHSVQGSWY2E34,US16140T2024,GLEIF,BBG01GJ44H11,BBG01GJ44H39,BERIX,,,unresolved
S000076002,Calvert Mortgage Access Fund,549300O2JSVSVL35QD76,US1315822312,SEC-NPORT,BBG017157LP9,BBG017157LQ8,CMMIX,,,unresolved
S000076003,Calvert Focused Value Fund,549300Z5XUUT6OW4YT43,US1315821322,SEC-NPORT,,,,,,unresolved
S000076132,JPMorgan Nasdaq Equity Premium Income ETF,549300QY7QH8W9EILZ23,US46654Q2030,GLEIF,BBG016NKZDL5,BBG016NKZFF7,JEPQ,,,unresolved
S000076294,BRIDGE BUILDER TAX MANAGED LARGE CAP FUND,549300S7S0KGMEYB8Z21,US10803R8503,GLEIF,BBG016C6D3W2,BBG016CC8Q81,BBTLX,,,unresolved
S000076295,BRIDGE BUILDER TAX MANAGED SMALL/MID CAP FUND,5493001YUVQBRKVIWP21,US10803R8438,GLEIF,BBG016C6D4D1,BBG016CCB324,BBTSX,,,unresolved
S000076296,BRIDGE BUILDER TAX MANAGED INTERNATIONAL EQUITY FUND,5493008VKFKSRCX01S84,US10803R8354,GLEIF,BBG016C6D3G0,BBG016CC63K0,BBTIX,,,unresolved
S000076398,Hartford Schroders International Contrarian Value Fund,549300R19QUCVQS2NU59,US4166417695,SEC-NPORT,BBG01J3J7G18,BBG01J3NTF44,HFSFX,,,unresolved
S000076660,Touchstone Ultra Short Income ETF,54930086P85NGSFSP760,US89157W3016,SEC-NPORT,BBG0193VFQT2,BBG0193VFRN6,TUSI,,,unresolved
S000076685,iShares iBonds Dec 2032 Term Corporate ETF,549300ZCXA0SQGYFIX78,US46436E3128,SEC-NPORT,BBG018GV5VS1,BBG018GV5WV5,IBDX,,,unresolved
S000076777,iShares 20+ Year Treasury Bond BuyWrite Strategy ETF,549300YMOD8GSUKQT287,US46436E3383,SEC-NPORT,BBG01958XXM3,BBG01958XYG8,TLTW,,,unresolved
S000076779,iShares High Yield Corporate Bond BuyWrite Strategy ETF,549300EGWHOABJHW0Z29,US46436E3201,SEC-NPORT,BBG01959G7Y4,BBG01959G8T8,HYGW,,,unresolved
S000076784,Simplify Bitcoin Strategy PLUS Income ETF,549300YFCOWIQDSINQ71,US82889N6739,GLEIF,BBG019WKMY00,BBG019WKMYV6,MAXI,,,unresolved
S000076800,AST Target Maturity Central Portfolio,549300KG2B6502NPJE83,US00771J4774,GLEIF,,,,,,unresolved
S000076802,1290 Essex Small Cap Growth Fund,5493001OKZ2YRG3FGX92,US68246Y7004,SEC-NPORT,BBG018RBPP77,BBG018SW27H4,ESCJX,,,unresolved
S000076864,LVIP Channing Small Cap Value Fund,549300MF4V79FQEJZL75,US53500L1237,SEC-NPORT,,,,,,unresolved
S000076880,AB Ultra Short Income ETF,254900LNMZU3RC64M909,US00039J1034,SEC-NPORT,BBG0184FKRZ3,BBG0184FKT34,YEAR,,,unresolved
S000077042,Innovator Uncapped Accelerated U.S. Equity ETF,5493008QV1AON5H1AG07,US45783Y6995,GLEIF,BBG018WBYLF1,BBG018WBYMB3,XUSP,,,unresolved
S000077050,T. Rowe Price Floating Rate ETF,5493005Y3VRUR59CUG92,US87283Q8832,SEC-NPORT,BBG01BJBL041,BBG01BJBL0Z7,TFLR,,,unresolved
S000077051,T. Rowe Price U.S. High Yield ETF,549300BA4BIBITWKOB05,US87283Q8758,SEC-NPORT,BBG019R1PH75,BBG019R1PJ26,THYF,,,unresolved
S000077070,JPMorgan Active Growth ETF,5493001GSJ14WQX68P70,US46654Q6098,SEC-NPORT,BBG018R2GM74,BBG018R2GN27,JGRO,,,unresolved
S000077117,Innovator Equity Managed Floor ETF,549300J7NVPF4YSWOG58,US45783Y6730,GLEIF,BBG01B90HDS7,BBG01B90HFN7,SFLR,,,unresolved
S000077118,Innovator Nasdaq-100 Managed Floor ETF,549300KVS5PEFJEQ9R41,US45783Y6813,GLEIF,BBG01L5G1SY1,BBG01L5G1TT5,QFLR,,,unresolved
S000077182,PIMCO All Authority: Multi-RAE PLUS Fund,549300DLC8MKXQ8KIH64,US72203G8270,SEC-NPORT,,,,,,unresolved
S000077192,NEOS Enhanced Income Aggregate Bond ETF,549300DPLDPJIDKCEQ92,US78433H4020,GLEIF,BBG019CHMSZ4,BBG019CHMV14,BNDI,,,unresolved
S000077194,NEOS S&P 500(R) High Income ETF,549300NX1HAR3SKHZS84,US78433H3030,GLEIF,BBG019C1XZZ1,BBG019C1Y0V1,SPYI,,,unresolved
S000077356,Invesco BulletShares 2032 Corporate Bond ETF,5493007MAFSR8RWIXD15,US46139W8588,SEC-NPORT,BBG019JCS831,BBG019JCS8Z6,BSCW,,,unresolved
S000077466,TCW Transform Supply Chain ETF,549300BZBOUXPR1GAB63,US29287L3042,SEC-NPORT,BBG01F2YGX17,BBG01F2YGXW3,SUPP,,,unresolved
S000077474,AST PGIM Fixed Income Central Portfolio,5493004PPIB4NJOLH005,US00771J4691,GLEIF,,,,,,unresolved
S000077479,FT Vest Rising Dividend Achievers Target Income ETF,549300TMD9HIN9ZLU862,US33738D8790,SEC-NPORT,BBG019WLSQM5,BBG019WLSRG0,RDVI,,,unresolved
S000077554,GMO Small Cap Quality Fund,549300BRUDL08K13VQ63,US36256V4941,SEC-NPORT,BBG019K6PFN7,BBG019M3RMF4,GSBGX,,,unresolved
S000077598,NYLI Candriam U.S. Mid Cap Equity ETF,549300VMUJT2XIEGEU85,US45409B2482,SEC-NPORT,BBG01B5GNSM2,BBG01B5GNTH6,IQSM,,,unresolved
S000077600,NYLI MacKay High Income ETF,5493006GCBGULIUNP989,US45409F7362,SEC-NPORT,BBG01B5GGB83,BBG01B5GGC45,IQHI,,,unresolved
S000077603,First Trust Indxx Aerospace & Defense ETF,549300JW3W23RZME4D92,US33733E8315,SEC-NPORT,BBG01B34YSW8,BBG01B34YSX7,MISL,,,unresolved
S000077654,YieldMax GOOGL Option Income Strategy ETF,5493009IF5UN4O7FP638,US88634T7900,SEC-NPORT,BBG01HP10WH2,BBG01HP10XF2,GOOY,,,unresolved
S000077785,BNY Mellon Global Infrastructure Income ETF,549300YLSH2PGMAU3I54,US09661T8264,SEC-NPORT,BBG01B7B20H1,BBG01B7B21C4,BKGI,,,unresolved
S000077805,AllianzIM U.S. Equity Buffer20 Nov ETF,549300RBORQPR2FI2K30,US00888H8447,SEC-NPORT,BBG01B8725F0,BBG01B8726R5,NVBW,,,unresolved
S000077806,AllianzIM U.S. Equity Buffer20 Dec ETF,549300Z2F4IOF4GJDS53,US00888H7944,SEC-NPORT,BBG01BM21FF4,BBG01BM21GB6,DECW,,,unresolved
S000077807,AllianzIM U.S. Equity Buffer20 Feb ETF,549300V9EWYRNOB0Q459,US00888H7860,SEC-NPORT,BBG01DCCD5M0,BBG01DCCD6G5,FEBW,,,unresolved
S000077808,AllianzIM U.S. Equity Buffer20 Mar ETF,549300YOTOCLYBLKVS13,US00888H7787,SEC-NPORT,BBG01FC8GTS3,BBG01FC8GVM4,MARW,,,unresolved
S000077857,Simplify Short Term Treasury Futures Strategy ETF,549300YIMTGOZR5X9280,US82889N6572,GLEIF,BBG01BFJ3SS1,BBG01BFJ3TM5,TUA,,,unresolved
S000077868,Simplify Enhanced Income ETF,549300OJXAJOLCPWKP49,US82889N6325,GLEIF,BBG01B861FF1,BBG01B861GC2,HIGH,,,unresolved
S000077869,Simplify Treasury Option Income ETF,549300LQ7VHDVPTEGI80,US82889N6408,GLEIF,BBG01B77MTX7,BBG01B77MVT7,BUCK,,,unresolved
S000077872,Nationwide U.S. 130/30 Equity Portfolio,549300EPA1LU1GRA8Z20,US63868D6546,SEC-NPORT,BBG019FGZ9K7,BBG019HFTK38,NW130R6,,,unresolved
S000077902,JPMorgan SmartRetirement 2065 Fund,549300ZPRVKCK6QZ5N73,US46645V1623,GLEIF,BBG019KND8Y7,BBG019MDQGL9,JSMOX,,,unresolved
S000077902,JPMorgan SmartRetirement 2065 Fund,549300ZPRVKCK6QZ5N73,US46645V1706,GLEIF,BBG019KND8X8,BBG019MDPP85,JSMMX,,,unresolved
S000077902,JPMorgan SmartRetirement 2065 Fund,549300ZPRVKCK6QZ5N73,US46645V1888,GLEIF,BBG019KND8W9,BBG019MDP4Z2,JSMLX,,,unresolved
S000077902,JPMorgan SmartRetirement 2065 Fund,549300ZPRVKCK6QZ5N73,US46645V1961,GLEIF,BBG019KND8Z6,BBG019MDRF49,JSMPX,,,unresolved
S000077902,JPMorgan SmartRetirement 2065 Fund,549300ZPRVKCK6QZ5N73,US46645V2126,GLEIF,BBG019KND8V0,BBG019MDN7N0,JSMKX,,,unresolved
S000077902,JPMorgan SmartRetirement 2065 Fund,549300ZPRVKCK6QZ5N73,US46645V2209,GLEIF,BBG019KND8T3,BBG019MDMXH1,JSMJX,,,unresolved
S000077902,JPMorgan SmartRetirement 2065 Fund,549300ZPRVKCK6QZ5N73,US46645V2381,GLEIF,BBG019KND8S4,BBG019MDLNG5,JSMHX,,,unresolved
S000077902,JPMorgan SmartRetirement 2065 Fund,549300ZPRVKCK6QZ5N73,US46645V2464,GLEIF,BBG019KND8R5,BBG019MDKXR2,JSMEX,,,unresolved
S000077903,JPMorgan SmartRetirement Blend 2065 Fund,549300NFDGNCM6HDVQ16,US46655R1014,GLEIF,BBG019KND8M0,BBG019MCZRD6,JSBSX,,,unresolved
S000078061,Simplify Propel Opportunities ETF,549300DJ9GVPZFC9VR09,US82889N6242,GLEIF,BBG01F3Z7WY9,BBG01F3Z7YG5,SURI,,,unresolved
S000078276,Virtus Stone Harbor Emerging Markets High Yield Bond ETF,549300XJPVD8EVRFU454,US92790A8018,SEC-NPORT,BBG01BLRMV71,BBG01BLRMW33,VEMY,,,unresolved
S000078298,Tema American Reshoring ETF,549300E0RPLRINA1AM73,US87975E6023,GLEIF,BBG01GL4H9P6,BBG01GL4HBM4,WELD,,,unresolved
S000078299,Tema Oncology ETF,549300N3IU4YD19QLF24,US87975E7013,GLEIF,BBG01HWYMDJ8,BBG01HWYMFD9,CANC,,,unresolved
S000078302,Tema Durable Quality ETF,549300CRLNGU5IX2UD74,US87975E1073,GLEIF,BBG01GL6QNW2,BBG01GL6QPR3,TOLL,,,unresolved
S000078313,PIMCO Preferred and Capital Securities Active Exchange-Traded Fund,549300XBG0GWIQBZLV45,US72201R6190,SEC-NPORT,BBG01CCC8SN7,BBG01CCC8TJ0,PRFD,,,unresolved
S000078941,Invesco AAA CLO Floating Rate Note ETF,549300DBWQMREPD1O878,US46090A7211,SEC-NPORT,BBG01BTTD004,BBG01BTTD0X8,ICLO,,,unresolved
S000078942,Invesco High Yield Select ETF,549300CIKWQL9VXSUD47,US46090A7542,SEC-NPORT,BBG01BTSPGR9,BBG01BTSPHM2,GTOH,,,unresolved
S000078943,Invesco Rochester High Yield Municipal ETF,5493006RURMGCZH0OI34,US46090A7476,SEC-NPORT,BBG01BTSRXS9,BBG01BTSRYP0,IROC,,,unresolved
S000078944,Invesco Short Duration Total Return Bond ETF,549300GDXFVEQHJBTS26,US46090A7393,SEC-NPORT,BBG01BTSQZS5,BBG01BTSR0M7,GTOS,,,unresolved
S000078980,Sprott Critical Materials ETF,254900P8ZEMYFBUE9512,US85208P4028,SEC-NPORT,BBG01DJ8DDW4,BBG01DJ8DFQ6,SETM,,,unresolved
S000079043,WisdomTree VOYA Yield Enhanced USD Universal Bond Fund,549300DWZY31IVE39G76,US97717Y4695,SEC-NPORT,BBG01DS7V9W5,BBG01DS7VBQ7,UNIY,,,unresolved
S000079064,iShares AAA CLO Active ETF,529900KNSFG5S5J6YP44,US0925285043,SEC-NPORT,BBG01C8314R8,BBG01C8315P7,CLOA,,,unresolved
S000079104,Pacer US Large Cap Cash Cows Growth Leaders ETF,549300P2K41D5T371Q52,US69374H3600,GLEIF,BBG01C3RRL30,BBG01C3RRM56,COWG,,,unresolved
S000079153,WisdomTree 3-7 Year Treasury Digital Fund,549300QHOFZXGADZQT59,US97717K2042,GLEIF,BBG01BZ7HPT5,BBG01C336210,WTTSX,,,unresolved
S000079157,WisdomTree 7-10 Year Treasury Digital Fund,549300OHTF593PIWLU32,US97717K3032,GLEIF,BBG01C178D71,BBG01C385746,WTSTX,,,unresolved
S000079158,WisdomTree Long-Term Treasury Digital Fund,549300EOZHGZP0PVRW43,US97717K4022,GLEIF,BBG01BZ7HPR7,BBG01C31PH38,WTLGX,,,unresolved
S000079160,WisdomTree Floating Rate Treasury Digital Fund,549300VZJ3AXIK3U1O27,US97717K5011,GLEIF,BBG01C178BM8,BBG01C3817S4,FLTTX,,,unresolved
S000079161,WisdomTree TIPS Digital Fund,549300UOPODGPAHEQB46,US97717K6001,GLEIF,BBG01C178BT1,BBG01C381LP6,TIPSX,,,unresolved
S000079163,WisdomTree 500 Digital Fund,5493007EIAQHPSMFLB53,US97717K7090,GLEIF,BBG01BZ7HPK4,BBG01C31MX36,SPXUX,,,unresolved
S000079204,BlackRock Diversified Fixed Income Fund,549300SEQK2DPV0R7O94,US09260W5849,SEC-NPORT,BBG01B21VDX0,BBG01B35VLR9,BDVFX,,,unresolved
S000079237,AST Bond Portfolio 2034,549300A6I65SH1EIZY34,US00771J4360,GLEIF,,,,,,unresolved
S000079261,PMV Adaptive Risk Parity ETF,5493009AWY4WDEXQDM62,US00791R3012,GLEIF,BBG01C17LTH0,BBG01C17LVB1,ARP,,,unresolved
S000079339,Innovator Premium Income 20 Barrier ETF - April,54930004O6CNI4YZKB06,US45783Y6243,GLEIF,BBG01G42JFZ2,BBG01G42JGW3,APRH,,,unresolved
S000079512,First Trust Multi-Strategy Alternative ETF,549300ILTLIOWNK6DI43,US33740F4900,SEC-NPORT,BBG01C9XD0W0,BBG01C9XD1Q5,LALT,,,unresolved
S000079520,Fulcrum Diversified Absolute Return Fund,549300TUEDT9IN7ZUS82,US66537J1016,GLEIF,BBG01FV9NM34,BBG01FV9NM70,FARYX,,,unresolved
S000079520,Fulcrum Diversified Absolute Return Fund,549300TUEDT9IN7ZUS82,US66537J2006,GLEIF,BBG01FV9NFB0,BBG01FV9NFC9,FARIX,,,unresolved
S000079520,Fulcrum Diversified Absolute Return Fund,549300TUEDT9IN7ZUS82,US66537J3095,GLEIF,,,,,,unresolved
S000079576,Roundhill Magnificent Seven ETF,549300XYABGAKA0WAI17,US53656G4982,SEC-NPORT,BBG01G5ZXR40,BBG01G5ZXS48,MAGS,,,unresolved
S000079611,JPMorgan BetaBuilders Emerging Markets Equity ETF,549300WEJ5UQZ8KRFS08,US46654Q8078,SEC-NPORT,BBG01FY5GRT8,BBG01FY5GSN2,BBEM,,,unresolved
S000079625,Voya VACS Series EMHCD Fund,549300F0L4T7FY2BWJ84,US92919X1046,SEC-NPORT,BBG01BHJTDZ6,BBG01BJLZWW3,VVIQX,,,unresolved
S000079626,Voya VACS Series SC Fund,549300WMAVLRYOGXL523,US92919X2036,SEC-NPORT,BBG01BHJTF09,BBG01BJM0Y82,VVIRX,,,unresolved
S000079627,Voya VACS Series HYB Fund,549300IKJ54WGTW8EU42,US92913L2622,SEC-NPORT,BBG01BHJTF18,BBG01BJQLN02,VVITX,,,unresolved
S000079628,Voya VACS Series EME Fund,549300PKJ5GJMNQRQ932,US92913W3593,SEC-NPORT,BBG01BHJTDY7,BBG01BJBZ0N5,VVIFX,,,unresolved
S000079664,VanEck Robotics ETF,54930005LHA0TK9A7524,US92189Y4026,SEC-NPORT,BBG01G4HTD10,BBG01G4HTDW6,IBOT,,,unresolved
S000079702,Return Stacked Bonds & Managed Futures ETF,549300RDT2JBHAXWFP12,US88636J1051,GLEIF,BBG01F3PB1F5,BBG01F3PB2L6,RSBT,,,unresolved
S000079705,Bitwise Trendwise Bitcoin and Treasuries Rotation Strategy ETF,549300JSEQ2C9KN8A350,US0917482020,GLEIF,BBG01FZQP5S0,BBG01FZQP6S8,BITC,,,unresolved
S000079716,PIMCO Commodity Strategy Active Exchange-Traded Fund,549300FW8J0DNOBABK03,US72201R5937,SEC-NPORT,BBG01G446S02,BBG01G446SV8,CMDT,,,unresolved
S000079720,GMO U.S. Opportunistic Value Fund,549300D1IT1TGIT5NX36,US36256V4370,SEC-NPORT,BBG01F5X8464,BBG01F6Q8XL7,UUOAX,,,unresolved
S000079726,AST J.P. Morgan Fixed Income Central Portfolio,549300GMPRFOKDNCEZ38,US00771J4519,GLEIF,,,,,,unresolved
S000079790,Volatility Premium Plus ETF,54930004PIFZQCY1G840,US92864M2026,GLEIF,BBG01G6K5K57,BBG01G6K5L19,ZVOL,,,unresolved
S000079794,BRIDGE BUILDER MUNICIPAL HIGH-INCOME BOND FUND,549300WUJYU3AUMIZ279,US10803R8271,GLEIF,BBG01C99DNR9,BBG01C9HM5P2,BBMHX,,,unresolved
S000079814,JPMorgan Limited Duration Bond ETF,5493000BIWEW3H1AQT90,US46654Q7732,SEC-NPORT,BBG01H504ZG6,BBG01H5050G2,JPLD,,,unresolved
S000079835,T. Rowe Price Growth ETF,254900FZOQLOMTZRS328,US87283Q8428,SEC-NPORT,BBG01GZW6YF7,BBG01GZW6Z82,TGRT,,,unresolved
S000079874,LVIP JPMorgan Core Bond Fund,549300G0KAUIXSZUYB35,US53500L7432,SEC-NPORT,,,,,,unresolved
S000079901,National Security Emerging Markets Index ETF,549300JH3P97OGSZI616,US66537J4085,GLEIF,BBG01KG2J1H1,BBG01KG2J2H9,NSI,,,unresolved
S000079928,North Star Small Cap Value Fund,54930009WLEFYJHJZT92,US66538F1738,GLEIF,BBG01GP1HR87,BBG01GP1HRB3,WSCVX,,,unresolved
S000079928,North Star Small Cap Value Fund,54930009WLEFYJHJZT92,US66538F1811,GLEIF,BBG01GP1HLN3,BBG01GP1HLT7,WFICX,,,unresolved
S000079928,North Star Small Cap Value Fund,54930009WLEFYJHJZT92,US9333101049,GLEIF,,,,,,unresolved
S000079963,Simplify Commodities Strategy No K-1 ETF,549300LUJCGPQCEX8Q16,US82889N5665,GLEIF,BBG01G1P7BL1,BBG01G1P7CH4,HARD,,,unresolved
S000080054,DoubleLine Commercial Real Estate ETF,549300GVECK72DWOE818,US25861R3030,GLEIF,BBG01G091DL0,BBG01G091FF2,DCRE,,,unresolved
S000080055,DoubleLine Mortgage ETF,549300HCBHESHBLJEF25,US25861R4020,GLEIF,BBG01G091LD1,BBG01G091M76,DMBS,,,unresolved
S000080056,Aristotle Portfolio Optimization Conservative Fund,549300AQCMZQLW12AY12,US04045F1057,GLEIF,BBG01G9MG962,BBG01G9MG971,POAAX,,,unresolved
S000080057,Aristotle Short Duration Income Fund,549300VT1KBCJFS7TL26,US04045F7583,SEC-NPORT,BBG01G9M5VN6,BBG01G9M5VP4,PLSDX,,,unresolved
S000080062,Aristotle Core Equity Fund,549300YKBQL6UQG6FD90,US04045F4366,SEC-NPORT,BBG01FM975N7,BBG01FMXKHZ0,ARILX,,,unresolved
S000080063,Aristotle Growth Equity Fund,549300YXQMCQ0HPRDE68,US04045F4283,SEC-NPORT,BBG01FMZ9PY1,BBG01FN0HXS8,ARIGX,,,unresolved
S000080065,Aristotle International Equity Fund,549300PMYMFIHPIBAW90,US04045F4101,SEC-NPORT,BBG01FMZ9PT7,BBG01FN0H5W4,ARIFX,,,unresolved
S000080072,Aristotle Core Income Fund,549300GIGDIUWY2UKS16,US04045F7179,SEC-NPORT,BBG01G9MC1M5,BBG01G9MC1N4,PLIIX,,,unresolved
S000080073,Aristotle Core Bond Fund,549300FRIPQGRHTMPJ36,US04045F6833,SEC-NPORT,BBG01G9M6419,BBG01G9M6446,PLEBX,,,unresolved
S000080074,Aristotle Floating Rate Income Fund,549300PVA8TYPMB3KX38,US04045F5926,SEC-NPORT,BBG01G9M4Y79,BBG01G9M4Y88,PLFRX,,,unresolved
S000080075,Aristotle High Yield Bond Fund,549300HBDOSWLENAQC67,US04045F5504,SEC-NPORT,BBG01G9LZGX7,BBG01G9LZGY6,PLHIX,,,unresolved
S000080090,Innovator Premium Income 30 Barrier ETF - April,54930004NRJYAQCARN36,US45783Y6169,GLEIF,BBG01G42Y382,BBG01G42Y435,APRJ,,,unresolved
S000080097,Transamerica Long Credit,54930002XJGTICGFHW21,US89356M6176,SEC-NPORT,BBG01JZN5Y71,BBG01K1Y6MF7,TRLCDIN,,,unresolved
S000080101,Schwab High Yield Bond ETF,54930009R7VCR5XYW907,US8085246317,SEC-NPORT,BBG01F80WX71,BBG01F80WYB4,SCYB,,,unresolved
S000080123,Pacer US Small Cap Cash Cows Growth Leaders ETF,5493000BJ50SR3KICD79,US69374H3527,GLEIF,BBG01GHNGXP7,BBG01GHNGYJ2,CAFG,,,unresolved
S000080181,Calvert Small/Mid-Cap Fund,549300085L1NSA5LCU34,US13161X7176,SEC-NPORT,BBG01G53YY81,BBG01G56DW72,CMCIX,,,unresolved
S000080212,AllianzIM U.S. Equity Buffer20 May ETF,5493008A49XVRZPRZ918,US00888H7522,SEC-NPORT,BBG01GDFT7K6,BBG01GDFT8D2,MAYW,,,unresolved
S000080214,AllianzIM U.S. Equity Buffer20 Jun ETF,549300I0NTBJTYQUQO97,US00888H7373,SEC-NPORT,BBG01GQYB631,BBG01GQYB6Z6,JUNW,,,unresolved
S000080216,AllianzIM U.S. Equity Buffer20 Aug ETF,549300HKGKW45N6IYQ06,US00888H7118,SEC-NPORT,BBG01HDWX4R2,BBG01HDWX5T7,AUGW,,,unresolved
S000080218,AllianzIM U.S. Equity Buffer20 Sep ETF,549300EUOF3LG63LV452,US00888H6870,SEC-NPORT,BBG01J051X29,BBG01J051XY4,SEPW,,,unresolved
S000080333,Strive Enhanced Income Short Maturity ETF,5493000HC7HNRBCTST54,US02072L4418,SEC-NPORT,BBG01HTJY992,BBG01HTJYB42,BUXX,,,unresolved
S000080366,Grandeur Peak Emerging Markets Opportunities Fund,54930009VHSY45FH6P46,US38656X1046,GLEIF,BBG01JRMG1F3,BBG01JRMG1H1,GPEIX,,,unresolved
S000080366,Grandeur Peak Emerging Markets Opportunities Fund,54930009VHSY45FH6P46,US38656X8157,GLEIF,BBG01JRMHXC5,BBG01JRMHXG1,GPEOX,,,unresolved
S000080367,Grandeur Peak US Stalwarts Fund,54930009TS7OVQGYPI17,US38656X8231,GLEIF,BBG01JRQ5LM4,BBG01JRQ5LP1,GUSYX,,,unresolved
S000080368,Grandeur Peak Global Contrarian Fund,54930009TGPHTQBKGP32,US38656X2036,GLEIF,BBG01JRMKQ72,BBG01JRMKQ81,GPGCX,,,unresolved
S000080369,Grandeur Peak Global Explorer Fund,54930009UH81QJNXPK09,US38656X3026,GLEIF,BBG01JRQ1RN4,BBG01JRQ1RR0,GPGEX,,,unresolved
S000080370,Grandeur Peak Global Micro Cap Fund,54930009V6REUZWHYJ43,US38656X4016,GLEIF,BBG01JRQ2C74,BBG01JRQ2C92,GPMCX,,,unresolved
S000080371,Grandeur Peak Global Opportunities Fund,54930009V9EIXTB4G561,US38656X5005,GLEIF,BBG01JRQ3XK2,BBG01JRQ3XM0,GPGOX,,,unresolved
S000080371,Grandeur Peak Global Opportunities Fund,54930009V9EIXTB4G561,US38656X6094,GLEIF,BBG01JRQ47K8,BBG01JRQ47M6,GPGIX,,,unresolved
S000080372,Grandeur Peak Global Reach Fund,54930009VBGMU3G0RM57,US38656X7084,GLEIF,BBG01JRQ7FX3,BBG01JRQ7FY2,GPROX,,,unresolved
S000080372,Grandeur Peak Global Reach Fund,54930009VBGMU3G0RM57,US38656X8074,GLEIF,BBG01JRQ5Y91,BBG01JRQ5YB8,GPRIX,,,unresolved
S000080373,Grandeur Peak Global Stalwarts Fund,54930009V9HLYRFU7L84,US38656X8728,GLEIF,BBG01JRQ7XK8,BBG01JRQ7XL7,GGSYX,,,unresolved
S000080373,Grandeur Peak Global Stalwarts Fund,54930009V9HLYRFU7L84,US38656X8801,GLEIF,BBG01JRQ88W9,BBG01JRQ88X8,GGSOX,,,unresolved
S000080374,Grandeur Peak International Opportunities Fund,54930009UGDMFYVDFP03,US38656X8561,GLEIF,BBG01JRQ9Y51,BBG01JRQ9Y60,GPIIX,,,unresolved
S000080374,Grandeur Peak International Opportunities Fund,54930009UGDMFYVDFP03,US38656X8645,GLEIF,BBG01JRQB6C1,BBG01JRQB6D0,GPIOX,,,unresolved
S000080375,Grandeur Peak International Stalwarts Fund,54930009UM0BTNPEA345,US38656X8314,GLEIF,BBG01JRQC499,BBG01JRQC4B6,GISYX,,,unresolved
S000080375,Grandeur Peak International Stalwarts Fund,54930009UM0BTNPEA345,US38656X8496,GLEIF,BBG01JRQCN97,BBG01JRQCNC3,GISOX,,,unresolved
S000080411,iShares Flexible Income Active ETF,5299008ELWKMLX9XJP73,US0925286033,SEC-NPORT,BBG01GQYLJ23,BBG01GQYLJY8,BINC,,,unresolved
S000080425,PIMCO Multisector Bond Active Exchange-Traded Fund,5493000GFQP1EZBJDY50,US72201R5853,SEC-NPORT,BBG01GZGT3G4,BBG01GZGT490,PYLD,,,unresolved
S000080433,Hull Tactical US ETF,5493000AFBMV6WNE3U29,US14064D5196,GLEIF,BBG01GVX6Q02,BBG01GVX6QV8,HTUS,,,unresolved
S000080449,Fundamentals First ETF,5493000ECAGVGQWKTY65,US5748171023,GLEIF,BBG01LMYHYZ2,BBG01LMYHZV3,KNOW,,,unresolved
S000080459,Direxion HCM Tactical Enhanced US ETF,5493000GOMEINREXLY52,US25461A7265,SEC-NPORT,BBG01H2QHQB3,BBG01H2QHR85,HCMT,,,unresolved
S000080468,Running Oak Efficient Growth ETF,5493000EQYIDAXKGFH18,US48817R8705,GLEIF,BBG01GX67J40,BBG01GX67JZ6,RUNN,,,unresolved
S000080473,NYLI Fiera SMID Growth Fund,5493000ALHDIFU0STF84,US31660Q6035,GLEIF,,,,,,unresolved
S000080473,NYLI Fiera SMID Growth Fund,5493000ALHDIFU0STF84,US31660Q7025,GLEIF,,,,,,unresolved
S000080473,NYLI Fiera SMID Growth Fund,5493000ALHDIFU0STF84,US56065F4494,SEC-NPORT,BBG01GDKJ343,BBG01GF5Z015,APSDX,,,unresolved
S000080479,T. Rowe Price Hedged Equity Fund,254900ZT332V4E7CGG26,US87283V4032,SEC-NPORT,BBG01G2S4K91,BBG01G4201F5,PHEIX,,,unresolved
S000080479,T. Rowe Price Hedged Equity Fund,254900ZT332V4E7CGG26,US87283V5021,SEC-NPORT,BBG01G2S4KB8,BBG01G41MVD9,PZHEX,,,unresolved
S000080571,Natixis Loomis Sayles Focused Growth ETF,2549007J8L8DMPF0NM17,US63875W4069,SEC-NPORT,BBG01H312L97,BBG01H312M40,LSGR,,,unresolved
S000080584,Simplify Multi-QIS Alternative ETF,5493000ECD76VI8L4769,US82889N5335,GLEIF,BBG01HDDPYM2,BBG01HDDPZG6,QIS,,,unresolved
S000080585,Simplify Opportunistic Income ETF,5493000ECJNWMYAROH65,US82889N5582,GLEIF,BBG01H5J08X0,BBG01H5J09R5,CRDT,,,unresolved
S000080610,2x Bitcoin Strategy ETF,5493000EQPCVFIDP2125,US92864M3016,GLEIF,BBG01GXLYLP9,BBG01GXLYNB0,BITX,,,unresolved
S000080642,iShares iBonds 2030 Term High Yield and Income ETF,529900SHKXPILHSDZS80,US46436E1221,SEC-NPORT,BBG01H4B2517,BBG01H4B25W3,IBHJ,,,unresolved
S000080643,iShares iBonds Dec 2033 Term Corporate ETF,529900IOKW3T7OG40Z22,US46436E1304,SEC-NPORT,BBG01H4B29Q2,BBG01H4B2BK3,IBDY,,,unresolved
S000080688,VictoryShares Free Cash Flow ETF,5493000FVGQ9SU6HI752,US92647X8305,SEC-NPORT,BBG01H064V59,BBG01H064W02,VFLO,,,unresolved
S000080756,Innovator Premium Income 20 Barrier ETF - July,5493000EC9P7ZK6OIU09,US45783Y5823,GLEIF,BBG01H7C24V2,BBG01H7C25P6,JULH,,,unresolved
S000080757,Innovator Premium Income 30 Barrier ETF - July,5493000EBVMNBM5KXH69,US45783Y5666,GLEIF,BBG01H7C25W8,BBG01H7C26Q3,JULJ,,,unresolved
S000080886,iShares iBonds Oct 2026 Term TIPS ETF,529900MT48LA3S83VH14,US46438G5053,SEC-NPORT,BBG01JD01JT8,BBG01JD01KN1,IBIC,,,unresolved
S000080887,iShares iBonds Oct 2027 Term TIPS ETF,529900TYC68ET56H4H85,US46438G6044,SEC-NPORT,BBG01JCY0151,BBG01JCY0204,IBID,,,unresolved
S000080888,iShares iBonds Oct 2028 Term TIPS ETF,529900QW20C4SSQWKU50,US46438G7034,SEC-NPORT,BBG01JCZZQJ0,BBG01JCZZS15,IBIE,,,unresolved
S000080889,iShares iBonds Oct 2029 Term TIPS ETF,529900SQKLJ46WN1UY82,US46438G8024,SEC-NPORT,BBG01JFZG2G4,BBG01JFZG390,IBIF,,,unresolved
S000080890,iShares iBonds Oct 2030 Term TIPS ETF,5299001NHZG37XQ0OS95,US46438G8859,SEC-NPORT,BBG01JFZGNW0,BBG01JFZGPQ2,IBIG,,,unresolved
S000080903,Innovator Equity Defined Protection ETF - 2 Yr to July 2027,5493000L0VSYEDRATB40,US45783Y5419,GLEIF,BBG01HF042P8,BBG01HF043V9,TJUL,,,unresolved
S000080934, EQ/Core Plus Bond Portfolio ,529900USVXAUV74PMV81,US26884M3218,SEC-NPORT,BBG01K8NP356,BBG01K8NP374,EQEPBUN,,,unresolved
S000080946,PGIM Short Duration Multi-Sector Bond ETF,5493000IJ6SBQ4F1ZB28,US69344A8421,SEC-NPORT,BBG01HHRPG64,BBG01HHRPH17,PSDM,,,unresolved
S000080947,PGIM AAA CLO ETF,5493000IJ4TGDWNHKI54,US69344A8348,SEC-NPORT,BBG01HHR9T46,BBG01HHR9TZ2,PAAA,,,unresolved
S000080998,First Trust Intermediate Government Opportunities ETF,5493000G9GN9OLNUML64,US33738D8386,SEC-NPORT,BBG01HP28171,BBG01HP28233,MGOV,,,unresolved
S000081083,NYLI PineStone International Equity Fund,5493000GSVNQG8L7AH10,US56065F3579,SEC-NPORT,BBG01J3RY5C2,BBG01J3RY5D1,FCIWX,,,unresolved
S000081084,NYLI PineStone U.S. Equity Fund,5493000GSXRFD3ZY0H91,US56065F2902,SEC-NPORT,BBG01GY6BFY9,BBG01GYXQD33,FCUDX,,,unresolved
S000081094,Madison Covered Call ETF,5493000IABPYPS2KRC89,US5574414091,GLEIF,BBG01J08C7J0,BBG01J08C8C5,CVRD,,,unresolved
S000081095,Madison Short-Term Strategic Income ETF,5493000IALOEBWLDVK15,US5574412012,GLEIF,BBG01J6BYG03,BBG01J6BYHC8,MSTI,,,unresolved
S000081096,Madison Dividend Value ETF,5493000IABVCBRPOIQ09,US5574415080,GLEIF,BBG01HWNYJX0,BBG01HWNYKS3,DIVL,,,unresolved
S000081097,Madison Aggregate Bond ETF,5493000IAHAFHNP0JZ30,US5574413002,GLEIF,BBG01J3GR1H8,BBG01J3GR2B2,MAGG,,,unresolved
S000081193,Global X Defense Tech ETF,5493000IAPVTNCMGSU03,US37960A5294,SEC-NPORT,BBG01J6K2R13,BBG01J6K2RX8,SHLD,,,unresolved
S000081198,Bitwise Trendwise Ethereum and Treasuries Rotation Strategy ETF,529900SWM7WKWSCG8N18,US0917483010,GLEIF,BBG01JLGS0C4,BBG01JLGS178,AETH,,,unresolved
S000081203,Astoria US Equal Weight Quality Kings ETF,5493000KPU0CMZG7RQ14,US02072L4335,SEC-NPORT,BBG01HQ6C8G1,BBG01HQ6C997,ROE,,,unresolved
S000081237,JPMorgan Global Select Equity ETF,5493000IA63JXH4YO068,US46654Q7401,SEC-NPORT,BBG01J1LP430,BBG01J1LP500,JGLO,,,unresolved
S000081272,First Trust Intermediate Duration Investment Grade Corporate ETF,5493000JANI0VIGPCH37,US33738D7966,SEC-NPORT,BBG01HPQFCW8,BBG01HPQFDQ3,FIIG,,,unresolved
S000081275,FT Vest SMID Rising Dividend Achievers Target Income ETF,5493000JA92A1N483Z57,US33738D8204,SEC-NPORT,BBG01HPQGCD8,BBG01HPQGD73,SDVD,,,unresolved
S000081278,FT Vest Technology Dividend Target Income ETF,5493000JADQNW8BDP789,US33738D8121,SEC-NPORT,BBG01HPRC3M0,BBG01HPRC4K0,TDVI,,,unresolved
S000081339,Zacks All-Cap Core Fund,529900NI7TLWD8ZJ8E57,US98888G3039,GLEIF,BBG01LDZ5VR7,BBG01LDZ5VS6,CZOVX,,,unresolved
S000081340,Zacks Dividend Fund,529900K8WKSFO0BV9D88,US98888G6008,GLEIF,BBG01LDZ71V6,BBG01LDZ71X4,ZDIVX,,,unresolved
S000081340,Zacks Dividend Fund,529900K8WKSFO0BV9D88,US98888G7097,GLEIF,BBG01LDZ6QS6,BBG01LDZ6QT5,ZDIIX,,,unresolved
S000081341,Zacks Small-Cap Core Fund,529900M99CAU3KTPVB41,US98888G4029,GLEIF,BBG01LDZBS33,BBG01LDZBS60,ZSCCX,,,unresolved
S000081341,Zacks Small-Cap Core Fund,529900M99CAU3KTPVB41,US98888G5018,GLEIF,BBG01LDZ9M93,BBG01LDZ9MB0,ZSCIX,,,unresolved
S000081510,Goldman Sachs Nasdaq-100 Premium Income ETF,984500CAFEAB347DZ871,US38149W6306,SEC-NPORT,BBG01JRTZQ08,BBG01JRTZQX2,GPIQ,,,unresolved
S000081642,Brandes International ETF,5493000L37RXKX8UYZ17,US9009342091,GLEIF,BBG01JM52LJ2,BBG01JM52MM6,BINV,,,unresolved
S000081643,Brandes U.S. Small-Mid Cap Value ETF,5493000L3SZAMTCSH324,US9009341002,GLEIF,BBG01JM4XMQ1,BBG01JM4XNR8,BSMC,,,unresolved
S000081644,Brandes U.S. Value ETF,5493000L3T6RZSLSQO40,US9009343081,GLEIF,BBG01JM4S879,BBG01JM4S959,BUSA,,,unresolved
S000081645,Eagle Capital Select Equity ETF,5493000L3WAZFT3NEZ21,US88339Y1029,GLEIF,BBG01M375DT6,BBG01M375FN7,EAGL,,,unresolved
S000081672,Invesco BulletShares 2033 Corporate Bond ETF,254900PDI2GNZ8PCD259,US46139W8257,SEC-NPORT,BBG01J7CZNX8,BBG01J7CZQ61,BSCX,,,unresolved
S000081702,iShares U.S. Large Cap Premium Income Active ETF,5299007TZEF4D3SODG88,US09290C8635,SEC-NPORT,BBG01JJ8XLW1,BBG01JJ8XMV0,BALI,,,unresolved
S000081709,Innovator International Developed Power Buffer ETF - September,529900WOOTJSIC95T220,US45783Y5336,GLEIF,BBG01J43LC15,BBG01J43LCY9,ISEP,,,unresolved
S000081710,Innovator International Developed Power Buffer ETF - November,5299007BCBXDKRPY6183,US45783Y4594,GLEIF,BBG01JZB88N3,BBG01JZB89H8,INOV,,,unresolved
S000081711,Innovator International Developed Power Buffer ETF - December,529900RWXVB75RXM3Q84,US45783Y4263,GLEIF,BBG01KCH53T0,BBG01KCH54N4,IDEC,,,unresolved
S000081712,Innovator International Developed Power Buffer ETF - February,529900R0DV8JRTBDRS87,US45783Y3505,GLEIF,BBG01L5730Z9,BBG01L5731T4,IFEB,,,unresolved
S000081714,Innovator International Developed Power Buffer ETF - March,529900ALXOYPFQ51BF08,US45783Y3430,GLEIF,BBG01LR4C386,BBG01LR4C448,IMAR,,,unresolved
S000081715,Innovator International Developed Power Buffer ETF - May,5299005N5SYQGPC7DT08,US45783Y2937,GLEIF,BBG01MMS31G1,BBG01MMS32D2,IMAY,,,unresolved
S000081716,Innovator International Developed Power Buffer ETF - June,529900G1NSE62PUTFR59,US45783Y2853,GLEIF,BBG01N46Z3Z7,BBG01N46Z582,IJUN,,,unresolved
S000081717,Innovator International Developed Power Buffer ETF - August,529900M1M4WUR4DAE209,US45783Y1459,GLEIF,BBG01P0X5YS0,BBG01P0X6094,IAUG,,,unresolved
S000081739,Absolute Convertible Arbitrage Fund,5493000NKQNH7CADRD86,US90470L3603,SEC-NPORT,BBG01J9M0605,BBG01J9M0614,ARBIX,,,unresolved
S000081761,Brookstone Dividend Stock ETF,5493000NJ2VNIACLTD57,US66537J5074,GLEIF,BBG01JG50QK8,BBG01JG50RG1,BAMD,,,unresolved
S000081762,Brookstone Growth Stock ETF,5493000NJE0UOP0ENS13,US66537J6064,GLEIF,BBG01JG4JRS1,BBG01JG4JSN4,BAMG,,,unresolved
S000081766,Brookstone Value Stock ETF,5493000NJQG9DTPHBC21,US66537J7054,GLEIF,BBG01JG4GBQ1,BBG01JG4GCK5,BAMV,,,unresolved
S000081802,Fidelity Enhanced International ETF,2549006JF0656LMP5685,US31609A4040,SEC-NPORT,BBG01K4JLYL7,BBG01K4JLZG0,FENI,,,unresolved
S000081805,Fidelity Enhanced Large Cap Growth ETF,254900KYAE0AQL84TM76,US31609A3059,SEC-NPORT,BBG01K4K7ZF4,BBG01K4K80N1,FELG,,,unresolved
S000081846,GGM Macro Alignment ETF,52990034DSOKM29B9C16,US66538F1571,GLEIF,BBG01JFKB9Z6,BBG01JFKBBW4,GGM,,,unresolved
S000081958,Zacks Small/Mid Cap ETF,529900JHTVZ2B7UZ1C73,US98888G2049,GLEIF,BBG01JLG9QX5,BBG01JLG9RS9,SMIZ,,,unresolved
S000081985,Innovator Premium Income 15 Buffer ETF - October,529900HKRPCGF9HHB514,US45783Y4347,GLEIF,BBG01JLFPPX1,BBG01JLFPQR6,LOCT,,,unresolved
S000081986,Innovator U.S. Equity 5 to 15 Buffer ETF - Quarterly,5299003MOOL7WJJQDL96,US45783Y4750,GLEIF,BBG01JLFPCK4,BBG01JLFPDD0,EALT,,,unresolved
S000081987,Innovator U.S. Equity 10 Buffer ETF - Quarterly,529900WSB59EHDMQMK14,US45783Y4420,GLEIF,BBG01JLFPK08,BBG01JLFPKY1,ZALT,,,unresolved
S000082009,ALPS Smith Core Plus Bond ETF,254900Q5ZW3UQSG4LS58,US00162Q3469,SEC-NPORT,BBG01KFVRPK2,BBG01KFVRQH4,SMTH,,,unresolved
S000082311,Innovator Premium Income 20 Barrier ETF - October,5299002P58Q8HYJU4369,US45783Y5252,GLEIF,BBG01JLFBYV9,BBG01JLFBZQ2,OCTH,,,unresolved
S000082312,Innovator Premium Income 30 Barrier ETF - October,529900HLMGUCUU64EZ91,US45783Y4917,GLEIF,BBG01JLFCX59,BBG01JLFCY11,OCTJ,,,unresolved
S000082350,Champlain Strategic Focus Fund,529900AXRXAEJ8I8X697,US00791R4002,GLEIF,BBG01J9LQQ96,BBG01JG05ZP9,CIPRX,,,unresolved
S000082787,First Trust Core Investment Grade ETF,254900YDW62BMWVRZQ85,US33738D7883,SEC-NPORT,BBG01K0TZ9L9,BBG01K0TZBY0,FTCB,,,unresolved
S000082880,SP Funds S&P Global Technology ETF,529900C0JEA4YB413541,US84612A1016,GLEIF,BBG01KBPN4C9,BBG01KBPN563,SPTE,,,unresolved
S000082910,Langar Global HealthTech ETF,529900D9X7OHMO3DS386,US84858T8633,SEC-NPORT,BBG01KY33LC7,BBG01KY33M71,LGHT,,,unresolved
S000082930,Janus Henderson Securitized Income ETF,213800ILCSKNDETKIU60,US47103U7467,SEC-NPORT,BBG01K26DV32,BBG01K26DVY8,JSI,,,unresolved
S000082966,Simplify MBS ETF,529900BTWVWYXPUFO805,US82889N5251,GLEIF,BBG01JXBTW68,BBG01JXBTX20,MTBA,,,unresolved
S000082992,GMO U.S. Quality ETF,529900AWFVABQJK0I292,US90139K1007,GLEIF,BBG01K0RTKH0,BBG01K0RTLB4,QLTY,,,unresolved
S000083005,Goldman Sachs MarketBeta(R) Russell 1000 Growth Equity ETF,98450077HF54081CCA21,US38149W5985,SEC-NPORT,BBG01KBSDNS5,BBG01KBSDPM6,GGUS,,,unresolved
S000083006,Goldman Sachs MarketBeta(R) Russell 1000 Value Equity ETF,984500C7ED1E3E108047,US38149W5803,SEC-NPORT,BBG01KC4D463,BBG01KC4D515,GVUS,,,unresolved
S000083139,Hartford US Quality Growth ETF,254900IIC8FQAPYSWS80,US5184168392,SEC-NPORT,BBG01KD9HBJ7,BBG01KD9HCD1,HQGO,,,unresolved
S000083140,Hartford US Value ETF,2549002TBGA46YV43Q32,US5184168475,SEC-NPORT,BBG01KD9FY90,BBG01KD9FZ42,VMAX,,,unresolved
S000083243,Range Nuclear Renaissance Index ETF,529900G0IGWBAS9GIV48,US3015054758,SEC-NPORT,BBG01KN5YW63,BBG01KN5YX16,NUKZ,,,unresolved
S000083268,PGIM S&P 500 Buffer 20 ETF - December,529900EHQ7WAIXQPU949,US69420N7599,GLEIF,BBG01MQT6PZ8,BBG01MQT6QX8,PBDE,,,unresolved
S000083269,PGIM S&P 500 Buffer 20 ETF - March,529900A1NF1XPJE6SC52,US69420N6013,GLEIF,BBG01LNYZS84,BBG01LNYZT37,PBMR,,,unresolved
S000083270,PGIM S&P 500 Buffer 20 ETF - February,529900SQQI76Q9N28M61,US69420N4034,GLEIF,BBG01L5NP507,BBG01L5NP5V3,PBFB,,,unresolved
S000083271,PGIM S&P 500 Buffer 20 ETF - January,529900AXMYRAMNE9JK62,US69420N2053,GLEIF,BBG01KS9BC23,BBG01KS9BCZ7,PBJA,,,unresolved
S000083272,PGIM S&P 500 Buffer 12 ETF - December,529900BR3KRW756BL614,US69420N7268,GLEIF,BBG01MQT5TF3,BBG01MQT5WD8,DECP,,,unresolved
S000083273,PGIM S&P 500 Buffer 12 ETF - November,529900F2I9C70XA3WH44,US69420N7342,GLEIF,BBG01MRDKQF6,BBG01MRDKR82,NOVP,,,unresolved
S000083274,PGIM S&P 500 Buffer 12 ETF - October,529900QYM56KNKOEJV68,US69420N7425,GLEIF,BBG01MQTS5Z8,BBG01MQTS6V0,OCTP,,,unresolved
S000083275,PGIM S&P 500 Buffer 12 ETF - September,529900OE18G6HIJA2W23,US69420N7912,GLEIF,BBG01MQY5GZ8,BBG01MQY5J64,SEPP,,,unresolved
S000083276,PGIM S&P 500 Buffer 12 ETF - August,5299006TYAPHCIHDO967,US69420N8258,GLEIF,BBG01MQ8J4J5,BBG01MQ8J5D8,AUGP,,,unresolved
S000083277,PGIM S&P 500 Buffer 12 ETF - July,529900D63DNC3Z9KU776,US69420N8415,GLEIF,BBG01MQT4BZ1,BBG01MQT4CW2,JULP,,,unresolved
S000083278,PGIM S&P 500 Buffer 12 ETF - June,529900J2VJDFGJUCEI21,US69420N8662,GLEIF,BBG01MR9Y833,BBG01MR9Y8Z8,JUNP,,,unresolved
S000083279,PGIM S&P 500 Buffer 20 ETF - November,529900BSFKNG844KZ171,US69420N7672,GLEIF,BBG01MQVQ424,BBG01MQVQ503,PBNV,,,unresolved
S000083280,PGIM S&P 500 Buffer 12 ETF - May,529900GP54X9JUS8U898,US69420N8829,GLEIF,BBG01MLXZZV4,BBG01MLY00Q3,MAYP,,,unresolved
S000083281,PGIM S&P 500 Buffer 12 ETF - April,52990029BG29S4AQI086,US69420N7003,GLEIF,BBG01M362VH4,BBG01M362WB8,APRP,,,unresolved
S000083282,PGIM S&P 500 Buffer 12 ETF - March,529900CA8OZ4Y0SAPA32,US69420N5023,GLEIF,BBG01LNWDQR5,BBG01LNWDRL9,MRCP,,,unresolved
S000083283,PGIM S&P 500 Buffer 12 ETF - February,5299005EX6FTGF0QQH20,US69420N3044,GLEIF,BBG01L5NJGH2,BBG01L5NJHC5,FEBP,,,unresolved
S000083284,PGIM S&P 500 Buffer 12 ETF - January,529900BRM98JBWLZ6J94,US69420N1063,GLEIF,BBG01KS9BVN8,BBG01KS9BWK9,JANP,,,unresolved
S000083285,PGIM S&P 500 Buffer 20 ETF - October,529900UCC9HLUI3OTK71,US69420N7755,GLEIF,BBG01MR9XGF3,BBG01MR9XHZ9,PBOC,,,unresolved
S000083286,PGIM S&P 500 Buffer 20 ETF - September,529900AQG7SR3UA94N47,US69420N7839,GLEIF,BBG01MQT8JX2,BBG01MQT8KX9,PBSE,,,unresolved
S000083287,PGIM S&P 500 Buffer 20 ETF - August,529900OKEP9AHJI4AX03,US69420N8175,GLEIF,BBG01MQT07V8,BBG01MQT08X4,PBAU,,,unresolved
S000083288,PGIM S&P 500 Buffer 20 ETF - July,529900BN2UMNSSBY5230,US69420N8332,GLEIF,BBG01MQTBT93,BBG01MQTBV98,PBJL,,,unresolved
S000083289,PGIM S&P 500 Buffer 20 ETF - June,529900GXGN1UM4RG8534,US69420N8589,GLEIF,BBG01MQVW0P0,BBG01MQVW1P8,PBJN,,,unresolved
S000083290,PGIM S&P 500 Buffer 20 ETF - May,529900JIX1PVXYOI7R39,US69420N8746,GLEIF,BBG01MLXNHP4,BBG01MLXNJY0,PBMY,,,unresolved
S000083291,PGIM S&P 500 Buffer 20 ETF - April,529900L7Q47558XIDP51,US69420N8092,GLEIF,BBG01M34HH57,BBG01M34HJ08,PBAP,,,unresolved
S000083302,The Nightview Fund,529900AHKKRUAE7R7C48,US14064D4850,GLEIF,BBG01NC4T4J6,BBG01NC4T5F7,NITE,,,unresolved
S000083370,Leuthold Core Investment Fund,5299001PXPDUE8NJT579,US56167R3093,GLEIF,,,,,,unresolved
S000083372,Leuthold Global Fund,529900RD2O88IMYY7Z50,US56167R4083,GLEIF,,,,,,unresolved
S000083373,Leuthold Core ETF,5299009E1CVBO7WGV813,US56167R6062,GLEIF,BBG01RW21J60,BBG01RW21K67,LCR,,,unresolved
S000083374,Leuthold Select Industries ETF,529900MV2XLI93L2HK75,US56167R7052,GLEIF,BBG01RRRZGG9,BBG01RRRZHW9,LST,,,unresolved
S000083414,Oak Harvest Long/Short Hedged Equity Fund,529900PEEQ4IP4TXKH33,US14064D4777,GLEIF,BBG01JWXF1B8,BBG01JYDNKL8,OHFGX,,,unresolved
S000083449,AST Bond Portfolio 2035,529900XCFAPDA50AU060,US00771J4287,GLEIF,,,,,,unresolved
S000083494,Cambria Micro and SmallCap Shareholder Yield ETF,254900BVR74GT40DHD80,US1320617970,SEC-NPORT,BBG01KVM1J71,BBG01KVM1K87,MYLD,,,unresolved
S000083495,Cambria Tactical Yield ETF,25490054FLEMCJXPUD44,US1320617897,SEC-NPORT,BBG01KVLTC50,BBG01KVLTD21,TYLD,,,unresolved
S000083496,SP Funds S&P World (ex-US) ETF,529900TOV2AMETZGRK34,US84612A2006,GLEIF,BBG01KPW9GW6,BBG01KPW9HQ1,SPWO,,,unresolved
S000083544,Innovator Equity Defined Protection ETF - 2 Yr to January 2028,5299007WPNHVKMIRJX90,US45783Y4180,GLEIF,BBG01KTTT4N4,BBG01KTTT5K4,AJAN,,,unresolved
S000083546,Innovator Premium Income 20 Barrier ETF - January,549300WRTMPINZRMOR71,US45783Y6573,GLEIF,BBG01KTV6ZC7,BBG01KTV7088,JANH,,,unresolved
S000083547,Innovator Premium Income 30 Barrier ETF - January,529900Z9RP76NQVXI216,US45783Y3760,GLEIF,BBG01KTTZDJ2,BBG01KTTZFC4,JANJ,,,unresolved
S000083550,Innovator Premium Income 15 Buffer ETF - January,529900HY1G3OM40MLO68,US45783Y3687,GLEIF,BBG01KTV64J9,BBG01KTV65F0,LJAN,,,unresolved
S000083583,Venerable High Yield Fund,254900KBL3QFAAFKFQ63,US92264L2007,SEC-NPORT,BBG01K78P092,BBG01K8NXPY6,VHYIX,,,unresolved
S000083584,Venerable Large Cap Index Fund,254900JAWAGB5WVC0T97,US92264L4086,SEC-NPORT,BBG01K78P0K9,BBG01K8QF3Q7,VVLIX,,,unresolved
S000083586,Venerable Strategic Bond Fund,254900S4P6I6HPX17E53,US92264L8046,SEC-NPORT,BBG01K78P0D7,BBG01K8PTQS1,VVBIX,,,unresolved
S000083587,Venerable US Large Cap Core Equity Fund,254900XG0UKHJ9ZNBU07,US92264L8798,SEC-NPORT,BBG01K78P0H3,BBG01K8QBKG4,VVEIX,,,unresolved
S000083588,Venerable US Large Cap Strategic Equity Fund,254900OP8K1KVW2WIM80,US92264L8533,SEC-NPORT,BBG01K78P109,BBG01K8QHXY0,VVSIX,,,unresolved
S000083700,DoubleLine Commodity Strategy ETF ,52990029G3JPVI1A4F65,US25861R5019,GLEIF,BBG01L55T281,BBG01L55T343,DCMT,,,unresolved
S000083701,DoubleLine Fortune 500 Equal Weight ETF,529900DQFPSMROGKPF85,US25861R6009,GLEIF,BBG01L55HZK7,BBG01L55J0F8,DFVE,,,unresolved
S000083789,XD Treasury Money Market Fund,529900UE1G0F128NH331,US98388U1097,GLEIF,BBG01KFXND83,BBG01KH0JJJ3,IXDXX,,,unresolved
S000083789,XD Treasury Money Market Fund,529900UE1G0F128NH331,US98388U2087,GLEIF,BBG01KFXNDB9,BBG01KH0P1Z7,VXDXX,,,unresolved
S000083789,XD Treasury Money Market Fund,529900UE1G0F128NH331,US98388U3077,GLEIF,BBG01KFXND92,BBG01KH0LJF4,SXDXX,,,unresolved
S000083794,AllianzIM U.S. Equity 6 Month Buffer10 Feb/Aug ETF,25490095BVEOD27EI040,US00888H6797,SEC-NPORT,BBG01L8DHW79,BBG01L8DHX59,SIXF,,,unresolved
S000083795,AllianzIM U.S. Equity 6 Month Buffer10 Mar/Sep ETF,254900D2IJGH0EJ7NT94,US00888H6615,SEC-NPORT,BBG01LNRWL50,BBG01LNRWM67,SIXP,,,unresolved
S000083796,AllianzIM U.S. Equity 6 Month Buffer10 May/Nov ETF,254900Z32I2PXBFANF75,US00888H6532,SEC-NPORT,BBG01MMT6W14,BBG01MMT6WW0,SIXZ,,,unresolved
S000083797,AllianzIM U.S. Equity 6 Month Buffer10 Jun/Dec ETF,254900BXJ1PEZEQUHX36,US00888H6466,SEC-NPORT,BBG01N0BF7R2,BBG01N0BF8X3,SIXD,,,unresolved
S000083812,Angel Oak High Yield Opportunities ETF,254900ZCII2VFW4OK231,US03463K7458,SEC-NPORT,BBG01LCCJ3D1,BBG01LCCJ476,AOHY,,,unresolved
S000083813,Angel Oak Mortgage-Backed Securities ETF,254900TSW167NT37XY19,US03463K7375,SEC-NPORT,BBG01LCCHMX9,BBG01LCCHNR4,MBS,,,unresolved
S000083869,Xtrackers RREEF Global Natural Resources ETF,529900FTFUUP6MXH3A36,US23306X8377,SEC-NPORT,BBG01LD416N9,BBG01LD417H4,NRES,,,unresolved
S000084026,First Trust Commercial Mortgage Opportunities ETF,254900TMRGSMLWIAPA66,US33738D7628,SEC-NPORT,BBG01LPWBDS3,BBG01LPWBFM4,CAAA,,,unresolved
S000084069,Simplify Tara India Opportunities ETF,529900NV4L7IURHC8W50,US82889N4916,GLEIF,BBG01LQRJSF6,BBG01LQRJTB8,IOPP,,,unresolved
S000084090,First Trust Structured Credit Income Opportunities ETF,2549004N8C03JQQ2OB54,US33738D7701,SEC-NPORT,BBG01LPV1RX9,BBG01LPV1T47,SCIO,,,unresolved
S000084093,Regan Floating Rate MBS ETF,529900Y3DX75IOWM0D49,US92046L3380,GLEIF,BBG01LMYQSP6,BBG01LMYQTJ1,MBSF,,,unresolved
S000084161,Trenchless Fund ETF,5299005J4V0XTTW2TM62,US00777X5462,GLEIF,BBG01M7VCV20,BBG01M7VCW28,RVER,,,unresolved
S000084189,Nuveen Preferred and Income ETF,254900WSTOVUE44H4P37,US67092P7713,SEC-NPORT,BBG01LF15TY7,BBG01LF15VV5,NPFI,,,unresolved
S000084190,Nuveen Ultra Short Income ETF,254900O5MH0BVF4L2M34,US67092P7556,SEC-NPORT,BBG01LTJ9QX6,BBG01LTJ9RV6,NUSB,,,unresolved
S000084196,NYLI MacKay Securitized Income ETF,529900V03XWJN0RHX644,US45409F6869,SEC-NPORT,BBG01N2TYKB8,BBG01N2TYL53,SECR,,,unresolved
S000084202,Goldman Sachs Access U.S. Preferred Stock and Hybrid Securities ETF,98450007D46A49ED8684,US38149W1273,SEC-NPORT,BBG01P0XLFR4,BBG01P0XLH54,GPRF,,,unresolved
S000084288,TCW Artificial Intelligence ETF,549300C34MM5RC63RT57,US29287L5021,SEC-NPORT,BBG01MQS6C89,BBG01MQS6D50,AIFD,,,unresolved
S000084319,Pacer Developed Markets Cash Cows Growth Leaders ETF,529900PVQU987X83PC61,US69374H3451,GLEIF,BBG01M2PQ664,BBG01M2PQ726,EAFG,,,unresolved
S000084370,DailyDelta Q100 Downside Option Strategy ETF,529900H08L0OG1CN3R27,US8627852010,GLEIF,BBG01SNGPZK9,BBG01SNGQ0F1,QDWN,,,unresolved
S000084405,AllianzIM U.S. Equity Buffer15 Uncapped Jan ETF,254900UCCBFBQF1DVT19,US00888H5138,SEC-NPORT,BBG01RF4NN26,BBG01RF4NP12,JANU,,,unresolved
S000084406,AllianzIM U.S. Equity Buffer15 Uncapped Oct ETF,254900VBR9V02SOS6O47,US00888H5476,SEC-NPORT,BBG01Q1SY625,BBG01Q1SY6X1,OCTU,,,unresolved
S000084407,AllianzIM U.S. Equity Buffer15 Uncapped Nov ETF,254900ZU3LM0V06XR511,US00888H5393,SEC-NPORT,BBG01QJXHBG8,BBG01QJXHCV9,NVBU,,,unresolved
S000084408,AllianzIM U.S. Equity Buffer15 Uncapped Dec ETF,25490083BQ4DVMV9BX92,US00888H5211,SEC-NPORT,BBG01R0JSJL2,BBG01R0JSKK0,DECU,,,unresolved
S000084409,AllianzIM U.S. Equity Buffer15 Uncapped Feb ETF,254900TALZ0ZURQME408,US00888H4974,SEC-NPORT,BBG01RXTJLM8,BBG01RXTJMK8,FEBU,,,unresolved
S000084410,AllianzIM U.S. Equity Buffer15 Uncapped Mar ETF,254900AS2D1ORBCDLK83,US00888H4891,SEC-NPORT,BBG01S8HPKK7,BBG01S8HPLD3,MARU,,,unresolved
S000084411,AllianzIM U.S. Equity Buffer15 Uncapped Apr ETF,254900HCNSDE3UILXO02,US00888H6128,SEC-NPORT,BBG01M371GT3,BBG01M371HP5,ARLU,,,unresolved
S000084412,AllianzIM U.S. Equity Buffer15 Uncapped May ETF,2549002LBBM6ML28Z678,US00888H5963,SEC-NPORT,BBG01MMSTTM5,BBG01MMSTVJ4,MAYU,,,unresolved
S000084413,AllianzIM U.S. Equity Buffer15 Uncapped Jun ETF,254900IDJVHNGIMIFZ47,US00888H5880,SEC-NPORT,BBG01N08W7J9,BBG01N08W8X1,JNEU,,,unresolved
S000084414,AllianzIM U.S. Equity Buffer15 Uncapped Jul ETF,254900P000TFO5X3GB07,US00888H5708,SEC-NPORT,BBG01NGFTYX5,BBG01NGFTZS8,JULU,,,unresolved
S000084415,AllianzIM U.S. Equity Buffer15 Uncapped Aug ETF,254900IR0WYZWLOOJQ51,US00888H5625,SEC-NPORT,BBG01NYJD0Y7,BBG01NYJD200,AUGU,,,unresolved
S000084416,AllianzIM U.S. Equity Buffer15 Uncapped Sep ETF,25490028LPNRWXPAAA88,US00888H5542,SEC-NPORT,BBG01PH9KWK0,BBG01PH9KXF4,SEPU,,,unresolved
S000084446,Grayscale Bitcoin Covered Call ETF,529900H4FSHA6SDCOZ25,US38963H3057,GLEIF,BBG01T4T76F0,BBG01T4T77S4,BTCC,,,unresolved
S000084451,Innovator Equity Defined Protection ETF - 2 Yr to April 2026,529900A5XIT9RRZQIJ80,US45783Y3356,GLEIF,BBG01M698CQ1,BBG01M698DK5,AAPR,,,unresolved
S000084453,Innovator Premium Income 15 Buffer ETF - April,529900PQGZVF9WAW4U27,US45783Y3190,GLEIF,BBG01M68ZRM4,BBG01M68ZT22,LAPR,,,unresolved
S000084462,ProShares UltraShort Bitcoin ETF,5299006MOOTBKNV8XL39,US74349Y5630,SEC-NPORT,BBG01M7B0Z19,BBG01M7B1015,SBIT,,,unresolved
S000084633,YieldMax Bitcoin Option Income Strategy ETF,2549000RRVC36Z5IBG74,US88636X1046,SEC-NPORT,BBG01MDKPH42,BBG01MDKPHZ8,YBIT,,,unresolved
S000084644,PeakShares Sector Rotation ETF,529900FZ20I646PLB295,US66538F1407,GLEIF,BBG01MLY2W54,BBG01MLY2X25,PSTR,,,unresolved
S000084680,Simplify Next Intangible Core Index ETF,529900FEHCU1E5QFD534,US82889N4759,GLEIF,BBG01MF1LW52,BBG01MF1LX23,NXTI,,,unresolved
S000084699,John Hancock High Yield ETF,254900QYOD8YY0487976,US47804J7191,SEC-NPORT,BBG01MJF0CL6,BBG01MJF0DH9,JHHY,,,unresolved
S000084701,Optimize Strategy Index ETF,529900IDP345AENNDO52,US00777X5389,GLEIF,BBG01ML8FZT4,BBG01ML8G154,OPTZ,,,unresolved
S000084720,Innovator Equity Premium Income - Daily PutWrite ETF,529900Z210WO4G194V94,US45784N4034,GLEIF,BBG01SLPX5K8,BBG01SLPX6J8,SPUT,,,unresolved
S000084722,Capital Group Global Equity ETF,254900ISGTHEJL6L6S20,US14020R1077,SEC-NPORT,BBG01N7SMLH0,BBG01N7SMMC3,CGGE,,,unresolved
S000084724,Capital Group Conservative Equity ETF,2549007AZDUS0KJKBJ45,US14020U1007,SEC-NPORT,BBG01N7RN8J8,BBG01N7RN9W1,CGCV,,,unresolved
S000084798,Calamos S&P 500 Structured Alt Protection ETF - August,529900VODKS9PLA9OK22,US12811T7046,SEC-NPORT,BBG01P1XRKS5,BBG01P1XRLQ5,CPSA,,,unresolved
S000084799,Calamos S&P 500 Structured Alt Protection ETF - September,529900J3C3QVJWPBSI56,US12811T8861,SEC-NPORT,BBG01PK0R457,BBG01PK0R554,CPST,,,unresolved
S000084800,Calamos S&P 500 Structured Alt Protection ETF - May,529900YBJJAKW7UWTP52,US12811T6055,SEC-NPORT,BBG01MNWFXN0,BBG01MNWFYK1,CPSM,,,unresolved
S000084801,Calamos S&P 500 Structured Alt Protection ETF - July,529900BVEAMOTWU8BN92,US12811T8036,SEC-NPORT,BBG01NKVYSV4,BBG01NKVYTS6,CPSJ,,,unresolved
S000084965,NAA Large Core Series,529900BXGCPGMJ25T631,US64158N3035,GLEIF,BBG01QJX4M96,BBG01QJX4MS5,NAALCCO,,,unresolved
S000085048,PIMCO Mortgage-Backed Securities Active Exchange-Traded Fund,2549001WTPP9QU7A6W04,US72201R5697,SEC-NPORT,BBG01PV6NNY2,BBG01PV6NS44,PMBS,,,unresolved
S000085069,Palmer Square Credit Opportunities ETF,529900LY0Z76U5AEGV09,US6969301067,GLEIF,BBG01PL1R5Y9,BBG01PL1R711,PSQO,,,unresolved
S000085073,Cambria Chesapeake Pure Trend ETF,254900UC89DOMGNFZH93,US88636J3370,SEC-NPORT,BBG01MW6DN24,BBG01MW6DNX0,MFUT,,,unresolved
S000085096,iShares iBonds Dec 2034 Term Corporate ETF,529900QVU4A2PTICV766,US46438G6531,SEC-NPORT,BBG01MZM6KZ4,BBG01MZM6LV6,IBDZ,,,unresolved
S000085275,Cambria LargeCap Shareholder Yield ETF,254900YY13HK4Q4QAL94,US1320617715,SEC-NPORT,BBG01NMTLTY6,BBG01NMTLW51,LYLD,,,unresolved
S000085324,Invesco BulletShares 2034 Corporate Bond ETF,2549006SYK1O7P9DHE28,US46139W7838,SEC-NPORT,BBG01N4CTQ26,BBG01N4CTQX2,BSCY,,,unresolved
S000085371,TCW Central Cash Fund,2549003KPNUIFJCJM366,US8723656711,SEC-NPORT,BBG01N5013W9,BBG01N5DM2V1,TGCXX,,,unresolved
S000085401,PGIM Laddered S&P 500 Buffer 12 ETF,529900B55FG1GA90JS25,US69420N7185,GLEIF,BBG01N63NSX2,BBG01N63NTS6,BUFP,,,unresolved
S000085402,PGIM Laddered S&P 500 Buffer 20 ETF,529900JGOO28JXYURZ12,US69420N6922,GLEIF,BBG01N63JWP7,BBG01N63JXN7,PBFR,,,unresolved
S000085491,Leverage Shares 2x Capped Accelerated COIN Monthly ETF ,529900JRS2NUJTL87M92,US8829277917,GLEIF,,,,,,unresolved
S000085493,Leverage Shares 2X Long UNH Daily ETF ,5299008JSP9W0AJLRE49,US8829271225,GLEIF,BBG01W4D11P4,BBG01W4D12K7,UNHG,,,unresolved
S000085493,Leverage Shares 2X Long UNH Daily ETF ,5299008JSP9W0AJLRE49,US8829276927,GLEIF,,,,,,unresolved
S000085498,Leverage Shares 2x Capped Accelerated NVDA Monthly ETF,529900BXVQ57ANT5BQ25,US8829277420,GLEIF,,,,,,unresolved
S000085499,Leverage Shares 2x Capped Accelerated PLTR Monthly ETF,5299003V5DZK0N86MU53,US8829277347,GLEIF,,,,,,unresolved
S000085501,Leverage Shares 2x Capped Accelerated TSLA Monthly ETF,529900G0YOA52SOGH330,US8829277180,GLEIF,,,,,,unresolved
S000085520,TrueShares Quarterly Bear Hedge ETF,529900BJ4EOU0K2Q5B60,US2103225098,SEC-NPORT,BBG01NHZDY85,BBG01NHZDZB8,QBER,,,unresolved
S000085521,TrueShares Quarterly Bull Hedge ETF,529900H9M1RL3IIPCZ46,US2103224000,SEC-NPORT,BBG01NJ4PK07,BBG01NJ4PKW2,QBUL,,,unresolved
S000085545,TCW Flexible Income ETF,5493004ZM793OILX8W61,US29287L7001,SEC-NPORT,BBG01NCF0GV1,BBG01NCF0HQ5,FLXR,,,unresolved
S000085549,TCW Senior Loan ETF,254900NVE3TF3JFRDM25,US29287L8090,SEC-NPORT,BBG01QPVMX08,BBG01QPVMXX2,SLNZ,,,unresolved
S000085568,Innovator Growth-100 Power Buffer ETF - June,529900FH24FYEC0ESI87,US45783Y2697,GLEIF,BBG01N3CWXQ2,BBG01N3CWYK6,NJUN,,,unresolved
S000085570,Innovator U.S. Small Cap Power Buffer ETF - June,529900ZCZ07CVTJF6747,US45783Y2770,GLEIF,BBG01N391PM4,BBG01N391QQ8,KJUN,,,unresolved
S000085571,Kurv Technology Titans Select ETF,52990045IWXABDVYET65,US5009483026,GLEIF,BBG01NQ6JQB6,BBG01NQ6JR79,KQQQ,,,unresolved
S000085601,Invesco QQQ Income Advantage ETF,254900ZOJ7ERT3IN7R51,US46090A6890,SEC-NPORT,BBG01NPPP962,BBG01NPPPB67,QQA,,,unresolved
S000085602,Invesco S&P 500 Equal Weight Income Advantage ETF,254900E7R8EPN4480A52,US46090A6973,SEC-NPORT,BBG01NQ4G9H6,BBG01NQ4GBG2,RSPA,,,unresolved
S000085642,Innovator Equity Defined Protection ETF - 2 Yr to July 2026,529900TEPWMAFDTVYW49,US45783Y2366,GLEIF,BBG01NJ0PGC1,BBG01NJ0PH66,AJUL,,,unresolved
S000085645,Innovator Nasdaq-100 10 Buffer ETF - Quarterly,529900BE17T97G2VA216,US45783Y1608,GLEIF,BBG01NJ1RHF2,BBG01NJ1RJ95,QBUF,,,unresolved
S000085646,Innovator U.S. Small Cap 10 Buffer ETF - Quarterly,529900QKE7S3QHAOGE59,US45783Y2283,GLEIF,BBG01NJ1D108,BBG01NJ1D1Y1,RBUF,,,unresolved
S000085647,Innovator International Developed 10 Buffer ETF - Quarterly,529900WP96OHTMVL5V37,US45783Y1780,GLEIF,BBG01NJ1P4G2,BBG01NJ1P5C3,IBUF,,,unresolved
S000085648,Innovator Emerging Markets 10 Buffer ETF - Quarterly,529900RWJHCGSWK8IX36,US45783Y2101,GLEIF,BBG01NJ23S53,BBG01NJ23T15,EBUF,,,unresolved
S000085650,Innovator Premium Income 15 Buffer ETF - July,529900B3RBIXGZKQ7M38,US45783Y1863,GLEIF,BBG01NJ1X838,BBG01NJ1X909,LJUL,,,unresolved
S000085672,ALPS | CoreCommodity Natural Resources ETF,2549001BWITVW4H0S850,US31761T8861,SEC-NPORT,BBG01NPDHFB8,BBG01NPDHG62,CCNR,,,unresolved
S000085680,Pacer Metaurus Nasdaq 100 Dividend Multiplier 600 ETF,529900GPOWBN7D5QMA54,US69374H2875,GLEIF,BBG01PYJ2QJ4,BBG01PYJ2RF6,QSIX,,,unresolved
S000085681,Pacer Nasdaq 100 Top 50 Cash Cows Growth Leaders ETF,529900KVF09Z7I7NEA27,US69374H3295,GLEIF,BBG01PD7R7S8,BBG01PD7R8M2,QQQG,,,unresolved
S000085682,Pacer MSCI World Industry Advantage ETF,5299005H5MGUXO5AFO50,US69374H2958,GLEIF,BBG01PR7Y9J1,BBG01PR7YC95,GLBL,,,unresolved
S000085683,Pacer Nasdaq International Patent Leaders ETF,5299005F0OGN721H9V08,US69374H3113,GLEIF,BBG01PSVP8D5,BBG01PSVP9J7,PATN,,,unresolved
S000085697,Simplify Gamma Emerging Market Bond ETF,5299007RKKJ9VVHGQM80,US82889N4593,GLEIF,BBG01P50L254,BBG01P50L334,GAEM,,,unresolved
S000085698,Simplify National Muni Bond ETF,529900353K7RNME76302,US82889N4429,GLEIF,BBG01PMKSMN0,BBG01PMKSNL0,NMB,,,unresolved
S000085719,Invesco MSCI EAFE Income Advantage ETF,2549009RSRB70FWDAI16,US46090A7138,SEC-NPORT,BBG01NQ5R7C0,BBG01NQ5R892,EFAA,,,unresolved
S000085815,Innovator Equity Defined Protection ETF - 1 Yr July,5299001TQUC4WSQHYT48,US45783Y2515,GLEIF,BBG01NJ1YH91,BBG01NJ1YJ42,ZJUL,,,unresolved
S000085816,Innovator Equity Defined Protection ETF - 6 Mo Jan/Jul,529900YH89ECPF0Q6L44,US45783Y2440,GLEIF,BBG01NHZZ8V2,BBG01NHZZ9S4,JAJL,,,unresolved
S000085949,Innovator Growth-100 Power Buffer ETF - August,529900QG060B5VVFBE30,US45783Y1293,GLEIF,BBG01P0Y7WQ2,BBG01P0Y7Y97,NAUG,,,unresolved
S000085951,Innovator Growth-100 Power Buffer ETF - September,529900CA0XG11TTENG39,US45784N2053,GLEIF,BBG01PK02SV2,BBG01PK02TW9,NSEP,,,unresolved
S000085953,Innovator Growth-100 Power Buffer ETF - November,529900DC3PK6XBDX7V84,US45784N8746,GLEIF,BBG01QD8PJ64,BBG01QD8PKD3,NNOV,,,unresolved
S000085958,Innovator Growth-100 Power Buffer ETF - December,529900WQIO3NUL21LU86,US45784N8415,GLEIF,BBG01R2FL5T7,BBG01R2FL7P7,NDEC,,,unresolved
S000085960,Innovator Growth-100 Power Buffer ETF - February,529900XOFDQ9ADCL4T05,US45784N7912,GLEIF,BBG01S1N8MQ0,BBG01S1N8PJ1,NFEB,,,unresolved
S000085962,Innovator Growth-100 Power Buffer ETF - March,52990030PAFPU9LEAH47,US45784N7672,GLEIF,BBG01SLR8S31,BBG01SLR8SY7,NMAR,,,unresolved
S000085964,Innovator Growth-100 Power Buffer ETF - May,529900X0JRVA9RFMZ903,US45784N6765,GLEIF,BBG01TRL2TM9,BBG01TRL2VH0,NMAY,,,unresolved
S000085966,Innovator U.S. Small Cap Power Buffer ETF - August,5299005TKPTG0IR4HX63,US45783Y1376,GLEIF,BBG01P0Y08B8,BBG01P0Y09C5,KAUG,,,unresolved
S000085968,Innovator U.S. Small Cap Power Buffer ETF - September,529900Y5A25FU7068T73,US45784N3044,GLEIF,BBG01PK00QQ4,BBG01PK00RY3,KSEP,,,unresolved
S000085970,Innovator U.S. Small Cap Power Buffer ETF - November,5299003AU6VFSFWVPO32,US45784N8662,GLEIF,BBG01QB5SBT1,BBG01QB5SCR1,KNOV,,,unresolved
S000085972,Innovator U.S. Small Cap Power Buffer ETF - December,529900PDPKHJTL6XGL55,US45784N8332,GLEIF,BBG01R1XTVD1,BBG01R1XTW85,KDEC,,,unresolved
S000085977,Innovator U.S. Small Cap Power Buffer ETF - February,529900T8Y67Y5C05OH94,US45784N7839,GLEIF,BBG01S1N5VX5,BBG01S1N5WY2,KFEB,,,unresolved
S000085979,Innovator U.S. Small Cap Power Buffer ETF - March,5299002L6BI9KB0KUP33,US45784N7599,GLEIF,BBG01SLL1283,BBG01SLL1363,KMAR,,,unresolved
S000085984,Innovator U.S. Small Cap Power Buffer ETF - May,5299000FPE0J67EBQL46,US45784N6682,GLEIF,BBG01TRKXQK5,BBG01TRKXRF9,KMAY,,,unresolved
S000086186,Kurv Yield Premium Strategy Google (GOOGL) ETF,529900Y5NDV7V5XCTW57,US5009486094,SEC-NPORT,BBG01QY0HCZ0,BBG01QY0HDW1,GOOP,,,unresolved
S000086189,Kurv Yield Premium Strategy Tesla (TSLA) ETF,529900J2874SU7VGFA69,US5009488801,SEC-NPORT,BBG01QY0G256,BBG01QY0G336,TSLP,,,unresolved
S000086344,Innovator Equity Defined Protection ETF - 6 Mo Apr/Oct,529900TQCK1QK9MHV075,US45784N8829,GLEIF,BBG01Q0QS2S8,BBG01Q0QS4L1,APOC,,,unresolved
S000086345,Innovator Equity Defined Protection ETF - 1 Yr October,529900H67VN5RDMHCI85,US45784N7003,GLEIF,BBG01Q0QQ1Y5,BBG01Q0QQ2X4,ZOCT,,,unresolved
S000086346,Innovator Equity Defined Protection ETF - 1 Yr August,529900ITTKYBQT8H5K91,US45783Y1111,GLEIF,BBG01P0WL9Z1,BBG01P0WLBY7,ZAUG,,,unresolved
S000086347,Innovator Equity Defined Protection ETF - 1 Yr September,529900BVLA2HKJOBFE40,US45784N1063,GLEIF,BBG01PK03391,BBG01PK034D4,ZSEP,,,unresolved
S000086348,Innovator Equity Defined Protection ETF - 2 Yr to October 2026,529900Q7SWS75Q0LN951,US45784N6013,GLEIF,BBG01Q0RLZ64,BBG01Q0RM015,AOCT,,,unresolved
S000086349,Innovator Equity Defined Protection ETF - 2 Yr to January 2027,529900WCK0QHEFN99820,US45784N8258,GLEIF,BBG01RH8W6F8,BBG01RH8W7B0,TJAN,,,unresolved
S000086350,Innovator Equity Defined Protection ETF - 2 Yr to April 2027,529900ONY0SZ7LB3MJ24,US45784N7342,GLEIF,BBG01T4V6SK2,BBG01T4V6TY5,TAPR,,,unresolved
S000086351,Innovator Equity Defined Protection ETF - 2 Yr to October 2027,5299001FQ5QCUS008Z41,US45784N5775,GLEIF,BBG01XK5MS24,BBG01XK5MT40,TOCT,,,unresolved
S000086372,Janus Henderson Emerging Markets Debt Hard Currency ETF,529900QLTSH6GU0R4M68,US47103U7384,SEC-NPORT,BBG01P3G39S1,BBG01P3G3BM2,JEMB,,,unresolved
S000086441,GraniteShares YieldBOOST NVDA ETF,2549001MT72HJXG8C107,US38747R4395,SEC-NPORT,BBG01TW6LV22,BBG01TW6LWG5,NVYY,,,unresolved
S000086449,GraniteShares YieldBOOST TSLA ETF,254900P4DSEF19CI9903,US38747R6119,SEC-NPORT,,,,,,unresolved
S000086524,Palmer Square CLO Senior Debt ETF,529900TABPQS963SOB46,US6969302057,GLEIF,BBG01PMKZTQ4,BBG01PMKZWD1,PSQA,,,unresolved
S000086526,Eventide High Dividend ETF,254900WXTP9YGQC7P376,DE000SLA5DH1,GLEIF,,,,,,unresolved
S000086569,Twin Oak Short Horizon Absolute Return ETF,529900GLQ86Q1YT9R717,US56170L6618,SEC-NPORT,BBG01PD4B5Z8,BBG01PD4B7D8,TOAK,,,unresolved
S000086622,Virtus Newfleet ABS MACS,2549002ITWIQU02JEJ86,US92839Q1067,SEC-NPORT,BBG01R4ZT9H8,BBG01R4ZT9K4,VMADX,,,unresolved
S000086623,Virtus Newfleet CMBS MACS,254900GVMTWAZZTHYO11,US92839Q2057,SEC-NPORT,BBG01R4ZPH20,BBG01R4ZPH39,VMAEX,,,unresolved
S000086624,Virtus Newfleet Floating Rate MACS,254900KZEW1HA1768U33,US92839Q3048,SEC-NPORT,BBG01R4ZW243,BBG01R4ZW261,VMAFX,,,unresolved
S000086625,Virtus Newfleet High Yield MACS,254900FGQQEMGNJ19E23,US92839Q4038,SEC-NPORT,BBG01R4ZR1V1,BBG01R4ZR1Y8,VMAHX,,,unresolved
S000086626,Virtus Newfleet RMBS MACS,254900G2LHZGHTBHPK18,US92839Q5027,SEC-NPORT,BBG01R4ZXRJ1,BBG01R4ZXRL8,VMAJX,,,unresolved
S000086635,Leverage Shares 2X Long TSLA Daily ETF ,529900LDRYC4ZNJQS010,US8829276844,GLEIF,BBG01R8CQY29,BBG01R8CQZF2,TSLG,,,unresolved
S000086636,Leverage Shares 2X Long TSM Daily ETF ,529900LAROYD70HJVF97,US8829275853,GLEIF,BBG01RQ71LB5,BBG01RQ71MJ5,TSMG,,,unresolved
S000086639,Leverage Shares 2X Long AMD Daily ETF ,529900ZWTT5XV9WH5764,US8829276273,GLEIF,BBG01RYZKSJ0,BBG01RYZKTF2,AMDG,,,unresolved
S000086640,Leverage Shares 2X Long ARM Daily ETF ,529900KGQXWZNJDGYF13,US8829275770,GLEIF,BBG01RQ6WKX1,BBG01RQ6WLS5,ARMG,,,unresolved
S000086641,Leverage Shares 2X Long ASML Daily ETF ,529900T1TCS592CYVS30,US8829276687,GLEIF,BBG01RQ6ZBC1,BBG01RQ6ZC75,ASMG,,,unresolved
S000086642,Leverage Shares 2X Long BA Daily ETF ,529900JHY2QNT343MV43,US8829276430,GLEIF,BBG01VH4C1W2,BBG01VH4C2T4,BOEG,,,unresolved
S000086643,Leverage Shares 2X Long COIN Daily ETF ,529900MQJT1R35NQJ059,US8829276356,GLEIF,BBG01SVDVCM9,BBG01SVDVDJ1,COIG,,,unresolved
S000086646,Leverage Shares 2X Long NVDA Daily ETF ,529900WN2PBNDNT0L629,US8829276760,GLEIF,BBG01R8CDK69,BBG01R8CDMT0,NVDG,,,unresolved
S000086826,Columbia Short Duration High Yield ETF,529900WK4REQHLNVIB89,US19761L8476,SEC-NPORT,BBG01PKNZHL1,BBG01PKNZJJ0,HYSD,,,unresolved
S000086827,Columbia U.S. High Yield ETF,529900BJ2GHF4G8HUS28,US19761L8393,SEC-NPORT,BBG01PKP0P54,BBG01PKP0Q07,NJNK,,,unresolved
S000086979,Calamos S&P 500 Structured Alt Protection ETF - April,5299002XITPXWH6BFE28,US12811T7533,SEC-NPORT,BBG01T2CS112,BBG01T2CS2Q3,CPSP,,,unresolved
S000086980,Calamos S&P 500 Structured Alt Protection ETF - December,529900KI0MEC4KFU2U85,US12811T7954,SEC-NPORT,BBG01R1YFS50,BBG01R1YFT12,CPSD,,,unresolved
S000086981,Calamos S&P 500 Structured Alt Protection ETF - February,5299002IP7IYWS7M4B83,US12811T7798,SEC-NPORT,BBG01S19VSM6,BBG01S19VV12,CPSF,,,unresolved
S000086982,Calamos S&P 500 Structured Alt Protection ETF - January,529900W960V0AT12PD43,US12811T7871,SEC-NPORT,BBG01RFVTZ23,BBG01RFVV0J9,CPSY,,,unresolved
S000086983,Calamos S&P 500 Structured Alt Protection ETF - June,52990001WXERZSHBCQ81,US12811T7467,SEC-NPORT,BBG01V9X1JN0,BBG01V9X1KJ2,CPSU,,,unresolved
S000086984,Calamos S&P 500 Structured Alt Protection ETF - March,529900OZMUJEE6DBWY51,US12811T7616,SEC-NPORT,BBG01SKGBTP6,BBG01SKGBVL5,CPSR,,,unresolved
S000086985,Calamos S&P 500 Structured Alt Protection ETF - November,5299008A16L93LF9JY07,US12811T8119,SEC-NPORT,BBG01QK7NYV9,BBG01QK7NZV6,CPSN,,,unresolved
S000086986,Calamos S&P 500 Structured Alt Protection ETF - October,529900FD0RPBHLDV4K79,US12811T8291,SEC-NPORT,BBG01Q36NX15,BBG01Q36NY04,CPSO,,,unresolved
S000087625,NAA Allocation Fund,529900YIYRH0BRFKR560,US64157H1095,GLEIF,BBG01QJ8SJL8,BBG01QJ8SJM7,TVRAX,,,unresolved
S000087633,NAA All Cap Value Series,529900Z0MB1WFQ538D81,US64158N1054,GLEIF,BBG01QJWY413,BBG01QJWY422,NAAAACV,,,unresolved
S000087634,NAA Large Cap Value Series,5299008N72YO91JAJD89,US64158N2045,GLEIF,BBG01QJX0VQ1,BBG01QJX0VT8,NAALRCV,,,unresolved
S000087635,NAA Large Growth Series,529900NQNJCG6LD9Q546,US64158N4025,GLEIF,BBG01QJX5V86,BBG01QJX5V95,NAALCGR,,,unresolved
S000087636,NAA Mid Growth Series,5299006A5GBEJ15W2X96,US64158N5014,GLEIF,BBG01QJX6J64,BBG01QJX6JT9,NAAMDGR,,,unresolved
S000087637,NAA Small Cap Value Series,529900Q76BGDXUTB3W21,US64158N6004,GLEIF,BBG01QJX7439,BBG01QJX7484,NAASCVA,,,unresolved
S000087638,NAA Small Growth Series,5299004VTJDUNAUJGW29,US64158N7093,GLEIF,BBG01QJX7QX7,BBG01QJX7QY6,NAASMGR,,,unresolved
S000087639,NAA SMid-Cap Value Series,529900I7DE1BHLA1AK67,US64158N8083,GLEIF,BBG01QJX84F5,BBG01QJX84G4,NAASMCV,,,unresolved
S000087661,Innovator U.S. Small Cap Managed Floor ETF,529900AFG7TK8BC6LR44,US45784N5023,GLEIF,BBG01PPKMRQ9,BBG01PPKMSM1,RFLR,,,unresolved
S000087667,SPDR Bloomberg Enhanced Roll Yield Commodity Strategy No K-1 ETF,984500D58F9EV0X92F27,US78468R4406,SEC-NPORT,BBG01PKPCTK6,BBG01PKPCVP6,CERY,,,unresolved
S000087670,SPDR SSGA US Equity Premium Income ETF,984500B0SF389DAEB819,US78470P8389,SEC-NPORT,BBG01PKP6D00,BBG01PKP6DY3,SPIN,,,unresolved
S000087726,Select STOXX Europe Aerospace & Defense ETF,529900KKTR2O8XKSJV77,US84858T7726,SEC-NPORT,BBG01Q6GGSH2,BBG01Q6GGV58,EUAD,,,unresolved
S000087747,Zacks Focus Growth ETF,52990031D35Z4JPPG463,US98888G8087,GLEIF,BBG01R0W9749,BBG01R0W9856,GROZ,,,unresolved
S000087850,iShares Enhanced Roll Yield Index Fund,5299009A7GAAAP4JH693,US09260J4849,SEC-NPORT,BBG01PFSCP42,BBG01PFSCP60,BERYX,,,unresolved
S000087852,iShares FTSE NAREIT All Equity REIT Index Fund,5299003R7QVUX5J8F342,US09260J4922,SEC-NPORT,BBG01PGCTJ60,BBG01PGCTJ97,BREBX,,,unresolved
S000088134,Cambria Tax Aware ETF,529900SQ05Y2ER923B56,US02072Q8042,GLEIF,BBG01R9J3QZ9,BBG01R9J3RT4,TAX,,,unresolved
S000088135,Cambria Endowment Style ETF,529900PT6VYU5VEW3A39,US02072Q6228,GLEIF,BBG01TCGVRN7,BBG01TCGVSW5,ENDW,,,unresolved
S000088148,Innovator Equity Defined Protection ETF - 1 Yr November,5299001G95SFC8DVVW95,US45784N8092,GLEIF,BBG01QB5T5W9,BBG01QB5T6T1,ZNOV,,,unresolved
S000088150,Innovator Equity Defined Protection ETF - 1 Yr December,529900EWD4P2NWQ8M590,US45784N8589,GLEIF,BBG01R1XY230,BBG01R1XY301,ZDEK,,,unresolved
S000088152,Innovator Equity Defined Protection ETF - 1 Yr January,529900ECAMQ0NGM8J228,US45784N8175,GLEIF,BBG01RH8WQ46,BBG01RH8WR26,ZJAN,,,unresolved
S000088154,Innovator Equity Defined Protection ETF - 1 Yr February,5299004NF9TNZ2ODFX81,US45784N7755,GLEIF,BBG01S1MH0N3,BBG01S1MH1J6,ZFEB,,,unresolved
S000088156,Innovator Equity Defined Protection ETF - 1 Yr March,529900F5KN83T2U92Z63,US45784N7425,GLEIF,BBG01SLKSB22,BBG01SLKSBZ6,ZMAR,,,unresolved
S000088158,Innovator Equity Defined Protection ETF - 1 Yr April,5299003WLT768D1IQZ41,US45784N7268,GLEIF,BBG01T2X8VT2,BBG01T2X8X27,ZAPR,,,unresolved
S000088160,Innovator Equity Defined Protection ETF - 1 Yr May,529900CM4FPI5C9EUV37,US45784N6500,GLEIF,BBG01TRKYRS4,BBG01TRKYSS2,ZMAY,,,unresolved
S000088162,Innovator Equity Defined Protection ETF - 1 Yr June,529900ETCK52KW7Z0Y45,US45784N6435,GLEIF,BBG01V8DMN35,BBG01V8DMP21,ZJUN,,,unresolved
S000088240,Atlas America Fund,5299007LQEUCKSDYLB03,US9009344071,GLEIF,BBG01QQYYX08,BBG01QQYYY97,USAF,,,unresolved
S000088353,Simplify Currency Strategy ETF,529900TNQC7Y15KAT459,US82889N3686,GLEIF,BBG01S1BBVJ0,BBG01S1BBWD4,FOXY,,,unresolved
S000088354,Simplify Bond Bull ETF,5299006XRH1XJSBC4145,US82889N3769,GLEIF,BBG01R34DNW7,BBG01R34DQV1,RFIX,,,unresolved
S000088355,Simplify Gold Strategy PLUS Income ETF,52990021UFP7TNAY7T68,US82889N4262,GLEIF,BBG01R2V82Q7,BBG01R2V83K1,YGLD,,,unresolved
S000088357,Bain Capital Equity Opportunities Fund,5299006KV15Q2BBYJK43,US66538K7431,GLEIF,,,,,,unresolved
S000088357,Bain Capital Equity Opportunities Fund,5299006KV15Q2BBYJK43,US66538K7506,GLEIF,,,,,,unresolved
S000088410,iShares High Yield Muni Active ETF,529900RSTN1ODZCS1O82,US0925288435,SEC-NPORT,BBG01S6WC0B4,BBG01S6WC186,HIMU,,,unresolved
S000088476,Allspring Broad Market Core Bond ETF,254900JNBMCCT3K5WJ93,US01989A3086,SEC-NPORT,BBG01QVK6KB9,BBG01QVK6L54,AFIX,,,unresolved
S000088477,Allspring Core Plus ETF,254900E0UV21WLT5DF41,US01989A2096,SEC-NPORT,BBG01R02P2S2,BBG01R02P3W5,APLU,,,unresolved
S000088478,Allspring Income Plus ETF,254900NN3J8PSS8W3163,US01989A1007,SEC-NPORT,BBG01QVK6YM7,BBG01QVK6ZK6,AINP,,,unresolved
S000088480,Allspring LT Large Growth ETF,254900XTGB32708AA152,US01989A5065,SEC-NPORT,BBG01SXPDTR8,BBG01SXPDVQ4,AGRW,,,unresolved
S000088481,Allspring Special Large Value ETF,254900I1LB8986SN3Y35,US01989A6055,SEC-NPORT,BBG01SXNZNR2,BBG01SXNZPM2,ASLV,,,unresolved
S000088547,GMO Beyond China ETF,52990010I07PLVDP2C96,US90139K2096,GLEIF,BBG01S548VL3,BBG01S548WG7,BCHI,,,unresolved
S000088548,GMO International Quality ETF,5299006RII6HDBNJJG50,US90139K3086,GLEIF,BBG01QHNH5R3,BBG01QHNH6M6,QLTI,,,unresolved
S000088549,GMO International Value ETF,529900EFGH3ZROC1BH23,US90139K4076,GLEIF,BBG01QHMR264,BBG01QHMR335,GMOI,,,unresolved
S000088550,GMO Systematic Investment Grade Credit ETF,52990090VBSWJKNRAL31,US90139K5065,GLEIF,BBG01V6F0QX6,BBG01V6F0RS0,INVG,,,unresolved
S000088551,GMO U.S. Value ETF,5299006M6A2ZCYGK7D89,US90139K6055,GLEIF,BBG01QHMRTS1,BBG01QHMRVQ8,GMOV,,,unresolved
S000088641,Principal International Equity ETF,254900IUDNVVDBH14H30,US74255Y6986,SEC-NPORT,BBG01QJ3N4Q2,BBG01QJ3N5L4,PIEQ,,,unresolved
S000088737,Pacific NoS Global EM Equity Active ETF,529900C33J7ODTLYTP41,US9009345060,GLEIF,BBG01RMP1YS3,BBG01RMP1ZN5,GEME,,,unresolved
S000088745,Tortoise Electrification Infrastructure ETF,5299003AOUJK6GX3LW61,US8909301009,GLEIF,BBG01RGZ7JZ7,BBG01RGZ7KX6,TPZ,,,unresolved
S000088750,Roundhill TSLA WeeklyPay ETF,5299007X5U77A4ZOG268,US77926X6922,SEC-NPORT,BBG01SCGNXG3,BBG01SCGNYH0,TSLW,,,unresolved
S000088751,Roundhill GOOGL WeeklyPay ETF,529900MDFOS8ZC4NUN17,US77926X7599,SEC-NPORT,BBG01W6VP4L4,BBG01W6VP5H6,GOOW,,,unresolved
S000088752,Roundhill AMZN WeeklyPay ETF,529900STPN6906RG6T25,US77926X7755,SEC-NPORT,BBG01VKF7GV7,BBG01VKF7HR0,AMZW,,,unresolved
S000088753,Roundhill AAPL WeeklyPay ETF,529900E3TOVC1DBO3K27,US77926X7912,SEC-NPORT,BBG01SCFVRC3,BBG01SCFVS86,AAPW,,,unresolved
S000088755,Roundhill META WeeklyPay ETF,529900ARQ9C11LWJBQ74,US77926X7425,SEC-NPORT,BBG01VKWJWF0,BBG01VKWJZG2,METW,,,unresolved
S000088756,Roundhill MSFT WeeklyPay ETF,529900TLXI2ZT0P7EA22,US77926X7342,SEC-NPORT,BBG01W6VH5D9,BBG01W6VH6C8,MSFW,,,unresolved
S000088758,Roundhill NVDA WeeklyPay ETF,52990062NMC0OP4U4M81,US77926X7185,SEC-NPORT,BBG01SCG5C06,BBG01SCG5D13,NVDW,,,unresolved
S000088878,MRBL Enhanced Equity ETF,529900VVKRUZCO6XGF27,US02072Q7051,GLEIF,BBG01RVZ6G96,BBG01RVZ6HD9,EDGE,,,unresolved
S000088886,DoubleLine Multi-Sector Income ETF,529900ND5F4H0KKFVS59,US25861R7098,GLEIF,BBG01R020655,BBG01R020726,DMX,,,unresolved
S000088905,JLens 500 Jewish Advocacy U.S. ETF,529900LMIZ6BSNVWQX37,US02072Q8463,GLEIF,BBG01SJ645H9,BBG01SJ646B3,TOV,,,unresolved
S000088945,AAM SLC Low Duration Income ETF,529900NTIQ8M1K4PAC68,US26922B4288,GLEIF,BBG01R2QV727,BBG01R2QV7Z1,LODI,,,unresolved
S000088949,Slow Capital Growth Fund,529900M9NWWSTWPVZD34,US92046L3208,GLEIF,BBG01Q6TV122,BBG01Q6TV131,SLWGX,,,unresolved
S000088950,Virtus Seix AAA Private Credit CLO ETF,529900PV11N8CFOZUS23,US92790A8505,SEC-NPORT,BBG01R0NX7B4,BBG01R0NX8D0,PCLO,,,unresolved
S000088953,Simplify China A Shares PLUS Income ETF,529900P9X1PX3IPON464,US82889N3843,GLEIF,BBG01RQWJHF6,BBG01RQWJJK6,CAS,,,unresolved
S000088985,Nationwide International Equity Portfolio,254900K9V9OSUGKI9148,US63868D6397,SEC-NPORT,,,,,,unresolved
S000089023,Global X U.S. Electrification ETF,529900825393SBYF1320,US37960A3703,SEC-NPORT,BBG01R8YDSB8,BBG01R8YDT53,ZAP,,,unresolved
S000089095,Efficient Market Portfolio Plus ETF,529900M2A0Q9T2QQSV40,US02072Q8877,GLEIF,BBG01R7268R4,BBG01R7269Q3,EMPB,,,unresolved
S000089134,AST Bond Portfolio 2036,529900KWD5UPSI61GN31,US00771J4105,GLEIF,,,,,,unresolved
S000089193,Bahl & Gaynor Small Cap Dividend ETF,5299003YU3Y52B8BIR71,US2689616041,GLEIF,BBG01R781PT6,BBG01R781QR6,SCDV,,,unresolved
S000089194,Bahl & Gaynor Dividend ETF,529900U80MGWWWHM6Z33,US2689615050,GLEIF,BBG01R77QK76,BBG01R77QL56,BGDV,,,unresolved
S000089262,Day Hagan Smart Buffer ETF,254900WXTP9YGQC7P376,DE000SLA5DH1,GLEIF,,,,,,unresolved
S000089293,PGIM S&P 500 Max Buffer ETF - January,529900J730FHTHXLHX16,US69420N6849,GLEIF,BBG01R9RB8V6,BBG01R9RB9R9,PMJA,,,unresolved
S000089294,PGIM S&P 500 Max Buffer ETF - October,529900BGZ2IA4CRPMS30,US69420N5858,GLEIF,BBG01XBSFPV6,BBG01XBSFRM2,PMOC,,,unresolved
S000089295,PGIM S&P 500 Max Buffer ETF - November,529900JTKJN3HILCFI88,US69420N5775,GLEIF,BBG01XX10K93,BBG01XX10LD6,PMNV,,,unresolved
S000089297,PGIM Nasdaq-100 Buffer 12 ETF - January,529900QPHYSQNTWCM508,US69420N5510,GLEIF,BBG01R9RPDZ6,BBG01R9RPG25,PQJA,,,unresolved
S000089298,PGIM Nasdaq-100 Buffer 12 ETF - April,529900O7DAAP5DW3XI45,US69420N5445,GLEIF,BBG01R9RBT68,BBG01R9RBVH1,PQAP,,,unresolved
S000089299,PGIM Nasdaq-100 Buffer 12 ETF - July,529900GMQROW05B7UU96,US69420N5361,GLEIF,BBG01R9T9FR4,BBG01R9T9GS1,PQJL,,,unresolved
S000089300,PGIM Nasdaq-100 Buffer 12 ETF - October,529900DG7UWKD54NEH43,US69420N5288,GLEIF,BBG01R9RQRM8,BBG01R9RQSG3,PQOC,,,unresolved
S000089301,PGIM Laddered Nasdaq-100 Buffer 12 ETF,529900E0D8EIGKUX2908,US69420N5106,GLEIF,BBG01R9TDS82,BBG01R9TDT80,PBQQ,,,unresolved
S000089302,PGIM S&P 500 Max Buffer ETF - February,529900EUMZQ8XQYQW568,US69420N6765,GLEIF,BBG01RR5TKV8,BBG01RR5TLZ2,PMFB,,,unresolved
S000089303,PGIM S&P 500 Max Buffer ETF - March,52990089PWLWJPHWFX54,US69420N6682,GLEIF,BBG01SCYB8B7,BBG01SCYB9C4,PMMR,,,unresolved
S000089304,PGIM S&P 500 Max Buffer ETF - April,529900AZ3FG3CUO1YJ45,US69420N6500,GLEIF,BBG01SW1PHJ4,BBG01SW1PJC7,PMAP,,,unresolved
S000089305,PGIM S&P 500 Max Buffer ETF - May,529900KZQYQE8ZB1PH57,US69420N6435,GLEIF,BBG01TNJZXY0,BBG01TNJZYV1,PMMY,,,unresolved
S000089306,PGIM S&P 500 Max Buffer ETF - June,529900V3EJJ1FTQVI644,US69420N6351,GLEIF,BBG01V4WWX34,BBG01V4WWY78,PMJN,,,unresolved
S000089307,PGIM S&P 500 Max Buffer ETF - July,5299005S467OJ8ICIY84,US69420N6278,GLEIF,BBG01VL8NR68,BBG01VL8NS57,PMJL,,,unresolved
S000089308,PGIM S&P 500 Max Buffer ETF - August,529900B32JQ87B1CLB67,US69420N6195,GLEIF,BBG01W3G5986,BBG01W3G5B45,PMAU,,,unresolved
S000089309,PGIM S&P 500 Max Buffer ETF - September,5299003QVKB3H1A3S882,US69420N5932,GLEIF,BBG01WMGNN66,BBG01WMGNPL4,PMSE,,,unresolved
S000089342,Grant Park Dynamic Allocation Fund,52990070ONVHZTJ1SM89,US66538J2666,GLEIF,BBG01R9G01T0,BBG01R9G01W6,GPKIX,,,unresolved
S000089354,Touchstone Sands Capital US Select Growth ETF,529900P0SBUGJY7MXB19,US89157W8064,SEC-NPORT,BBG01R9GZ3D5,BBG01R9GZ4B5,TSEL,,,unresolved
S000089355,Eventide US Market ETF,254900WXTP9YGQC7P376,DE000SLA5DH1,GLEIF,,,,,,unresolved
S000089356,North Square RCIM Tax-Advantaged Preferred and Income Securities ETF,529900XW3LRPGEW37A16,US3014711085,GLEIF,BBG01R8ZV0J8,BBG01R8ZV1W1,QTPI,,,unresolved
S000089366,Pacer US Cash Cows Bond ETF,529900QTECCPTDF7PT24,US69374H2792,GLEIF,BBG01R9KSSN8,BBG01R9KSTH3,MILK,,,unresolved
S000089367,Pacer Solactive Whitney Future of Warfare ETF,549300L3D3N0PW0L9M73,US69374H7098,SEC-NPORT,BBG00BLVPPX4,BBG00BLVPPY3,GCOW,,,unresolved
S000089367,Pacer Solactive Whitney Future of Warfare ETF,549300L3D3N0PW0L9M73,US69374H8815,SEC-NPORT,BBG00FJQN6F3,BBG00FJQN752,COWZ,,,unresolved
S000089368,Pacer PE/VC ETF,529900LR70E43XNU3379,US69374H2537,GLEIF,BBG01S3K5N85,BBG01S3K5QM2,PEVC,,,unresolved
S000089411,U.S. Global Technology and Aerospace & Defense ETF,529900KR4ICB16AG1Z21,US26922B4106,GLEIF,BBG01RBBCQR2,BBG01RBBCRM5,WAR,,,unresolved
S000089452,GMO MAC Implementation Fund,254900KE2CPRURIE5P51,US36256V2549,SEC-NPORT,BBG01RH1D897,BBG01RH1D8B4,GMIHX,,,unresolved
S000089477,Matrix Advisors Value ETF,529900L4YZ0AS4AI2B02,US02072Q8125,GLEIF,BBG01S6Z9BF3,BBG01S6Z9C98,MAVF,,,unresolved
S000089579,Militia Long/Short Equity ETF,529900F62REU8ZYU5R82,US02072Q8208,GLEIF,BBG01RR5XL05,BBG01RR5XM76,ORR,,,unresolved
S000089612,Nuveen Municipal Income ETF,254900W0WH2J1NCK8I36,US67092P7143,SEC-NPORT,BBG01RQ55NX7,BBG01RQ55PR9,NUMI,,,unresolved
S000089750,Victory Pioneer U.S. Government Money Market Fund,549300UNTF5RHNLF8Z63,US7237552036,GLEIF,,,,,,unresolved
S000089750,Victory Pioneer U.S. Government Money Market Fund,549300UNTF5RHNLF8Z63,US7237553026,GLEIF,,,,,,unresolved
S000089750,Victory Pioneer U.S. Government Money Market Fund,549300UNTF5RHNLF8Z63,US7237554016,GLEIF,,,,,,unresolved
S000089750,Victory Pioneer U.S. Government Money Market Fund,549300UNTF5RHNLF8Z63,US7237555005,GLEIF,,,,,,unresolved
S000089750,Victory Pioneer U.S. Government Money Market Fund,549300UNTF5RHNLF8Z63,US7237558074,GLEIF,,,,,,unresolved
S000089752,Victory Pioneer Bond Fund,CS1V0EATB8V5FS5HQA74,US7236221062,GLEIF,,,,,,unresolved
S000089752,Victory Pioneer Bond Fund,CS1V0EATB8V5FS5HQA74,US7236222052,GLEIF,,,,,,unresolved
S000089752,Victory Pioneer Bond Fund,CS1V0EATB8V5FS5HQA74,US7236223043,GLEIF,,,,,,unresolved
S000089752,Victory Pioneer Bond Fund,CS1V0EATB8V5FS5HQA74,US7236224033,GLEIF,,,,,,unresolved
S000089752,Victory Pioneer Bond Fund,CS1V0EATB8V5FS5HQA74,US7236225022,GLEIF,,,,,,unresolved
S000089752,Victory Pioneer Bond Fund,CS1V0EATB8V5FS5HQA74,US7236226012,GLEIF,,,,,,unresolved
S000089752,Victory Pioneer Bond Fund,CS1V0EATB8V5FS5HQA74,US7236227002,GLEIF,,,,,,unresolved
S000089752,Victory Pioneer Bond Fund,CS1V0EATB8V5FS5HQA74,US7236228091,GLEIF,,,,,,unresolved
S000089752,Victory Pioneer Bond Fund,CS1V0EATB8V5FS5HQA74,US7236228828,GLEIF,BBG00H69LG89,BBG00H69LG98,PIBTX,,,unresolved
S000089759,Victory Pioneer International Equity Fund,29H3TYNS1ZUVYDCNHL80,US7237076002,GLEIF,BBG00H69LG52,BBG00H69LG61,PIETX,,,unresolved
S000089759,Victory Pioneer International Equity Fund,29H3TYNS1ZUVYDCNHL80,US7237091019,GLEIF,,,,,,unresolved
S000089759,Victory Pioneer International Equity Fund,29H3TYNS1ZUVYDCNHL80,US7237092009,GLEIF,,,,,,unresolved
S000089759,Victory Pioneer International Equity Fund,29H3TYNS1ZUVYDCNHL80,US7237093098,GLEIF,,,,,,unresolved
S000089759,Victory Pioneer International Equity Fund,29H3TYNS1ZUVYDCNHL80,US7237094088,GLEIF,,,,,,unresolved
S000089759,Victory Pioneer International Equity Fund,29H3TYNS1ZUVYDCNHL80,US7237095077,GLEIF,,,,,,unresolved
S000089764,Victory Pioneer Fund,HZUZDEH49POKNILHKM86,US92648C1080,GLEIF,BBG01VFTMK65,BBG01VFTMK74,RCRAX,,,unresolved
S000089764,Victory Pioneer Fund,HZUZDEH49POKNILHKM86,US92648C1163,GLEIF,BBG01T7N76X0,BBG01T7N76Y9,PYCGX,,,unresolved
S000089764,Victory Pioneer Fund,HZUZDEH49POKNILHKM86,US92648C1247,GLEIF,BBG01T7N6RY4,BBG01T7N6S09,PMCKX,,,unresolved
S000089764,Victory Pioneer Fund,HZUZDEH49POKNILHKM86,US92648C1320,GLEIF,BBG01T7N63J4,BBG01T7N63K2,PCCGX,,,unresolved
S000089764,Victory Pioneer Fund,HZUZDEH49POKNILHKM86,US92648C1403,GLEIF,BBG01T7N4JC8,BBG01T7N4JD7,PCGRX,,,unresolved
S000089764,Victory Pioneer Fund,HZUZDEH49POKNILHKM86,US92648C1817,GLEIF,BBG01TV9VR43,BBG01TV9VRF1,INVYX,,,unresolved
S000089764,Victory Pioneer Fund,HZUZDEH49POKNILHKM86,US92648C1999,GLEIF,BBG01TV9V5W0,BBG01TV9V685,PIEKX,,,unresolved
S000089764,Victory Pioneer Fund,HZUZDEH49POKNILHKM86,US92648C2070,GLEIF,BBG01VFTML18,BBG01VFTML27,RCRCX,,,unresolved
S000089764,Victory Pioneer Fund,HZUZDEH49POKNILHKM86,US92648C2153,GLEIF,BBG01TV9TCM9,BBG01TV9TCN8,PCITX,,,unresolved
S000089764,Victory Pioneer Fund,HZUZDEH49POKNILHKM86,US92648C2237,GLEIF,BBG01TV9QLK4,BBG01TV9QM31,PIIFX,,,unresolved
S000089764,Victory Pioneer Fund,HZUZDEH49POKNILHKM86,US92648C2310,GLEIF,BBG01TV9SPW0,BBG01TV9SQS3,TYHYX,,,unresolved
S000089764,Victory Pioneer Fund,HZUZDEH49POKNILHKM86,US92648C2492,GLEIF,BBG01TV9R966,BBG01TV9R9G5,PYICX,,,unresolved
S000089764,Victory Pioneer Fund,HZUZDEH49POKNILHKM86,US92648C2567,GLEIF,BBG01TV9H930,BBG01TV9HB99,TAHYX,,,unresolved
S000089764,Victory Pioneer Fund,HZUZDEH49POKNILHKM86,US92648C2641,GLEIF,BBG01TV9XMF0,BBG01TV9XMH8,HIMYX,,,unresolved
S000089764,Victory Pioneer Fund,HZUZDEH49POKNILHKM86,US92648C2724,GLEIF,BBG01TV9XDH8,BBG01TV9XDR7,HICMX,,,unresolved
S000089764,Victory Pioneer Fund,HZUZDEH49POKNILHKM86,US92648C2807,GLEIF,BBG01TV9WQZ0,BBG01TV9WR15,PIMAX,,,unresolved
S000089764,Victory Pioneer Fund,HZUZDEH49POKNILHKM86,US92648C3060,GLEIF,BBG01VFTMNK3,BBG01VFTMNN0,RCRYX,,,unresolved
S000089764,Victory Pioneer Fund,HZUZDEH49POKNILHKM86,US92648C3631,GLEIF,BBG01T7MWLS7,BBG01T7MWLT6,PGSYX,,,unresolved
S000089764,Victory Pioneer Fund,HZUZDEH49POKNILHKM86,US92648C3714,GLEIF,BBG01T7MWKY2,BBG01T7MWL07,PGEKX,,,unresolved
S000089764,Victory Pioneer Fund,HZUZDEH49POKNILHKM86,US92648C3896,GLEIF,BBG01T7MWJV8,BBG01T7MWJW7,GCSLX,,,unresolved
S000089764,Victory Pioneer Fund,HZUZDEH49POKNILHKM86,US92648C3979,GLEIF,BBG01T7MWH60,BBG01T7MWH79,GLOSX,,,unresolved
S000089764,Victory Pioneer Fund,HZUZDEH49POKNILHKM86,US92648C4050,GLEIF,BBG01TV9QJH3,BBG01TV9QJV7,PBMFX,,,unresolved
S000089764,Victory Pioneer Fund,HZUZDEH49POKNILHKM86,US92648C4134,GLEIF,BBG01TV9VZ45,BBG01TV9VZF3,FUNYX,,,unresolved
S000089764,Victory Pioneer Fund,HZUZDEH49POKNILHKM86,US92648C4217,GLEIF,BBG01TV9TCY6,BBG01TV9TD10,PFGKX,,,unresolved
S000089764,Victory Pioneer Fund,HZUZDEH49POKNILHKM86,US92648C4399,GLEIF,BBG01TV9V3Y3,BBG01TV9V480,PFGRX,,,unresolved
S000089764,Victory Pioneer Fund,HZUZDEH49POKNILHKM86,US92648C4472,GLEIF,BBG01TV9SW37,BBG01TV9SWN5,FUNCX,,,unresolved
S000089764,Victory Pioneer Fund,HZUZDEH49POKNILHKM86,US92648C4548,GLEIF,BBG01TV9QK26,BBG01TV9QKR9,PIGFX,,,unresolved
S000089764,Victory Pioneer Fund,HZUZDEH49POKNILHKM86,US92648C4621,GLEIF,BBG01T7N7697,BBG01T7N76C3,PYODX,,,unresolved
S000089764,Victory Pioneer Fund,HZUZDEH49POKNILHKM86,US92648C4704,GLEIF,BBG01T7N6SL6,BBG01T7N6SM5,PIOKX,,,unresolved
S000089764,Victory Pioneer Fund,HZUZDEH49POKNILHKM86,US92648C4886,GLEIF,BBG01T7N6386,BBG01T7N6395,PIORX,,,unresolved
S000089764,Victory Pioneer Fund,HZUZDEH49POKNILHKM86,US92648C4969,GLEIF,BBG01T7N5KM3,BBG01T7N5KN2,PCODX,,,unresolved
S000089764,Victory Pioneer Fund,HZUZDEH49POKNILHKM86,US92648C5040,GLEIF,BBG01TV9SDP5,BBG01TV9SDS2,MNBCX,,,unresolved
S000089764,Victory Pioneer Fund,HZUZDEH49POKNILHKM86,US92648C5123,GLEIF,BBG01T7N4CV2,BBG01T7N4DF8,PIODX,,,unresolved
S000089764,Victory Pioneer Fund,HZUZDEH49POKNILHKM86,US92648C5206,GLEIF,BBG01TV9TD29,BBG01TV9TD65,FLYRX,,,unresolved
S000089764,Victory Pioneer Fund,HZUZDEH49POKNILHKM86,US92648C5388,GLEIF,BBG01TV9T4S1,BBG01TV9T544,FLRKX,,,unresolved
S000089764,Victory Pioneer Fund,HZUZDEH49POKNILHKM86,US92648C5461,GLEIF,BBG01TV9SVG5,BBG01TV9SVH4,FLRCX,,,unresolved
S000089764,Victory Pioneer Fund,HZUZDEH49POKNILHKM86,US92648C5537,GLEIF,BBG01TV9SL68,BBG01TV9SL77,FLARX,,,unresolved
S000089764,Victory Pioneer Fund,HZUZDEH49POKNILHKM86,US92648C5610,GLEIF,BBG01TV9S5C6,BBG01TV9S5F3,PMYRX,,,unresolved
S000089764,Victory Pioneer Fund,HZUZDEH49POKNILHKM86,US92648C5792,GLEIF,BBG01TV9RN65,BBG01TV9RNK9,FLEKX,,,unresolved
S000089764,Victory Pioneer Fund,HZUZDEH49POKNILHKM86,US92648C5875,GLEIF,BBG01TVB02Y4,BBG01TVB0381,PRRCX,,,unresolved
S000089764,Victory Pioneer Fund,HZUZDEH49POKNILHKM86,US92648C5958,GLEIF,BBG01TV9NK10,BBG01TV9NKQ3,PMARX,,,unresolved
S000089764,Victory Pioneer Fund,HZUZDEH49POKNILHKM86,US92648C6030,GLEIF,BBG01TV9SR47,BBG01TV9SRQ3,PBYMX,,,unresolved
S000089764,Victory Pioneer Fund,HZUZDEH49POKNILHKM86,US92648C6113,GLEIF,BBG01T7N3HL3,BBG01T7N3HM2,PYEQX,,,unresolved
S000089764,Victory Pioneer Fund,HZUZDEH49POKNILHKM86,US92648C6295,GLEIF,BBG01T7MZRR2,BBG01T7MZS81,PEQKX,,,unresolved
S000089764,Victory Pioneer Fund,HZUZDEH49POKNILHKM86,US92648C6378,GLEIF,BBG01T7MXL33,BBG01T7MXL42,PQIRX,,,unresolved
S000089764,Victory Pioneer Fund,HZUZDEH49POKNILHKM86,US92648C6451,GLEIF,BBG01T7MXFK7,BBG01T7MXFM5,PCEQX,,,unresolved
S000089764,Victory Pioneer Fund,HZUZDEH49POKNILHKM86,US92648C6527,GLEIF,BBG01T7MWWN8,BBG01T7MWWQ5,PEQIX,,,unresolved
S000089764,Victory Pioneer Fund,HZUZDEH49POKNILHKM86,US92648C6600,GLEIF,BBG01VFTNJH5,BBG01VFTNJJ3,CVFYX,,,unresolved
S000089764,Victory Pioneer Fund,HZUZDEH49POKNILHKM86,US92648C6782,GLEIF,BBG01VFTN7Z1,BBG01VFTN816,CVKFX,,,unresolved
S000089764,Victory Pioneer Fund,HZUZDEH49POKNILHKM86,US92648C6865,GLEIF,BBG01VFTN4V2,BBG01VFTN503,CVCFX,,,unresolved
S000089764,Victory Pioneer Fund,HZUZDEH49POKNILHKM86,US92648C6949,GLEIF,BBG01VFTN344,BBG01VFTN353,CVFCX,,,unresolved
S000089764,Victory Pioneer Fund,HZUZDEH49POKNILHKM86,US92648C7020,GLEIF,BBG01T7MWGN3,BBG01T7MWGQ0,AOBLX,,,unresolved
S000089764,Victory Pioneer Fund,HZUZDEH49POKNILHKM86,US92648C7103,GLEIF,BBG01T7N6SD5,BBG01T7N6SG2,INYDX,,,unresolved
S000089764,Victory Pioneer Fund,HZUZDEH49POKNILHKM86,US92648C7285,GLEIF,BBG01T7N6GW0,BBG01T7N6GX9,INKDX,,,unresolved
S000089764,Victory Pioneer Fund,HZUZDEH49POKNILHKM86,US92648C7368,GLEIF,BBG01T7N63V0,BBG01T7N63X8,INDCX,,,unresolved
S000089764,Victory Pioneer Fund,HZUZDEH49POKNILHKM86,US92648C7442,GLEIF,BBG01T7N5KP0,BBG01T7N5KQ9,PINDX,,,unresolved
S000089764,Victory Pioneer Fund,HZUZDEH49POKNILHKM86,US92648C7517,GLEIF,BBG01T7N59S2,BBG01T7N59T1,PVFYX,,,unresolved
S000089764,Victory Pioneer Fund,HZUZDEH49POKNILHKM86,US92648C7699,GLEIF,BBG01T7N3H51,BBG01T7N3H60,PCEKX,,,unresolved
S000089764,Victory Pioneer Fund,HZUZDEH49POKNILHKM86,US92648C7772,GLEIF,BBG01T7N1130,BBG01T7N11Q5,PCOTX,,,unresolved
S000089764,Victory Pioneer Fund,HZUZDEH49POKNILHKM86,US92648C7855,GLEIF,BBG01T7N4HX9,BBG01T7N4JB9,PIOTX,,,unresolved
S000089764,Victory Pioneer Fund,HZUZDEH49POKNILHKM86,US92648C7939,GLEIF,BBG01TV9VKG5,BBG01TV9VKP5,CBYYX,,,unresolved
S000089764,Victory Pioneer Fund,HZUZDEH49POKNILHKM86,US92648C8010,GLEIF,BBG01T7MWLN2,BBG01T7MWLP0,PCBCX,,,unresolved
S000089764,Victory Pioneer Fund,HZUZDEH49POKNILHKM86,US92648C8192,GLEIF,BBG01TV9V8G2,BBG01TV9V8H1,ACBKX,,,unresolved
S000089764,Victory Pioneer Fund,HZUZDEH49POKNILHKM86,US92648C8275,GLEIF,BBG01TV9TTT5,BBG01TV9TTY9,ACBAX,,,unresolved
S000089764,Victory Pioneer Fund,HZUZDEH49POKNILHKM86,US92648C8358,GLEIF,BBG01VFTN0C1,BBG01VFTN0F8,PICYX,,,unresolved
S000089764,Victory Pioneer Fund,HZUZDEH49POKNILHKM86,US92648C8432,GLEIF,BBG01VFTMV61,BBG01VFTMV98,PBFKX,,,unresolved
S000089764,Victory Pioneer Fund,HZUZDEH49POKNILHKM86,US92648C8507,GLEIF,BBG01VFTMSG7,BBG01VFTMSH6,PCYBX,,,unresolved
S000089764,Victory Pioneer Fund,HZUZDEH49POKNILHKM86,US92648C8689,GLEIF,BBG01VFTMPJ0,BBG01VFTMPL7,PIOBX,,,unresolved
S000089764,Victory Pioneer Fund,HZUZDEH49POKNILHKM86,US92648C8762,GLEIF,BBG01T7MYZ68,BBG01T7MYZN9,AYBLX,,,unresolved
S000089764,Victory Pioneer Fund,HZUZDEH49POKNILHKM86,US92648C8846,GLEIF,BBG01T7MYCY8,BBG01T7MYD03,PCBKX,,,unresolved
S000089764,Victory Pioneer Fund,HZUZDEH49POKNILHKM86,US92648H1077,GLEIF,BBG01TV9QL33,BBG01TV9QLD2,PMAIX,,,unresolved
S000089764,Victory Pioneer Fund,HZUZDEH49POKNILHKM86,US92648H2067,GLEIF,BBG01TV9V8Q1,BBG01TV9V970,PMACX,,,unresolved
S000089764,Victory Pioneer Fund,HZUZDEH49POKNILHKM86,US92648H3057,GLEIF,BBG01TV9VYK0,BBG01TV9VYQ4,PMFKX,,,unresolved
S000089764,Victory Pioneer Fund,HZUZDEH49POKNILHKM86,US92648H4048,GLEIF,BBG01TV9WGV6,BBG01TV9WH53,PMFYX,,,unresolved
S000089764,Victory Pioneer Fund,HZUZDEH49POKNILHKM86,US92648H5037,GLEIF,BBG01T7MWD23,BBG01T7MWD32,MAFRX,,,unresolved
S000089764,Victory Pioneer Fund,HZUZDEH49POKNILHKM86,US92648H6027,GLEIF,BBG01T7MWLL4,BBG01T7MWLM3,MAUCX,,,unresolved
S000089764,Victory Pioneer Fund,HZUZDEH49POKNILHKM86,US92648H6696,GLEIF,BBG01VFTMXM9,BBG01VFTMY10,PBFRX,,,unresolved
S000089764,Victory Pioneer Fund,HZUZDEH49POKNILHKM86,US92648H6779,GLEIF,BBG01T7MWTW5,BBG01T7MWTY3,PRYXX,,,unresolved
S000089764,Victory Pioneer Fund,HZUZDEH49POKNILHKM86,US92648H6852,GLEIF,BBG01T7MZF70,BBG01T7MZFP0,PMTXX,,,unresolved
S000089764,Victory Pioneer Fund,HZUZDEH49POKNILHKM86,US92648H6936,GLEIF,BBG01T7N76Z8,BBG01T7N7704,STRYX,,,unresolved
S000089764,Victory Pioneer Fund,HZUZDEH49POKNILHKM86,US92648H7017,GLEIF,BBG01T7MX333,BBG01T7MX360,MAUKX,,,unresolved
S000089764,Victory Pioneer Fund,HZUZDEH49POKNILHKM86,US92648H7199,GLEIF,BBG01T7N6NT9,BBG01T7N6PD1,STRKX,,,unresolved
S000089764,Victory Pioneer Fund,HZUZDEH49POKNILHKM86,US92648H7272,GLEIF,BBG01T7N5JZ2,BBG01T7N5K16,STIRX,,,unresolved
S000089764,Victory Pioneer Fund,HZUZDEH49POKNILHKM86,US92648H7355,GLEIF,BBG01T7N3PN3,BBG01T7N3Q42,PSRCX,,,unresolved
S000089764,Victory Pioneer Fund,HZUZDEH49POKNILHKM86,US92648H7439,GLEIF,BBG01T7MXL51,BBG01T7MXL60,PSRAX,,,unresolved
S000089764,Victory Pioneer Fund,HZUZDEH49POKNILHKM86,US92648H7504,GLEIF,BBG01T7MWHZ8,BBG01T7NPZG5,IMOYX,,,unresolved
S000089764,Victory Pioneer Fund,HZUZDEH49POKNILHKM86,US92648H7686,GLEIF,BBG01T7MWCL4,BBG01T7NPZF6,PIDCX,,,unresolved
S000089764,Victory Pioneer Fund,HZUZDEH49POKNILHKM86,US92648H7769,GLEIF,BBG01T7MRT97,BBG01T7MRTD2,PIALX,,,unresolved
S000089764,Victory Pioneer Fund,HZUZDEH49POKNILHKM86,US92648H7843,GLEIF,BBG01T7MTZF4,BBG01T7NPFB4,PSHYX,,,unresolved
S000089764,Victory Pioneer Fund,HZUZDEH49POKNILHKM86,US92648H7926,GLEIF,BBG01T7MTNH9,BBG01T7NNN65,STIKX,,,unresolved
S000089764,Victory Pioneer Fund,HZUZDEH49POKNILHKM86,US92648H8007,GLEIF,BBG01T7MXDH6,BBG01T7MXDN9,MYFRX,,,unresolved
S000089764,Victory Pioneer Fund,HZUZDEH49POKNILHKM86,US92648H8189,GLEIF,BBG01T7MSZM7,BBG01T7NNLD1,STIIX,,,unresolved
S000089764,Victory Pioneer Fund,HZUZDEH49POKNILHKM86,US92648H8262,GLEIF,BBG01T7MPW47,BBG01T7MPW56,STABX,,,unresolved
S000089764,Victory Pioneer Fund,HZUZDEH49POKNILHKM86,US92648H8346,GLEIF,BBG01T7MZW37,BBG01T7MZW46,GROYX,,,unresolved
S000089764,Victory Pioneer Fund,HZUZDEH49POKNILHKM86,US92648H8429,GLEIF,BBG01T7MZ590,BBG01T7MZ5Q1,PSMKX,,,unresolved
S000089764,Victory Pioneer Fund,HZUZDEH49POKNILHKM86,US92648H8593,GLEIF,BBG01T7MYFT7,BBG01T7MYFY1,GOFCX,,,unresolved
S000089764,Victory Pioneer Fund,HZUZDEH49POKNILHKM86,US92648H8676,GLEIF,BBG01T7MXK62,BBG01T7MXK71,PGOFX,,,unresolved
S000089764,Victory Pioneer Fund,HZUZDEH49POKNILHKM86,US92648H8759,GLEIF,BBG01TV9XB00,BBG01TV9XB19,SYFFX,,,unresolved
S000089764,Victory Pioneer Fund,HZUZDEH49POKNILHKM86,US92648H8833,GLEIF,BBG01TV9X148,BBG01TV9X1J2,SIFFX,,,unresolved
S000089767,Victory Pioneer Disciplined Value Fund,549300F2C3YWP4DUF080,US72387X1090,GLEIF,,,,,,unresolved
S000089769,Victory Pioneer Securitized Income Fund,549300NPIBL3LB916817,US72388G1058,GLEIF,,,,,,unresolved
S000089771,Victory Pioneer High Yield Fund,549300KIPK21IOE42X58,US72369B1098,GLEIF,,,,,,unresolved
S000089771,Victory Pioneer High Yield Fund,549300KIPK21IOE42X58,US72369B2088,GLEIF,,,,,,unresolved
S000089771,Victory Pioneer High Yield Fund,549300KIPK21IOE42X58,US72369B3078,GLEIF,,,,,,unresolved
S000089771,Victory Pioneer High Yield Fund,549300KIPK21IOE42X58,US72369B4068,GLEIF,,,,,,unresolved
S000089771,Victory Pioneer High Yield Fund,549300KIPK21IOE42X58,US72369B5057,GLEIF,,,,,,unresolved
S000089771,Victory Pioneer High Yield Fund,549300KIPK21IOE42X58,US72369B6048,GLEIF,,,,,,unresolved
S000089771,Victory Pioneer High Yield Fund,549300KIPK21IOE42X58,US72369B7038,GLEIF,,,,,,unresolved
S000089771,Victory Pioneer High Yield Fund,549300KIPK21IOE42X58,US72369B8028,GLEIF,BBG00H2MP6B8,BBG00H2MP6C7,HYITX,,,unresolved
S000089845,Sarmaya Thematic ETF,52990059JU15RUJ6SN97,US02072Q7960,GLEIF,BBG01S0S1QL3,BBG01S0S1RH6,LENS,,,unresolved
S000089870,Grayscale Bitcoin Miners ETF,529900BZFTXJ1V63T131,US38963H2067,GLEIF,BBG01S19YNZ0,BBG01S19YPV9,MNRS,,,unresolved
S000089916,REX COIN Growth & Income ETF,529900LJ0KI4XLVEC262,US7615621072,GLEIF,,,,,,unresolved
S000089917,REX MSTR Growth & Income ETF,529900QMECQH4EXBUO35,US7615622062,GLEIF,,,,,,unresolved
S000089918,REX NVDA Growth & Income ETF,5299002U28CK5OUWY351,US7615623052,GLEIF,BBG01V8BPZM8,BBG01V8BQ3F6,NVII,,,unresolved
S000089919,REX TSLA Growth & Income ETF,529900XQGQ1TLD8J3059,US7615624043,GLEIF,BBG01VC5LVB1,BBG01VC5LWC8,TSII,,,unresolved
S000089961,Grayscale Ethereum Covered Call ETF,529900LEL8MUN5PM7D60,US38963H6027,GLEIF,BBG01X01MXS6,BBG01X01MYN9,ETCO,,,unresolved
S000089966,SPDR Bridgewater All Weather ETF,9845000EB73AD1385474,US78470P6300,SEC-NPORT,BBG01SN3NWY2,BBG01SN3NXT6,ALLW,,,unresolved
S000090058,Calamos Bitcoin 80 Series Structured Alt Protection ETF - January,5299004KVMQVNLAOBF74,US12811T7202,SEC-NPORT,BBG01S2WVSK6,BBG01S2WVTF0,CBTJ,,,unresolved
S000090059,Calamos Bitcoin 80 Series Structured Alt Protection ETF - April,529900UGECTXBZTHP539,US12811T6543,SEC-NPORT,BBG01T3VTN47,BBG01T3VTP51,CBTA,,,unresolved
S000090060,Calamos Bitcoin 80 Series Structured Alt Protection ETF - July,5299005RG23MQOSURB24,US12811T6212,SEC-NPORT,BBG01VWLPJ54,BBG01VWLPKN1,CBTY,,,unresolved
S000090064,Calamos Bitcoin 90 Series Structured Alt Protection ETF - January,529900T88YV37REL8T20,US12811T7129,SEC-NPORT,BBG01S2WNR90,BBG01S2WNSF1,CBXJ,,,unresolved
S000090065,Calamos Bitcoin 90 Series Structured Alt Protection ETF - April,529900NT2Y524TJOZK20,US12811T6626,SEC-NPORT,BBG01T3VWBM9,BBG01T3VWCM7,CBXA,,,unresolved
S000090066,Calamos Bitcoin 90 Series Structured Alt Protection ETF - July,529900GY5CNX3HHUOU60,US12811T6394,SEC-NPORT,BBG01VWLCTD7,BBG01VWLCV97,CBXY,,,unresolved
S000090114,Calamos Bitcoin Structured Alt Protection ETF - January,5299001QS25T7PR5DC42,US12811T6881,SEC-NPORT,BBG01RX4YJ96,BBG01RX4YK84,CBOJ,,,unresolved
S000090115,Calamos Bitcoin Structured Alt Protection ETF - April,5299004T0HM3EILLAF89,US12811T6709,SEC-NPORT,BBG01T2FVRC2,BBG01T2FVS67,CBOA,,,unresolved
S000090116,Calamos Bitcoin Structured Alt Protection ETF - July,529900IS11ZHWV6Y2032,US12811T6477,SEC-NPORT,BBG01VWLBP28,BBG01VWLBQ17,CBOY,,,unresolved
S000090149,Invesco SteelPath MLP & Energy Infrastructure ETF,254900E9SLJKSK2L4X02,US46090A6635,SEC-NPORT,BBG01SCJ0KD3,BBG01SCJ0LL2,PIPE,,,unresolved
S000090172,VANGUARD 0-3 MONTH TREASURY BILL ETF,52990070DGBTWFWX8S21,US9220408457,SEC-NPORT,BBG01S6YYQ01,BBG01S6YYQV7,VBIL,,,unresolved
S000090181,Innovator Uncapped Bitcoin 20 Floor ETF - Quarterly,5299007WC854904JKW45,US45784N6922,GLEIF,BBG01S3LYTZ8,BBG01S3LYVW6,QBF,,,unresolved
S000090183,TCW White Oak Emerging Markets Equity Fund,52990011OJ7L359YQ725,US8723656638,SEC-NPORT,BBG01RJV9HL0,BBG01RJV9JF3,TWOEX,,,unresolved
S000090290,Yoke Core ETF,529900RXYUYV7CH15162,US02072Q7887,GLEIF,BBG01SD0JCW0,BBG01SD0JDT2,YOKE,,,unresolved
S000090503,DoubleLine Asset-Backed Securities ETF,529900R37FJYT7ZGHF95,US25861R8088,GLEIF,BBG01SKDPTV1,BBG01SKDPVR1,DABS,,,unresolved
S000090524,RockCreek Global Equality ETF,5299006LNROEPUJSL479,US02072Q8380,GLEIF,BBG01SJ5T673,BBG01SJ5T7P1,RCGE,,,unresolved
S000090665,MC Trio Equity Buffered ETF,529900YYDNBPCJAXJI25,US02072Q7705,GLEIF,BBG01SP6XYJ5,BBG01SP6XZH4,TRIO,,,unresolved
S000090747,Amplius Aggressive Asset Allocation ETF,529900BBEQVFL3E7I651,US02072Q6897,GLEIF,BBG01W275XX6,BBG01W275ZB5,AAAA,,,unresolved
S000090886,Venerable Bond Index Fund,254900XVLJCNBMJGLP31,US92264L7626,SEC-NPORT,BBG01T9T3W35,BBG01T9T3W99,VECIX,,,unresolved
S000090889,Venerable Intermediate Corporate Bond Index Fund,254900BDRIN59W9EON09,US92264L7212,SEC-NPORT,BBG01T9T4N16,BBG01T9T4N34,VEBIX,,,unresolved
S000090890,Venerable International Index Fund,2549005MAAGW4BEOQV51,US92264L6974,SEC-NPORT,BBG01T9VBXV8,BBG01T9VBXY5,VEEIX,,,unresolved
S000090923,Sterling Capital Enhanced Core Bond ETF,529900LGZYTJGXCB7N31,US14064D4447,GLEIF,BBG01SRQ9554,BBG01SRQ9661,SCEC,,,unresolved
S000090927,BHILL Fund,529900ET5VQQ87IIFA21,US00777X5124,GLEIF,BBG01S6YTWG7,BBG01S6YTWH6,BHILX,,,unresolved
S000090972,Invesco Managed Futures Strategy ETF,254900P7IGSXDKK5YI28,US46127B1061,SEC-NPORT,BBG01SVY1H36,BBG01SVY1J69,IMF,,,unresolved
S000090980,Grayscale Bitcoin Premium Income ETF,529900SO1UM6A7MXQW37,US38963H4048,GLEIF,BBG01T4V23Y6,BBG01T4V2571,BPI,,,unresolved
S000090982,Cambria Global EW ETF,529900DPGM35XJ2HIY75,US02072Q7135,GLEIF,BBG01XFHLGW8,BBG01XFHLK22,GEW,,,unresolved
S000091075,Bitwise COIN Option Income Strategy ETF,52990031IEJ3GFKG6L39,US0917486088,GLEIF,,,,,,unresolved
S000091076,Bitwise MARA Option Income Strategy ETF,529900NZ66XB2X2K0S20,US0917487078,GLEIF,BBG01T2WWSD1,BBG01T2WWT76,IMRA,,,unresolved
S000091077,Bitwise MSTR Option Income Strategy ETF,5299004OYS1MZUD7YN96,US0917488068,GLEIF,,,,,,unresolved
S000091079,Bitwise Bitcoin Standard Corporations ETF,52990091RDZUYGXMYG11,US0917485098,GLEIF,BBG01SRN9Y58,BBG01SRN9ZK8,OWNB,,,unresolved
S000091119,Solana ETF,529900TGXMYXSHF8O457,US92864M8221,SEC-NPORT,BBG01SXP66P8,BBG01SXP67M9,SOLZ,,,unresolved
S000091218,Leverage Shares 2X Long AAL Daily ETF ,529900QCTK9VV7WE6974,US8829273122,GLEIF,BBG01VH49P35,BBG01VH49Q06,AALG,,,unresolved
S000091219,Leverage Shares 2X Long HOOD Daily ETF ,529900WOMBG03ER1NZ41,US8829274609,GLEIF,BBG01SX2GR72,BBG01SX2GS70,HOOG,,,unresolved
S000091225,Leverage Shares 2X Long PANW Daily ETF ,5299000BVQX5AFZB8P29,US8829274294,GLEIF,BBG01SX5WXS1,BBG01SX5WYR0,PANG,,,unresolved
S000091226,Leverage Shares 2X Long PLTR Daily ETF ,529900817IH2W7NH2G12,US8829273957,GLEIF,BBG01TMN61Z3,BBG01TMN62X3,PLTG,,,unresolved
S000091227,Leverage Shares 2X Long PYPL Daily ETF ,529900BW9YRA7HBMVE79,US8829274526,GLEIF,BBG01T6JH5P0,BBG01T6JH6K3,PYPG,,,unresolved
S000091230,Leverage Shares 2X Long RTX Daily ETF ,5299000Q0NCZH78DK804,US8829274948,GLEIF,BBG01VC5NNG2,BBG01VC5NPL1,RTXG,,,unresolved
S000091231,Leverage Shares 2X Long XYZ Daily ETF ,5299007AS8NEDDU3RW30,US8829274781,GLEIF,BBG01T6JCTN5,BBG01T6JCVN0,XYZG,,,unresolved
S000091233,Leverage Shares 2X Long ADBE Daily ETF ,5299004I5NA1W4WQOP05,US8829273874,GLEIF,BBG01SWP6HM8,BBG01SWP6JH0,ADBG,,,unresolved
S000091235,Leverage Shares 2X Long AVGO Daily ETF ,529900X4HA4XCHO7VH31,US8829274377,GLEIF,BBG01TYZ1T96,BBG01TYZ1VH2,AVGG,,,unresolved
S000091238,Leverage Shares 2X Long CRM Daily ETF ,529900TZTR24QX1JFE51,US8829273387,GLEIF,BBG01T6JH455,BBG01T6JH534,CRMG,,,unresolved
S000091242,Argent Focused Small Cap ETF,529900H2ITSL4SG6MF98,US02072Q7549,GLEIF,BBG01TCJ00K7,BBG01TCJ01G0,ALIL,,,unresolved
S000091243,Argent Large Cap ETF,529900YJLDR4MGSQTU29,US02072Q7473,GLEIF,BBG01TCJ3701,BBG01TCJ37Z3,ABIG,,,unresolved
S000091442,Pacer Cash Cowz 100-Nasdaq 100 Rotator ETF,529900B0GTFVD5B45N24,US69374H2461,GLEIF,BBG01TVW3SX9,BBG01TVW3TS3,QQWZ,,,unresolved
S000091510,Onchain Economy ETF,254900BQUC9W4HTCLF04,US92107P7805,SEC-NPORT,BBG01TYFX775,BBG01TYFX8M6,NODE,,,unresolved
S000091512,Lazard Emerging Markets Opportunities ETF,529900FM6B74FREF8H08,US52110K3014,GLEIF,BBG01Y2L25X5,BBG01Y2L26W4,EMKT,,,unresolved
S000091513,Lazard Equity Megatrends ETF,5299004M4G8VKYS0YZ35,US52110K2024,GLEIF,BBG01T6DK4Y2,BBG01T6DK5V2,THMZ,,,unresolved
S000091514,Lazard International Dynamic Equity ETF,529900OKX1482ZKW6I30,US52110K4004,GLEIF,BBG01TT438P7,BBG01TT439S2,IDEQ,,,unresolved
S000091515,Lazard Japanese Equity ETF,529900TJ9RCIMPNULA48,US52110K1034,GLEIF,BBG01T6DK8S0,BBG01T6DK9M4,JPY,,,unresolved
S000091516,Lazard Next Gen Technologies ETF,529900IG717VQD7NE532,US52110K5092,GLEIF,BBG01T6DJSC5,BBG01T6DJTD2,TEKY,,,unresolved
S000091618,Simplify Barrier Income ETF,529900TG4KRPU18D6A47,US82889N3355,GLEIF,BBG01THF9VQ7,BBG01THF9WK1,SBAR,,,unresolved
S000091619,Simplify Target 15 Distribution ETF,529900JQIPPXKF841S91,US82889N3504,GLEIF,BBG01THFB3S4,BBG01THFB4S2,XV,,,unresolved
S000091676,ALPS Electrification Infrastructure ETF,5493001KJTIIGC8Y1R12,DE000SL0RJ04,GLEIF,,,,,,unresolved
S000091676,ALPS Electrification Infrastructure ETF,5493001KJTIIGC8Y1R12,DE000SL0RJ12,GLEIF,,,,,,unresolved
S000091676,ALPS Electrification Infrastructure ETF,5493001KJTIIGC8Y1R12,DE000SL0RJY9,GLEIF,,,,,,unresolved
S000091676,ALPS Electrification Infrastructure ETF,5493001KJTIIGC8Y1R12,DE000SL0RJZ6,GLEIF,,,,,,unresolved
S000091689,Grayscale Bitcoin Adopters ETF,529900GJB9534SUEZW56,US38963H5037,GLEIF,BBG01TQ373F0,BBG01TQ37495,BCOR,,,unresolved
S000091769,Invesco Comstock Contrarian Equity ETF,254900Z82T9J6C6K8D83,US46127B2051,SEC-NPORT,BBG01TT2Q2L3,BBG01TT2Q3G7,CSTK,,,unresolved
S000091770,Invesco International Growth Focus ETF,254900UIZ7X8PX1D0M47,US46127B3042,SEC-NPORT,BBG01VF2MD24,BBG01VF2MF47,MTRA,,,unresolved
S000091819,Astoria Dynamic Core US Fixed Income ETF,529900MY3K2ZLDU70A86,US02072Q6632,GLEIF,BBG01TS490J6,BBG01TS491J4,AGGA,,,unresolved
S000091848,Simplify Kayne Anderson Energy and Infrastructure Credit ETF,529900P0PPR1IFR0EV77,US82889N2779,GLEIF,BBG01V5CN5W6,BBG01V5CN6Q1,KNRG,,,unresolved
S000091859,Simplify Piper Sandler US Small-Cap PLUS Income ETF,529900HP1B2TAHG5WR46,US82889N3272,GLEIF,BBG01TQRSS23,BBG01TQRST03,LITL,,,unresolved
S000091890,Pacer S&P 500 Quality FCF Aristocrats ETF,529900UYEOCS777DWV32,US69374H2388,GLEIF,BBG01TVBG6R6,BBG01TVBG801,LCOW,,,unresolved
S000092001,Venerable World Equity Fund,2549005T9ITAQ9YQ3T42,US92264L5984,SEC-NPORT,BBG01T9T63T8,BBG01T9T63X3,VVWIX,,,unresolved
S000092025,T. Rowe Price Natural Resources ETF,254900CWV5QCE6WBCD81,US87283Q7438,SEC-NPORT,BBG01VCL5KB8,BBG01VCL5L62,TURF,,,unresolved
S000092049,TrueShares Structured Outcome (April) ETF,529900M6PY55MN06K735,US2103228555,SEC-NPORT,BBG01WJZK5V2,BBG01WJZK6S4,APRZ,,,unresolved
S000092050,TrueShares Structured Outcome (November) ETF,52990016OZBNZ0VD4Q33,US2103227722,SEC-NPORT,BBG01WJZRSP2,BBG01WJZRTK5,NOVZ,,,unresolved
S000092051,TrueShares Structured Outcome (October) ETF,529900E82PMAE6W0B046,US2103227805,SEC-NPORT,BBG01WJZT0X2,BBG01WJZT1T5,OCTZ,,,unresolved
S000092052,TrueShares Structured Outcome (September) ETF,529900YHOE5QQP4E0E88,US2103227987,SEC-NPORT,BBG01WJZT6P8,BBG01WJZT7M9,SEPZ,,,unresolved
S000092053,TrueShares Structured Outcome (August) ETF,529900TVWFEB5Y8E9A13,US2103228142,SEC-NPORT,BBG01X3LJ8G1,BBG01X3LJ9G9,AUGZ,,,unresolved
S000092054,TrueShares Structured Outcome (December) ETF,529900UL6OQXSUVLA731,US2103227649,SEC-NPORT,BBG01WJZKHH2,BBG01WJZKJD2,DECZ,,,unresolved
S000092055,TrueShares Structured Outcome (February) ETF,529900S4U7HRBJGB7250,US2103228712,SEC-NPORT,BBG01WJZKSF0,BBG01WJZKTH6,FEBZ,,,unresolved
S000092056,TrueShares Structured Outcome (January) ETF,529900CTW5BG57IWUZ37,US2103226815,SEC-NPORT,BBG01WJZL4B6,BBG01WJZL5B3,JANZ,,,unresolved
S000092057,TrueShares Structured Outcome (July) ETF,529900UOYKK9HXLOIY74,US2103228225,SEC-NPORT,BBG01X3LK717,BBG01X3LK7X2,JULZ,,,unresolved
S000092059,TrueShares Structured Outcome (March) ETF,529900URFRDBRT1FJ702,US2103228639,SEC-NPORT,BBG01WJZQKW2,BBG01WJZQLV1,MARZ,,,unresolved
S000092060,TrueShares Structured Outcome (May) ETF,529900NMHUNEN7WSP060,US2103228480,SEC-NPORT,BBG01WJZQVL0,BBG01WJZQWL8,MAYZ,,,unresolved
S000092079,Rainwater Equity ETF,529900YO7Q7M7X26B090,US02072Q6301,GLEIF,BBG01VF4X721,BBG01VF4X865,RW,,,unresolved
S000092090,Tortoise Energy Fund,529900YV8FX9MVUNB141,US8909302098,GLEIF,BBG01VH3PJQ8,BBG01VH3PKL0,TNGY,,,unresolved
S000092100,JPMorgan Flexible Debt ETF,254900ZJFETK9214NY16,US46654Q5595,SEC-NPORT,BBG01X2PHNN4,BBG01X2PHPJ4,JFLX,,,unresolved
S000092183,Suncoast Select Growth ETF,529900C1Q0GTNO2LM509,US02072Q5808,GLEIF,BBG01TXBHZL5,BBG01TXBJ192,SEMG,,,unresolved
S000092325,Roundhill NFLX WeeklyPay ETF,529900P3OXI57M7GN330,US77926X6435,SEC-NPORT,BBG01VKSDWD7,BBG01VKSDXW4,NFLW,,,unresolved
S000092334,Roundhill AVGO WeeklyPay ETF,529900WKYCSVJ6RQFH89,US77926X6195,SEC-NPORT,BBG01W6VNFL1,BBG01W6VNGG5,AVGW,,,unresolved
S000092336,Roundhill BRKB WeeklyPay ETF,5299008YULOYFPG55B75,US77926X6278,SEC-NPORT,BBG01VKRKMR8,BBG01VKRKNP8,BRKW,,,unresolved
S000092337,Roundhill COST  WeeklyPay ETF,529900X0RD55ULZ2CM21,US77926X5288,SEC-NPORT,BBG01Y2DW2Y6,BBG01Y2DW3Z3,COSW,,,unresolved
S000092348,Innovator Equity Managed 100 Buffer ETF,529900K14M7UJLAYAD35,US45784N6195,GLEIF,BBG01TW7DK05,BBG01TW7DKV1,BFRZ,,,unresolved
S000092494,Goldman Sachs Corporate Bond ETF,984500077864807KE333,US38149W4657,SEC-NPORT,BBG01VNW4V74,BBG01VNW4W45,GIGL,,,unresolved
S000092516,XRP ETF,529900WY4H0DLS53EU43,US92864M7801,GLEIF,BBG01TZJXDC7,BBG01TZJXF78,XRPI,,,unresolved
S000092962,AB Emerging Markets Opportunities ETF,2549002A6QETPBRY4E33,US00039J7809,SEC-NPORT,BBG01V85RGF9,BBG01V85RH94,EMOP,,,unresolved
S000093092,Rayliant-ChinaAMC Transformative China Tech ETF,529900O6GJZ2WYQXOJ21,US7546401008,GLEIF,BBG01XBCVJW6,BBG01XBCVKW3,CNQQ,,,unresolved
S000093139,Bitwise GME Option Income Strategy ETF,5299006MA2SPMCKBRX63,US09174D1028,GLEIF,,,,,,unresolved
S000093209,The Frontier Economic Fund,529900PZX0GHWSL8QY77,US2689617031,GLEIF,BBG01VS3BCZ6,BBG01VS3BF70,AKAF,,,unresolved
S000093321,Innovator Equity Dual Directional 15 Buffer ETF - July,529900T5YPM37N7G5M02,US45784N5361,GLEIF,BBG01VS68PH4,BBG01VS68QC7,DDFL,,,unresolved
S000093322,Innovator Equity Dual Directional 10 Buffer ETF - July,5299009VUZ0ZXI5QND43,US45784N5106,GLEIF,BBG01VS63T09,BBG01VS63V04,DDTL,,,unresolved
S000093323,Innovator Equity Dual Directional 10 Buffer ETF - September,529900AEJRO0IG6ZCN47,US45784N4786,GLEIF,BBG01WYNJG22,BBG01WYNJH20,DDTS,,,unresolved
S000093324,Innovator Equity Dual Directional 15 Buffer ETF - September,5299007ES34UGWHCEU03,US45784N4869,GLEIF,BBG01WYNQ6J8,BBG01WYNQ7D2,DDFS,,,unresolved
S000093386,Tema International Defense ETF,529900CE4BPAD9PYJH86,US87975E7849,GLEIF,BBG01X2NF8S9,BBG01X2NFBV8,ARMY,,,unresolved
S000093415,Innovator Index Autocallable Income Strategy ETF,529900QSBAVS91RKR159,US45784N5858,GLEIF,BBG01XK52JX2,BBG01XK52KW0,ACII,,,unresolved
S000093416,Innovator Equity Autocallable Income Strategy ETF,529900BXGQ9LDI6VPR34,US45784N5932,GLEIF,BBG01XK51Q67,BBG01XK51R47,ACEI,,,unresolved
S000093585,AAM Todd International Intrinsic Value ETF,52990022XZW5N84BQ389,US2689618021,GLEIF,BBG01W9X2SS2,BBG01W9X2TN5,TIIV,,,unresolved
S000093681,Invesco Core Fixed Income ETF,254900MLIL9B3UBH2053,US46127B6011,SEC-NPORT,BBG01W4BX2V4,BBG01W4BX431,GTOC,,,unresolved
S000093682,Invesco Intermediate Municipal ETF,254900WCH4ZNH6J9AE66,US46127B5021,SEC-NPORT,BBG01W4D3F44,BBG01W4D3HW9,INTM,,,unresolved
S000093685,Zacks Quality International ETF,529900G1VN1SHCUZE763,US98888G8814,GLEIF,BBG01WLT4FP6,BBG01WLT4GP4,QUIZ,,,unresolved
S000093824,Leverage Shares 2x Long COST Daily ETF ,529900NOV0P6F4RKEC73,US8829272470,GLEIF,BBG01X7N03P4,BBG01X7N04Q1,COTG,,,unresolved
S000093825,Leverage Shares 2x Long FUTU Daily ETF  ,5299002SJTGG6HXQ1H92,US8829271639,GLEIF,BBG01XVX1B21,BBG01XVX1C74,FUTG,,,unresolved
S000093918,Pacer S&P SmallCap 600 Quality FCF Aristocrats ETF,5299004DNNZ2WSOYQ044,US69374H2206,GLEIF,BBG01WYPLHW9,BBG01WYPLJT9,SCOW,,,unresolved
S000093919,Pacer S&P MidCap 400 Quality FCF Aristocrats ETF,52990041QMAQNY53Y188,US69374H2123,GLEIF,BBG01WYPKWZ4,BBG01WYPKXW5,MCOW,,,unresolved
S000093924,PGIM Corporate Bond 0-5 Year ETF,529900FOCAPT3GN1O867,US69344A7506,SEC-NPORT,BBG01W9DY7D3,BBG01W9DY887,PCS,,,unresolved
S000093925,PGIM Corporate Bond 5-10 Year ETF,529900047IV4FYTVWU33,US69344A7431,SEC-NPORT,BBG01W9CLRG2,BBG01W9CLSX1,PCI,,,unresolved
S000094298,Bitwise Ethereum Option Income Strategy ETF,529900L1FKMKT5U3SD92,US0917488712,GLEIF,,,,,,unresolved
S000094312,Lazard Listed Infrastructure ETF,529900RR235J0PHH3565,US52110K6082,GLEIF,BBG01XNL2VV9,BBG01XNL2WV7,GLIX,,,unresolved
S000094313,Lazard US Systematic Small Cap Equity ETF,5299009UH7IB7U2VOF34,US52110K7072,GLEIF,BBG01X2M5Y14,BBG01X2M5YX9,SYZ,,,unresolved
S000094325,abrdn Ultra Short Municipal Income Active ETF,213800G1AY3D4FPHD177,US0030222741,SEC-NPORT,BBG01XLCVNG4,BBG01XLCVPD2,AMUN,,,unresolved
S000094633,Equable Shares Hedged Equity ETF,529900TR4SAFFGMZWE49,US81752T4114,SEC-NPORT,BBG01XV8TXF4,BBG01XV8TYC5,HEDG,,,unresolved
S000094663,Prospera Income ETF,5299003FQ43X8A0PL038,US88588B1008,GLEIF,BBG01WYPRFM8,BBG01WYPRGK8,THRV,,,unresolved
S000094780,GMO Domestic Resilience ETF,254900MQ03GJF6UC3H14,US90139K8606,SEC-NPORT,BBG01XFD7L43,BBG01XFD7M87,DRES,,,unresolved
S000094783,GMO Ultra-Short Income ETF,254900030N0272VXDN66,US90139K8861,SEC-NPORT,BBG01Y3925J7,BBG01Y3926Y8,GMOC,,,unresolved
S000094786,Bitwise CRCL Option Income Strategy ETF,529900HD43Z6CO569U78,US0917488894,GLEIF,,,,,,unresolved
S000094807,Angel Oak Total Return ETF,254900SIDCUM9VBX4984,US03463K7292,SEC-NPORT,BBG01XBJDC83,BBG01XBJDD72,TRBF,,,unresolved
S000095440,Nationwide Large Cap Equity Portfolio,254900XM3S4UXO25BH08,US63868D5639,SEC-NPORT,,,,,,unresolved
S000095480,Nuveen International Aggregate Bond ETF,254900I1FK6BLIV8RX55,US67092P6723,SEC-NPORT,BBG01XG2Z8S8,BBG01XG2ZB65,NXUS,,,unresolved
S000095495,Defiance Drone and Modern Warfare ETF,529900VR4RCOVTARFC14,US26922B3942,GLEIF,BBG01XK7F742,BBG01XK7F8M0,JEDI,,,unresolved
S000095582,Innovator Equity Dual Directional 10 Buffer ETF - October,529900ZRYQ69GT4PM562,US45784N4943,GLEIF,BBG01XK58WD9,BBG01XK58XC8,DDTO,,,unresolved
S000095583,Innovator Equity Dual Directional 10 Buffer ETF - November,529900KM58IW2LN5ZA75,US45784N4604,GLEIF,BBG01Y77WMG0,BBG01Y77WND1,DDTN,,,unresolved
S000095591,Innovator Equity Dual Directional 15 Buffer ETF - October,529900FGQ3U6PXYL7X58,US45784N5288,GLEIF,BBG01XK5GPP2,BBG01XK5GR41,DDFO,,,unresolved
S000095592,Innovator Equity Dual Directional 15 Buffer ETF - November,529900YQYF6JHK6IVA57,US45784N4521,GLEIF,BBG01Y787XB7,BBG01Y787YC4,DDFN,,,unresolved
S000095754,REX CRWV Growth & Income ETF,5299002M6IJ0FKN3ML21,US7615627012,GLEIF,,,,,,unresolved
S000095758,REX HOOD Growth & Income ETF,52990060AKFU8864GG73,US7615628838,GLEIF,,,,,,unresolved
S000095763,REX LLY Growth & Income ETF,52990091FDNAY3OOTY82,US7615628002,GLEIF,,,,,,unresolved
S000095770,REX PLTR Growth & Income ETF,529900VMR9F3L7KZ4J84,US7615626022,GLEIF,,,,,,unresolved
S000095780,REX WMT Growth & Income ETF,5299001RN78C0735BH77,US7615628754,GLEIF,BBG01XT02RQ4,BBG01XT02V30,WMTI,,,unresolved
S000095795,Founders 100 ETF,529900HKA2AM969HK466,US3509331076,GLEIF,BBG01YVQ5X22,BBG01YVQ5Y02,FFF,,,unresolved
S000095810,REX Drone ETF,529900ZK5JZRV9JDMB68,US7615625032,GLEIF,BBG01Y2DLZL9,BBG01Y2DM0L5,DRNZ,,,unresolved
S000095835,AAM Crescent CLO ETF,529900049VWGWJNCTQ69,US2689618443,GLEIF,BBG01Y2K1T66,BBG01Y2K1VF1,CLOC,,,unresolved
S000095934,Global X U.S. Natural Gas ETF,529900RODO5JXMF9TA29,US37960A1723,GLEIF,BBG01Y4J8L30,BBG01Y4J8M01,LNGX,,,unresolved
S000096102,REX IncomeMax Option Strategy ETF ,5299008H38XHO9JHQB68,US7615628671,GLEIF,BBG01Y8KS1M4,BBG01Y8KS2S6,ULTI,,,unresolved
S000096483,Baron SMID Cap ETF,2549006YVZXKWHJBN454,US06829D3052,SEC-NPORT,BBG01YZBGDS5,BBG01YZBGFR1,BCSM,,,unresolved
S000096484,Baron Financials ETF,2549005ZN6SJ0GRLFQ55,US06829D4043,SEC-NPORT,BBG01YZBRJJ0,BBG01YZBRKL4,BCFN,,,unresolved
S000096485,Baron Technology ETF,254900HD10H2BKS8E897,US06829D5032,SEC-NPORT,BBG01YZB6ZB5,BBG01YZB7076,BCTK,,,unresolved
S000096555,21Shares 2x Long Dogecoin ETF,529900427I3HMCFVFT88,US53656G1756,GLEIF,BBG01YGPVCM6,BBG01YGPVDL5,TXXD,,,unresolved
S000097279,Franklin Small Cap Enhanced ETF,254900JW15936FDJK336,US35473P3221,SEC-NPORT,BBG01YT32YM5,BBG01YT32ZK4,FSML,,,unresolved
S000097287,NEOS MLP & Energy Infrastructure High Income ETF,529900ERO92OVP4RZQ20,US78433H4855,GLEIF,BBG01YZ97FJ5,BBG01YZ97GF7,MLPI,,,unresolved
S000097595,NEOS Long/Short Equity Income ETF,5299008JUV33ATSEA424,US78433H4772,GLEIF,BBG01YVQ0DJ3,BBG01YVQ0FG1,NLSI,,,unresolved
S000097905,Kensington Credit Opportunities ETF,529900DIUB327KB3RM83,US56167R8209,SEC-NPORT,BBG01Z2FCCL2,BBG01Z2FCDH5,KAMO,,,unresolved
S000099690,Gabelli Opportunities in Live and Sports ETF,254900E735CLE9ERP370,US36261K8898,SEC-NPORT,BBG01Z31Q1J4,BBG01Z31Q2G5,GOLS,,,unresolved
